1,1,8.6218 
1,2,-0.9319 
2,1,9.6093 
2,2,-1.8085 
3,1,7.1738 
3,2,0.6084 
4,1,9.924 
4,2,1.232 
5,1,9.4324 
5,2,0.2153 
6,1,5.7321 
6,2,1.0099 
7,1,8.225 
7,2,-0.4363 
8,1,7.6015 
8,2,-0.4707 
9,1,8.318 
9,2,0.2251 
10,1,7.8499 
10,2,-1.9693 
11,1,8.5896 
11,2,0.3097 
12,1,7.2675 
12,2,0.8367 
13,1,7.7514 
13,2,-0.1343 
14,1,7.871 
14,2,-1.5064 
15,1,7.7239 
15,2,-0.8916 
16,1,6.241 
16,2,1.3739 
17,1,7.0857 
17,2,-0.0864 
18,1,9.3018 
18,2,0.9868 
19,1,8.745 
19,2,-0.2701 
20,1,7.4981 
20,2,-1.1456 
21,1,8.954 
21,2,0.3627 
22,1,7.5325 
22,2,0.5481 
23,1,8.3259 
23,2,-0.2812 
24,1,7.1902 
24,2,-0.5352 
25,1,6.8526 
25,2,0.8548 
26,1,8.2385 
26,2,-0.4268 
27,1,5.9657 
27,2,1.2401 
28,1,9.1681 
28,2,0.1486 
29,1,9.1255 
29,2,-2.1436 
30,1,8.7114 
30,2,-0.7038 
31,1,9.0658 
31,2,1.3619 
32,1,8.0278 
32,2,1.2963 
33,1,8.5945 
33,2,1.519 
34,1,7.9213 
34,2,-0.8542 
35,1,8.1583 
35,2,-0.2143 
36,1,6.3027 
36,2,-0.3237 
37,1,9.8082 
37,2,0.1597 
38,1,7.284 
38,2,0.4178 
39,1,7.5713 
39,2,-0.8378 
40,1,9.2199 
40,2,1.5673 
41,1,6.3134 
41,2,1.0807 
42,1,7.8928 
42,2,2.4539 
43,1,6.6507 
43,2,0.9075 
44,1,7.472 
44,2,0.7573 
45,1,6.8555 
45,2,1.33 
46,1,7.8068 
46,2,-0.3184 
47,1,7.853 
47,2,-0.082 
48,1,9.3764 
48,2,-1.0172 
49,1,6.1472 
49,2,1.0434 
50,1,7.1661 
50,2,-0.7925 
51,1,6.2181 
51,2,-0.4885 
52,1,8.5181 
52,2,1.0955 
53,1,7.6862 
53,2,-0.3941 
54,1,8.06 
54,2,-0.5676 
55,1,8.5814 
55,2,0.0691 
56,1,9.3841 
56,2,1.2082 
57,1,9.8969 
57,2,-0.9058 
58,1,8.413 
58,2,0.8121 
59,1,7.0954 
59,2,0.0922 
60,1,8.0526 
60,2,-0.9259 
61,1,7.8749 
61,2,0.0176 
62,1,7.8162 
62,2,0.6879 
63,1,9.9412 
63,2,2.1249 
64,1,8.7442 
64,2,1.1292 
65,1,7.2878 
65,2,0.7823 
66,1,7.1984 
66,2,-0.5756 
67,1,8.6163 
67,2,0.3724 
68,1,7.4549 
68,2,0.9591 
69,1,9.444 
69,2,0.5152 
70,1,8.5927 
70,2,-0.5566 
71,1,6.9463 
71,2,0.0278 
72,1,6.6152 
72,2,1.1735 
73,1,7.9524 
73,2,0.2371 
74,1,9.4699 
74,2,0.2686 
75,1,8.4002 
75,2,-1.8362 
76,1,7.3766 
76,2,0.5366 
77,1,8.9488 
77,2,0.3988 
78,1,8.9584 
78,2,1.3109 
79,1,8.5282 
79,2,0.5854 
80,1,9.4559 
80,2,-2.2434 
81,1,7.9894 
81,2,-0.4245 
82,1,9.7243 
82,2,-0.871 
83,1,6.627 
83,2,1.7866 
84,1,8.6717 
84,2,-0.8577 
85,1,7.6009 
85,2,0.5431 
86,1,8.3568 
86,2,-0.5199 
87,1,7.3211 
87,2,0.4572 
88,1,7.7236 
88,2,0.3967 
89,1,9.4205 
89,2,-1.0561 
90,1,6.5251 
90,2,-0.4105 
91,1,7.8953 
91,2,0.5151 
92,1,9.2288 
92,2,-1.3941 
93,1,6.6127 
93,2,-0.5309 
94,1,9.6405 
94,2,1.5703 
95,1,7.8423 
95,2,0.4414 
96,1,10.2398 
96,2,1.7332 
97,1,9.4506 
97,2,-2.383 
98,1,7.3103 
98,2,-2.4674 
99,1,9.1271 
99,2,0.2398 
100,1,9.025 
100,2,-0.7205 
101,1,8.8781 
101,2,0.9856 
102,1,8.1108 
102,2,1.1022 
103,1,8.3965 
103,2,2.4608 
104,1,8.0232 
104,2,1.2511 
105,1,5.5922 
105,2,1.2879 
106,1,8.0076 
106,2,-0.5458 
107,1,8.8155 
107,2,2.2224 
108,1,8.3493 
108,2,0.5623 
109,1,8.5098 
109,2,-0.4043 
110,1,7.9372 
110,2,0.6836 
111,1,7.0889 
111,2,0.4506 
112,1,8.7491 
112,2,0.6095 
113,1,7.7697 
113,2,-0.2371 
114,1,7.5648 
114,2,0.2206 
115,1,7.695 
115,2,-0.9337 
116,1,8.852 
116,2,0.1729 
117,1,7.5772 
117,2,-2.1669 
118,1,7.4932 
118,2,-1.8451 
119,1,10.5078 
119,2,0.4967 
120,1,9.3476 
120,2,0.8466 
121,1,7.097 
121,2,0.6606 
122,1,8.5244 
122,2,-0.1131 
123,1,8.4342 
123,2,1.779 
124,1,8.8767 
124,2,-1.694 
125,1,7.555 
125,2,-0.1802 
126,1,6.5575 
126,2,-0.5257 
127,1,7.3244 
127,2,1.1429 
128,1,8.2909 
128,2,-0.9506 
129,1,7.4687 
129,2,0.078 
130,1,7.6949 
130,2,-0.0695 
131,1,7.2361 
131,2,0.2092 
132,1,8.3944 
132,2,-0.0482 
133,1,9.0713 
133,2,-0.673 
134,1,7.741 
134,2,0.7748 
135,1,7.8024 
135,2,0.7458 
136,1,8.6518 
136,2,0.222 
137,1,9.4353 
137,2,-0.4523 
138,1,8.8868 
138,2,0.3628 
139,1,8.0221 
139,2,1.2017 
140,1,9.0177 
140,2,1.2616 
141,1,9.0229 
141,2,-0.4588 
142,1,7.5179 
142,2,2.0691 
143,1,7.287 
143,2,1.7077 
144,1,8.6205 
144,2,-0.0964 
145,1,9.0132 
145,2,1.0206 
146,1,7.4416 
146,2,2.0725 
147,1,8.8974 
147,2,0.3658 
148,1,7.9598 
148,2,1.6367 
149,1,8.4463 
149,2,-1.7114 
150,1,7.0821 
150,2,-0.3624 
151,1,6.6056 
151,2,-0.1524 
152,1,7.9436 
152,2,-1.7651 
153,1,7.2291 
153,2,2.2594 
154,1,7.7182 
154,2,0.008 
155,1,7.4748 
155,2,-0.6678 
156,1,7.5529 
156,2,1.223 
157,1,8.9807 
157,2,-0.3956 
158,1,8.0096 
158,2,-1.7209 
159,1,7.6685 
159,2,-1.3466 
160,1,7.2945 
160,2,1.4292 
161,1,9.2702 
161,2,0.049 
162,1,6.7569 
162,2,-0.9447 
163,1,6.5193 
163,2,-1.3773 
164,1,7.6684 
164,2,-0.1912 
165,1,7.1397 
165,2,1.0404 
166,1,7.3113 
166,2,0.9282 
167,1,7.1453 
167,2,-1.568 
168,1,9.5434 
168,2,0.8355 
169,1,9.5583 
169,2,-0.4887 
170,1,6.364 
170,2,-0.7678 
171,1,8.9508 
171,2,-0.1159 
172,1,8.6606 
172,2,1.2452 
173,1,8.6053 
173,2,0.6348 
174,1,9.198 
174,2,-0.1206 
175,1,7.3104 
175,2,-0.2535 
176,1,8.1353 
176,2,0.1468 
177,1,8.034 
177,2,0.545 
178,1,7.1478 
178,2,2.1499 
179,1,9.9648 
179,2,-0.0368 
180,1,7.522 
180,2,0.1331 
181,1,7.5341 
181,2,-2.1942 
182,1,7.0612 
182,2,-0.2536 
183,1,7.0318 
183,2,-2.0886 
184,1,8.1433 
184,2,2.1751 
185,1,5.7092 
185,2,1.2935 
186,1,7.0782 
186,2,0.2595 
187,1,6.181 
187,2,0.8802 
188,1,8.9434 
188,2,-0.2468 
189,1,8.8788 
189,2,-1.3016 
190,1,7.818 
190,2,-0.7598 
191,1,8.6232 
191,2,-1.3205 
192,1,7.7543 
192,2,1.5553 
193,1,6.9923 
193,2,-0.5777 
194,1,8.8135 
194,2,-0.0012 
195,1,6.4124 
195,2,-0.2357 
196,1,6.4905 
196,2,0.7844 
197,1,7.3236 
197,2,1.1079 
198,1,6.5225 
198,2,1.3054 
199,1,7.4254 
199,2,0.6047 
200,1,7.4863 
200,2,-1.4129 
201,1,8.6159 
201,2,1.844 
202,1,7.9778 
202,2,0.2991 
203,1,8.2702 
203,2,1.2978 
204,1,6.9387 
204,2,0.8 
205,1,8.0474 
205,2,0.1062 
206,1,9.2506 
206,2,1.1262 
207,1,6.867 
207,2,-0.7845 
208,1,9.4555 
208,2,0.6935 
209,1,8.3216 
209,2,-0.5002 
210,1,9.0071 
210,2,1.6966 
211,1,8.5789 
211,2,-0.1716 
212,1,6.726 
212,2,-0.7494 
213,1,8.9272 
213,2,-0.4197 
214,1,6.7608 
214,2,-0.3047 
215,1,8.7594 
215,2,-0.1256 
216,1,10.3029 
216,2,-0.3925 
217,1,8.7576 
217,2,-0.2058 
218,1,6.9381 
218,2,-0.8048 
219,1,7.1537 
219,2,0.9314 
220,1,7.8414 
220,2,0.0173 
221,1,8.5416 
221,2,0.9897 
222,1,10.6398 
222,2,1.7288 
223,1,8.0902 
223,2,0.0309 
224,1,6.2877 
224,2,0.5084 
225,1,9.0014 
225,2,-0.3796 
226,1,9.2598 
226,2,1.5983 
227,1,7.616 
227,2,-0.4851 
228,1,9.8097 
228,2,-1.3062 
229,1,7.2783 
229,2,0.5329 
230,1,6.5438 
230,2,0.1788 
231,1,8.1963 
231,2,-0.293 
232,1,7.4868 
232,2,-0.7102 
233,1,9.2063 
233,2,1.0541 
234,1,7.965 
234,2,-0.2123 
235,1,7.8862 
235,2,1.2117 
236,1,7.9118 
236,2,0.9629 
237,1,7.0817 
237,2,-1.1763 
238,1,7.884 
238,2,0.3409 
239,1,6.7236 
239,2,-0.5461 
240,1,9.4897 
240,2,0.198 
241,1,6.6886 
241,2,-1.3842 
242,1,8.064 
242,2,0.6427 
243,1,8.5179 
243,2,-0.1156 
244,1,6.116 
244,2,0.894 
245,1,7.4054 
245,2,-0.7671 
246,1,9.066 
246,2,-1.4177 
247,1,7.8147 
247,2,0.9317 
248,1,9.454 
248,2,0.2058 
249,1,7.0784 
249,2,0.2085 
250,1,9.8284 
250,2,0.0543 
251,1,6.1816 
251,2,-0.2588 
252,1,8.4157 
252,2,-0.5746 
253,1,7.382 
253,2,0.3682 
254,1,7.0687 
254,2,-0.1337 
255,1,7.3899 
255,2,-0.267 
256,1,9.3288 
256,2,1.9926 
257,1,7.9729 
257,2,-0.0224 
258,1,6.2951 
258,2,-1.211 
259,1,7.454 
259,2,0.6464 
260,1,9.0834 
260,2,-1.0314 
261,1,9.2681 
261,2,1.2006 
262,1,6.9741 
262,2,2.0118 
263,1,8.5723 
263,2,-0.1384 
264,1,8.9349 
264,2,0.1061 
265,1,8.7272 
265,2,-0.2677 
266,1,6.7878 
266,2,0.4046 
267,1,7.7219 
267,2,-1.2302 
268,1,7.0571 
268,2,0.6216 
269,1,8.4032 
269,2,-1.3082 
270,1,5.5293 
270,2,-1.0446 
271,1,6.9028 
271,2,1.6571 
272,1,9.4663 
272,2,0.266 
273,1,6.9027 
273,2,-0.8328 
274,1,8.0363 
274,2,2.2183 
275,1,8.6287 
275,2,0.4659 
276,1,7.4794 
276,2,-1.1243 
277,1,5.5045 
277,2,0.524 
278,1,9.5458 
278,2,0.571 
279,1,7.1068 
279,2,0.8769 
280,1,7.3129 
280,2,0.9135 
281,1,8.4962 
281,2,1.1755 
282,1,9.4556 
282,2,-0.8174 
283,1,7.3498 
283,2,0.9289 
284,1,7.1183 
284,2,-0.8011 
285,1,4.9531 
285,2,-1.5227 
286,1,8.4676 
286,2,-1.0576 
287,1,8.26 
287,2,2.2618 
288,1,7.9322 
288,2,-1.1411 
289,1,8.6588 
289,2,0.3931 
290,1,8.2376 
290,2,-1.6524 
291,1,8.4606 
291,2,-0.2728 
292,1,7.8316 
292,2,-4.0862 
293,1,9.4955 
293,2,0.3266 
294,1,7.4317 
294,2,0.3035 
295,1,6.0558 
295,2,-0.3528 
296,1,8.4379 
296,2,0.4379 
297,1,7.1747 
297,2,-1.028 
298,1,6.9258 
298,2,0.1583 
299,1,7.2953 
299,2,1.0431 
300,1,7.2129 
300,2,0.4814 
301,1,7.4673 
301,2,1.4201 
302,1,7.5248 
302,2,-0.1162 
303,1,8.5666 
303,2,0.7645 
304,1,7.5174 
304,2,-0.3125 
305,1,8.9452 
305,2,-0.152 
306,1,10.8206 
306,2,-1.135 
307,1,8.981 
307,2,-0.4435 
308,1,8.2627 
308,2,-0.862 
309,1,8.9784 
309,2,0.9358 
310,1,7.8827 
310,2,0.6269 
311,1,8.8959 
311,2,-0.5067 
312,1,7.5286 
312,2,1.246 
313,1,7.6252 
313,2,-0.8282 
314,1,7.2729 
314,2,1.2745 
315,1,8.8414 
315,2,1.5122 
316,1,7.425 
316,2,-0.9133 
317,1,7.2101 
317,2,0.5898 
318,1,5.912 
318,2,-0.5967 
319,1,7.267 
319,2,-1.1569 
320,1,7.5183 
320,2,1.1791 
321,1,6.2378 
321,2,-0.8551 
322,1,10.2032 
322,2,0.5399 
323,1,8.7717 
323,2,0.5995 
324,1,8.4837 
324,2,1.2157 
325,1,8.0853 
325,2,0.0663 
326,1,8.3338 
326,2,-1.578 
327,1,6.2024 
327,2,-0.6253 
328,1,6.8525 
328,2,0.912 
329,1,8.3659 
329,2,0.0871 
330,1,8.1056 
330,2,-0.4701 
331,1,9.617 
331,2,0.317 
332,1,7.7148 
332,2,0.7484 
333,1,8.1961 
333,2,-0.5572 
334,1,6.9387 
334,2,-0.492 
335,1,8.8212 
335,2,-0.8754 
336,1,9.501 
336,2,-0.1715 
337,1,9.0142 
337,2,0.1618 
338,1,8.3101 
338,2,0.2252 
339,1,7.8246 
339,2,1.2652 
340,1,6.8265 
340,2,-1.5275 
341,1,7.2231 
341,2,-0.626 
342,1,8.0303 
342,2,0.8514 
343,1,5.5944 
343,2,-0.674 
344,1,7.7427 
344,2,0.6085 
345,1,9.2819 
345,2,1.6629 
346,1,7.7852 
346,2,-0.3685 
347,1,8.4309 
347,2,-0.5584 
348,1,6.8845 
348,2,-0.1697 
349,1,6.0494 
349,2,-0.0257 
350,1,10.1092 
350,2,1.3321 
351,1,4.9004 
351,2,1.0152 
352,1,7.3095 
352,2,-0.0642 
353,1,6.9697 
353,2,0.9202 
354,1,7.0221 
354,2,0.5786 
355,1,7.5767 
355,2,0.3927 
356,1,8.356 
356,2,0.601 
357,1,8.6369 
357,2,0.6227 
358,1,6.8553 
358,2,0.9432 
359,1,7.3404 
359,2,0.4258 
360,1,8.4684 
360,2,1.3462 
361,1,8.6875 
361,2,-1.2059 
362,1,10.1885 
362,2,-0.1697 
363,1,7.5958 
363,2,-0.7127 
364,1,8.5448 
364,2,-1.5174 
365,1,7.9278 
365,2,0.463 
366,1,8.0797 
366,2,-0.3584 
367,1,7.9025 
367,2,-0.0849 
368,1,7.5176 
368,2,-1.1897 
369,1,7.8397 
369,2,-1.0791 
370,1,8.5591 
370,2,-1.1708 
371,1,8.5249 
371,2,-0.3183 
372,1,7.0116 
372,2,-0.2145 
373,1,8.0721 
373,2,-0.2354 
374,1,7.4688 
374,2,0.7052 
375,1,7.7507 
375,2,-1.2713 
376,1,8.4548 
376,2,-1.5262 
377,1,7.7338 
377,2,-0.5864 
378,1,9.0084 
378,2,0.0746 
379,1,9.819 
379,2,-0.2509 
380,1,8.3531 
380,2,-1.4189 
381,1,7.7679 
381,2,-0.3831 
382,1,9.0073 
382,2,-1.1271 
383,1,8.0531 
383,2,-0.7986 
384,1,6.7387 
384,2,0.3371 
385,1,8.6076 
385,2,-0.2105 
386,1,6.9098 
386,2,-1.7216 
387,1,9.1251 
387,2,0.2242 
388,1,7.4806 
388,2,-0.0606 
389,1,8.8263 
389,2,0.5154 
390,1,8.0391 
390,2,-0.5522 
391,1,6.2539 
391,2,0.5677 
392,1,9.7932 
392,2,0.239 
393,1,8.0343 
393,2,-0.912 
394,1,7.9362 
394,2,-2.2 
395,1,8.655 
395,2,0.1221 
396,1,7.6666 
396,2,-1.8356 
397,1,7.7066 
397,2,0.2583 
398,1,7.0394 
398,2,1.4211 
399,1,7.6594 
399,2,0.4435 
400,1,9.2539 
400,2,-0.4214 
401,1,8.3445 
401,2,1.948 
402,1,7.5357 
402,2,-0.974 
403,1,9.3713 
403,2,-1.4061 
404,1,7.1227 
404,2,0.4518 
405,1,7.1541 
405,2,0.1275 
406,1,8.6239 
406,2,-1.38 
407,1,6.87 
407,2,0.4499 
408,1,7.1286 
408,2,-0.6897 
409,1,6.9467 
409,2,-0.1314 
410,1,7.7557 
410,2,0.1554 
411,1,8.4387 
411,2,0.2915 
412,1,7.7836 
412,2,1.0895 
413,1,7.0463 
413,2,0.1574 
414,1,8.2152 
414,2,-2.4835 
415,1,8.7674 
415,2,-0.5168 
416,1,8.43 
416,2,-0.2279 
417,1,6.8688 
417,2,-0.5991 
418,1,6.2815 
418,2,0.8659 
419,1,6.4854 
419,2,-0.7681 
420,1,9.1587 
420,2,-0.1972 
421,1,6.7868 
421,2,-1.8618 
422,1,9.6915 
422,2,-0.1318 
423,1,9.0668 
423,2,0.4898 
424,1,8.5122 
424,2,2.4619 
425,1,6.036 
425,2,1.5054 
426,1,8.7864 
426,2,-0.5791 
427,1,8.1162 
427,2,-1.2474 
428,1,7.6764 
428,2,-1.297 
429,1,9.325 
429,2,-0.271 
430,1,8.7413 
430,2,-0.4402 
431,1,7.39 
431,2,-1.0356 
432,1,7.4153 
432,2,0.7017 
433,1,6.3085 
433,2,-1.4667 
434,1,5.3422 
434,2,0.2483 
435,1,8.0868 
435,2,0.0352 
436,1,8.0007 
436,2,0.1715 
437,1,8.2903 
437,2,0.6607 
438,1,8.3087 
438,2,0.3707 
439,1,8.3563 
439,2,-1.4105 
440,1,8.6122 
440,2,-0.364 
441,1,8.5169 
441,2,-0.5233 
442,1,7.3534 
442,2,-2.4089 
443,1,9.4735 
443,2,0.4897 
444,1,6.2422 
444,2,-0.1289 
445,1,7.0138 
445,2,1.228 
446,1,8.0636 
446,2,-0.7974 
447,1,7.0769 
447,2,0.7968 
448,1,6.2987 
448,2,-0.5673 
449,1,5.9098 
449,2,-0.5404 
450,1,8.1849 
450,2,0.3879 
451,1,8.0717 
451,2,1.164 
452,1,7.9604 
452,2,-0.6302 
453,1,7.6225 
453,2,-0.8569 
454,1,7.2399 
454,2,-0.9446 
455,1,8.4792 
455,2,0.7397 
456,1,7.478 
456,2,-0.0935 
457,1,8.3357 
457,2,-0.507 
458,1,10.3649 
458,2,-1.5823 
459,1,7.9274 
459,2,1.531 
460,1,8.0694 
460,2,0.6227 
461,1,9.2538 
461,2,0.8855 
462,1,8.6692 
462,2,-0.5907 
463,1,7.9629 
463,2,0.3641 
464,1,8.7028 
464,2,0.854 
465,1,8.6533 
465,2,0.2359 
466,1,8.9494 
466,2,-0.4631 
467,1,9.7522 
467,2,-1.5591 
468,1,8.392 
468,2,-0.1534 
469,1,8.4975 
469,2,1.4307 
470,1,7.6812 
470,2,0.3907 
471,1,8.2613 
471,2,-0.2222 
472,1,8.8319 
472,2,-0.619 
473,1,8.1741 
473,2,-0.3269 
474,1,6.5747 
474,2,1.8764 
475,1,9.6097 
475,2,1.0162 
476,1,7.443 
476,2,-0.7428 
477,1,7.4642 
477,2,0.427 
478,1,7.1852 
478,2,0.9889 
479,1,6.401 
479,2,1.0388 
480,1,8.0632 
480,2,-0.3162 
481,1,7.1785 
481,2,-0.5806 
482,1,7.4998 
482,2,0.484 
483,1,7.996 
483,2,0.7747 
484,1,9.4858 
484,2,1.0295 
485,1,8.0956 
485,2,1.7518 
486,1,6.9337 
486,2,-1.3914 
487,1,9.2237 
487,2,1.0413 
488,1,7.0422 
488,2,1.8885 
489,1,8.3158 
489,2,1.3847 
490,1,8.0579 
490,2,0.1019 
491,1,6.2078 
491,2,0.3002 
492,1,8.0511 
492,2,-0.4185 
493,1,8.0471 
493,2,1.2045 
494,1,8.3039 
494,2,-0.3439 
495,1,7.9013 
495,2,-1.5381 
496,1,7.7056 
496,2,1.0676 
497,1,9.0929 
497,2,0.1213 
498,1,7.4623 
498,2,-0.9786 
499,1,8.5469 
499,2,0.1326 
500,1,8.8748 
500,2,0.3964 
501,1,-0.773 
501,2,7.4156 
502,1,-0.4018 
502,2,8.7969 
503,1,-1.0691 
503,2,7.7969 
504,1,-0.1764 
504,2,7.4058 
505,1,0.8304 
505,2,7.4198 
506,1,-0.6639 
506,2,9.1881 
507,1,-1.1773 
507,2,7.6031 
508,1,0.2889 
508,2,7.128 
509,1,0.1808 
509,2,7.0334 
510,1,1.1001 
510,2,7.0957 
511,1,-0.2015 
511,2,6.7069 
512,1,-0.4546 
512,2,7.8695 
513,1,0.6064 
513,2,7.3847 
514,1,-2.5284 
514,2,9.0071 
515,1,0.4962 
515,2,7.1577 
516,1,-0.838 
516,2,6.2743 
517,1,-0.215 
517,2,7.0812 
518,1,0.3369 
518,2,9.6855 
519,1,0.2316 
519,2,5.4762 
520,1,0.2576 
520,2,7.6559 
521,1,-1.2526 
521,2,8.679 
522,1,-0.7626 
522,2,8.264 
523,1,1.631 
523,2,7.5421 
524,1,0.1407 
524,2,8.0216 
525,1,0.2911 
525,2,8.2753 
526,1,0.2848 
526,2,7.1572 
527,1,-1.4482 
527,2,7.8096 
528,1,0.1841 
528,2,8.6414 
529,1,-2.0794 
529,2,8.1607 
530,1,-1.1325 
530,2,8.2904 
531,1,-0.7141 
531,2,7.3855 
532,1,0.4531 
532,2,6.3243 
533,1,-1.3976 
533,2,7.9078 
534,1,0.1863 
534,2,8.6546 
535,1,1.9243 
535,2,6.8682 
536,1,0.3662 
536,2,7.9786 
537,1,-0.1954 
537,2,7.6016 
538,1,0.6783 
538,2,7.8836 
539,1,1.4508 
539,2,8.474 
540,1,-0.0629 
540,2,8.9374 
541,1,0.2373 
541,2,8.5498 
542,1,0.0429 
542,2,7.5533 
543,1,-0.6911 
543,2,8.8571 
544,1,1.6535 
544,2,6.2327 
545,1,0.8888 
545,2,9.0725 
546,1,-0.8037 
546,2,9.9573 
547,1,-0.7304 
547,2,9.1668 
548,1,0.4554 
548,2,7.4546 
549,1,-0.8651 
549,2,6.1592 
550,1,-0.3852 
550,2,7.6959 
551,1,-0.5701 
551,2,9.6176 
552,1,-0.2619 
552,2,7.2099 
553,1,-0.6022 
553,2,7.7997 
554,1,-0.016 
554,2,8.0217 
555,1,-0.2739 
555,2,7.2834 
556,1,-0.1189 
556,2,7.736 
557,1,-0.7416 
557,2,8.8537 
558,1,0.5656 
558,2,7.8806 
559,1,1.7116 
559,2,7.4036 
560,1,-1.0316 
560,2,8.4593 
561,1,0.5222 
561,2,6.6263 
562,1,-0.039 
562,2,8.4992 
563,1,-2.0205 
563,2,9.0176 
564,1,-0.8148 
564,2,8.0136 
565,1,-1.0893 
565,2,7.5914 
566,1,-2.4304 
566,2,6.4661 
567,1,-0.318 
567,2,7.5733 
568,1,0.4518 
568,2,6.3716 
569,1,0.6136 
569,2,7.9635 
570,1,0.5947 
570,2,8.0405 
571,1,0.7436 
571,2,9.3338 
572,1,0.2861 
572,2,8.0116 
573,1,1.4018 
573,2,8.3111 
574,1,-0.6397 
574,2,7.777 
575,1,0.0905 
575,2,9.1419 
576,1,-1.3297 
576,2,7.3494 
577,1,0.1418 
577,2,7.9725 
578,1,0.4863 
578,2,7.8557 
579,1,-0.1748 
579,2,9.694 
580,1,1.5469 
580,2,8.0817 
581,1,-1.576 
581,2,6.5845 
582,1,0.2573 
582,2,7.6496 
583,1,-0.5499 
583,2,7.9186 
584,1,-0.8408 
584,2,7.6012 
585,1,-0.7947 
585,2,7.7158 
586,1,-0.2365 
586,2,7.985 
587,1,-2.0381 
587,2,9.6658 
588,1,-0.7582 
588,2,7.9529 
589,1,-1.1365 
589,2,6.4385 
590,1,-0.3646 
590,2,8.8776 
591,1,-0.2878 
591,2,7.2753 
592,1,-0.103 
592,2,8.6558 
593,1,-0.1389 
593,2,9.0236 
594,1,0.5216 
594,2,8.9111 
595,1,-0.1484 
595,2,8.2191 
596,1,0.8873 
596,2,9.8386 
597,1,-2.1767 
597,2,8.9006 
598,1,-1.218 
598,2,7.4624 
599,1,1.3746 
599,2,7.5932 
600,1,0.5335 
600,2,6.8706 
601,1,0.8711 
601,2,7.0943 
602,1,0.1891 
602,2,5.8146 
603,1,0.9514 
603,2,7.7454 
604,1,-0.8441 
604,2,9.3043 
605,1,0.0088 
605,2,8.9486 
606,1,0.3353 
606,2,7.0281 
607,1,0.8232 
607,2,6.1931 
608,1,2.1561 
608,2,9.4779 
609,1,-0.2961 
609,2,9.3733 
610,1,-0.2749 
610,2,8.2144 
611,1,0.3148 
611,2,7.8701 
612,1,-1.2543 
612,2,9.3682 
613,1,-0.4905 
613,2,9.0215 
614,1,-0.9361 
614,2,8.6302 
615,1,0.4492 
615,2,8.0452 
616,1,0.9724 
616,2,6.4569 
617,1,-2.2264 
617,2,8.69 
618,1,1.1519 
618,2,7.9557 
619,1,-0.1651 
619,2,7.2559 
620,1,-1.3467 
620,2,6.3616 
621,1,0.1177 
621,2,6.4384 
622,1,-0.5189 
622,2,7.68 
623,1,-1.5901 
623,2,7.8423 
624,1,-1.2248 
624,2,7.1397 
625,1,-0.2014 
625,2,9.3545 
626,1,0.0974 
626,2,8.737 
627,1,-0.6878 
627,2,6.6962 
628,1,1.0175 
628,2,8.6214 
629,1,0.2077 
629,2,6.557 
630,1,-1.5332 
630,2,7.9632 
631,1,-0.1457 
631,2,7.7599 
632,1,-0.2719 
632,2,6.9021 
633,1,-0.9828 
633,2,9.4739 
634,1,-0.7336 
634,2,9.9927 
635,1,-1.643 
635,2,7.3079 
636,1,-0.4191 
636,2,8.1079 
637,1,0.0725 
637,2,9.799 
638,1,0.1272 
638,2,7.994 
639,1,-0.3063 
639,2,7.3907 
640,1,2.724 
640,2,5.9588 
641,1,-1.0899 
641,2,9.9056 
642,1,0.8485 
642,2,8.2612 
643,1,-2.0027 
643,2,8.0605 
644,1,-0.4819 
644,2,8.1646 
645,1,1.1752 
645,2,8.8286 
646,1,0.5903 
646,2,7.8099 
647,1,-1.0559 
647,2,7.0885 
648,1,-1.3619 
648,2,8.204 
649,1,1.7541 
649,2,8.7009 
650,1,2.8985 
650,2,8.0366 
651,1,1.8335 
651,2,8.202 
652,1,-0.4372 
652,2,7.3704 
653,1,0.4356 
653,2,7.1642 
654,1,-1.1246 
654,2,7.9384 
655,1,0.8182 
655,2,6.9853 
656,1,-1.3184 
656,2,6.1941 
657,1,0.6504 
657,2,9.4213 
658,1,2.0167 
658,2,7.502 
659,1,-0.1529 
659,2,7.5373 
660,1,-0.1648 
660,2,8.5301 
661,1,-1.0255 
661,2,9.1623 
662,1,1.0174 
662,2,10.1959 
663,1,-0.125 
663,2,9.4653 
664,1,-1.2883 
664,2,9.6711 
665,1,0.2553 
665,2,7.7408 
666,1,1.1676 
666,2,7.4312 
667,1,-0.5087 
667,2,6.7532 
668,1,1.267 
668,2,7.8961 
669,1,1.777 
669,2,8.3664 
670,1,0.6248 
670,2,7.5049 
671,1,2.2279 
671,2,5.8715 
672,1,-0.5335 
672,2,8.4545 
673,1,-1.3899 
673,2,7.2327 
674,1,-2.0146 
674,2,7.4082 
675,1,-0.421 
675,2,7.4822 
676,1,1.409 
676,2,9.1102 
677,1,-0.3647 
677,2,7.2061 
678,1,1.6233 
678,2,7.0614 
679,1,-0.2661 
679,2,8.623 
680,1,0.3727 
680,2,7.3993 
681,1,-0.3779 
681,2,8.1342 
682,1,0.8604 
682,2,6.2029 
683,1,-0.1191 
683,2,7.3369 
684,1,0.1261 
684,2,6.9274 
685,1,-1.036 
685,2,7.7719 
686,1,-0.1404 
686,2,6.8342 
687,1,-0.7003 
687,2,9.2463 
688,1,2.5986 
688,2,8.9194 
689,1,-2.1763 
689,2,6.3915 
690,1,-0.0962 
690,2,9.1014 
691,1,-0.8239 
691,2,8.2726 
692,1,0.4843 
692,2,8.1894 
693,1,-1.3845 
693,2,8.0365 
694,1,-1.4128 
694,2,8.3968 
695,1,0.1675 
695,2,7.8596 
696,1,0.1819 
696,2,7.8615 
697,1,-0.4019 
697,2,7.411 
698,1,0.2539 
698,2,7.5131 
699,1,1.2745 
699,2,7.2345 
700,1,-0.5937 
700,2,7.9001 
701,1,-1.3229 
701,2,5.8804 
702,1,-0.9711 
702,2,8.5522 
703,1,-0.1004 
703,2,6.6643 
704,1,-0.4779 
704,2,9.0458 
705,1,0.2957 
705,2,7.7156 
706,1,-1.1065 
706,2,7.8035 
707,1,-1.077 
707,2,6.8196 
708,1,-1.1594 
708,2,7.325 
709,1,-0.0838 
709,2,9.1306 
710,1,-1.0677 
710,2,10.1609 
711,1,-1.0568 
711,2,6.2099 
712,1,-1.7254 
712,2,6.7117 
713,1,-0.5248 
713,2,10.5362 
714,1,1.3635 
714,2,7.3726 
715,1,-0.7763 
715,2,8.045 
716,1,-0.9221 
716,2,8.4439 
717,1,-1.0824 
717,2,7.0079 
718,1,-0.8049 
718,2,7.4643 
719,1,2.7616 
719,2,9.9502 
720,1,-0.6538 
720,2,9.3603 
721,1,-0.6261 
721,2,8.8491 
722,1,-0.2338 
722,2,7.2458 
723,1,-0.8386 
723,2,8.5385 
724,1,-1.1034 
724,2,8.2511 
725,1,-0.3434 
725,2,8.6306 
726,1,-0.2686 
726,2,8.1638 
727,1,0.5957 
727,2,6.5425 
728,1,-0.3402 
728,2,6.3863 
729,1,-0.2356 
729,2,8.0922 
730,1,0.6996 
730,2,9.6771 
731,1,-1.496 
731,2,7.7144 
732,1,-0.8548 
732,2,9.3553 
733,1,-1.6172 
733,2,5.3972 
734,1,1.6537 
734,2,8.3111 
735,1,-2.9079 
735,2,7.465 
736,1,-0.7688 
736,2,6.5222 
737,1,0.3113 
737,2,8.2964 
738,1,-0.0631 
738,2,8.4258 
739,1,-1.1091 
739,2,7.4146 
740,1,-0.049 
740,2,9.0865 
741,1,-0.0283 
741,2,6.6614 
742,1,-1.307 
742,2,7.5785 
743,1,1.4927 
743,2,6.557 
744,1,-0.3962 
744,2,8.6152 
745,1,-0.7583 
745,2,8.1279 
746,1,0.4095 
746,2,7.768 
747,1,-0.2043 
747,2,8.045 
748,1,-0.5084 
748,2,9.9974 
749,1,-1.093 
749,2,6.8869 
750,1,0.2541 
750,2,8.8553 
751,1,0.0303 
751,2,9.2239 
752,1,0.612 
752,2,9.952 
753,1,0.2992 
753,2,6.7736 
754,1,0.025 
754,2,7.5763 
755,1,2.2358 
755,2,7.1967 
756,1,-0.9455 
756,2,6.8297 
757,1,-0.0018 
757,2,8.0028 
758,1,-1.3258 
758,2,7.8025 
759,1,0.091 
759,2,8.12 
760,1,0.0488 
760,2,8.7295 
761,1,-0.9419 
761,2,8.7073 
762,1,-1.1793 
762,2,8.2439 
763,1,0.2517 
763,2,5.6136 
764,1,-0.0977 
764,2,7.4789 
765,1,-1.8628 
765,2,9.0637 
766,1,0.1183 
766,2,8.0956 
767,1,0.7173 
767,2,7.149 
768,1,0.4467 
768,2,6.602 
769,1,0.6834 
769,2,8.2889 
770,1,-0.9981 
770,2,7.855 
771,1,0.8545 
771,2,7.5798 
772,1,-0.5183 
772,2,8.4351 
773,1,1.8773 
773,2,6.9908 
774,1,1.2638 
774,2,6.7033 
775,1,0.1256 
775,2,5.5984 
776,1,0.916 
776,2,8.1382 
777,1,-0.8815 
777,2,7.9155 
778,1,0.306 
778,2,8.7083 
779,1,-1.3097 
779,2,7.9756 
780,1,1.1444 
780,2,7.1785 
781,1,0.2592 
781,2,8.0659 
782,1,-0.1518 
782,2,7.623 
783,1,1.0104 
783,2,6.2289 
784,1,0.0247 
784,2,8.5292 
785,1,-0.3416 
785,2,7.8997 
786,1,0.3842 
786,2,7.5387 
787,1,2.2399 
787,2,7.6237 
788,1,-0.2375 
788,2,8.2781 
789,1,1.3089 
789,2,9.3591 
790,1,-0.5811 
790,2,6.8648 
791,1,-0.3896 
791,2,7.1246 
792,1,-1.1762 
792,2,7.3688 
793,1,0.1496 
793,2,6.899 
794,1,0.4885 
794,2,8.825 
795,1,0.4198 
795,2,9.1441 
796,1,0.2078 
796,2,5.6076 
797,1,1.1843 
797,2,9.2762 
798,1,-1.4522 
798,2,7.4822 
799,1,-1.2358 
799,2,7.8106 
800,1,0.0431 
800,2,8.7875 
801,1,-0.8785 
801,2,8.2095 
802,1,-1.5164 
802,2,8.8101 
803,1,-0.485 
803,2,7.6431 
804,1,1.0533 
804,2,8.703 
805,1,-1.6668 
805,2,7.9116 
806,1,-0.3149 
806,2,8.8482 
807,1,0.3969 
807,2,8.0714 
808,1,-0.3809 
808,2,6.4986 
809,1,-0.6063 
809,2,7.9875 
810,1,-1.3603 
810,2,7.9072 
811,1,-0.9046 
811,2,6.1113 
812,1,0.765 
812,2,8.5696 
813,1,-0.5129 
813,2,8.5362 
814,1,0.1225 
814,2,8.3793 
815,1,-0.8809 
815,2,7.1726 
816,1,0.8348 
816,2,10.0328 
817,1,1.3878 
817,2,9.2022 
818,1,0.1505 
818,2,6.8746 
819,1,0.8667 
819,2,7.2096 
820,1,1.2653 
820,2,9.0224 
821,1,-0.0455 
821,2,7.764 
822,1,-0.0664 
822,2,8.1229 
823,1,0.9596 
823,2,6.8858 
824,1,0.6292 
824,2,9.7542 
825,1,1.9103 
825,2,8.0238 
826,1,0.8403 
826,2,8.205 
827,1,-0.543 
827,2,9.6496 
828,1,-0.1727 
828,2,8.6719 
829,1,-1.3171 
829,2,9.0281 
830,1,-0.1184 
830,2,7.9299 
831,1,-2.942 
831,2,8.1096 
832,1,-1.0687 
832,2,8.2657 
833,1,1.1381 
833,2,7.7956 
834,1,0.5174 
834,2,6.9822 
835,1,1.1363 
835,2,6.8369 
836,1,0.6532 
836,2,7.0211 
837,1,0.2512 
837,2,7.6601 
838,1,-1.5892 
838,2,9.2931 
839,1,0.3572 
839,2,7.7457 
840,1,0.7721 
840,2,9.3271 
841,1,-0.5535 
841,2,6.7402 
842,1,0.0993 
842,2,7.0993 
843,1,-0.0532 
843,2,9.3557 
844,1,1.1343 
844,2,9.0211 
845,1,0.505 
845,2,9.3903 
846,1,0.2589 
846,2,8.8731 
847,1,0.8684 
847,2,9.4118 
848,1,0.4382 
848,2,7.0608 
849,1,0.1971 
849,2,6.9936 
850,1,-0.9447 
850,2,9.5706 
851,1,-0.4324 
851,2,7.5888 
852,1,0.2887 
852,2,7.6882 
853,1,0.2384 
853,2,10.8794 
854,1,1.547 
854,2,8.9723 
855,1,-1.2679 
855,2,7.4591 
856,1,1.0479 
856,2,7.4303 
857,1,-1.6399 
857,2,8.5157 
858,1,0.0675 
858,2,8.3267 
859,1,-0.1326 
859,2,10.1484 
860,1,-0.0552 
860,2,6.8223 
861,1,0.7594 
861,2,8.65 
862,1,0.6473 
862,2,8.607 
863,1,0.3387 
863,2,9.638 
864,1,1.9013 
864,2,7.4713 
865,1,0.8615 
865,2,7.3164 
866,1,1.3247 
866,2,7.6273 
867,1,1.4495 
867,2,7.127 
868,1,0.7561 
868,2,6.5539 
869,1,-1.3234 
869,2,7.6467 
870,1,-0.1817 
870,2,8.7073 
871,1,1.9949 
871,2,7.9054 
872,1,2.2939 
872,2,7.2887 
873,1,0.969 
873,2,8.9114 
874,1,-0.362 
874,2,9.0802 
875,1,0.9442 
875,2,5.6244 
876,1,-0.4292 
876,2,10.2588 
877,1,-0.43 
877,2,7.578 
878,1,-0.0875 
878,2,8.6988 
879,1,-0.2146 
879,2,11.2983 
880,1,-0.1652 
880,2,8.9289 
881,1,1.5439 
881,2,8.4581 
882,1,-0.1295 
882,2,6.5421 
883,1,-0.4485 
883,2,8.9672 
884,1,0.1355 
884,2,8.5335 
885,1,0.7245 
885,2,7.593 
886,1,0.6881 
886,2,6.6474 
887,1,-0.2163 
887,2,8.8403 
888,1,-0.4923 
888,2,6.8272 
889,1,-0.1936 
889,2,8.5563 
890,1,-0.0648 
890,2,8.0555 
891,1,1.5002 
891,2,9.8013 
892,1,0.5024 
892,2,7.5872 
893,1,-0.1398 
893,2,8.3639 
894,1,0.3827 
894,2,7.5049 
895,1,0.2114 
895,2,8.2201 
896,1,1.057 
896,2,6.2643 
897,1,-0.3893 
897,2,6.0167 
898,1,0.757 
898,2,8.8178 
899,1,-0.7068 
899,2,7.5451 
900,1,-0.7522 
900,2,8.9582 
901,1,1.688 
901,2,7.6783 
902,1,-0.8694 
902,2,8.8385 
903,1,0.5126 
903,2,7.3433 
904,1,1.2601 
904,2,8.8819 
905,1,0.068 
905,2,7.3826 
906,1,-0.8336 
906,2,7.4593 
907,1,2.0882 
907,2,8.1312 
908,1,0.2041 
908,2,6.343 
909,1,0.016 
909,2,8.631 
910,1,-1.2919 
910,2,9.0644 
911,1,-1.2124 
911,2,8.1721 
912,1,1.0537 
912,2,8.9998 
913,1,0.0626 
913,2,9.4479 
914,1,-0.7496 
914,2,9.1914 
915,1,-0.3875 
915,2,8.4066 
916,1,3.1265 
916,2,8.5616 
917,1,-0.0133 
917,2,8.1124 
918,1,-0.9716 
918,2,7.6461 
919,1,1.3293 
919,2,8.8419 
920,1,-0.4309 
920,2,6.2887 
921,1,1.02 
921,2,6.323 
922,1,-0.3231 
922,2,7.432 
923,1,-0.5875 
923,2,8.9801 
924,1,1.245 
924,2,6.8739 
925,1,1.0411 
925,2,9.6657 
926,1,-1.3102 
926,2,6.3393 
927,1,-1.0696 
927,2,9.1772 
928,1,-0.5073 
928,2,5.8156 
929,1,0.3346 
929,2,8.325 
930,1,0.0973 
930,2,8.4216 
931,1,-1.2473 
931,2,5.5049 
932,1,0.7646 
932,2,7.399 
933,1,-0.3734 
933,2,8.3975 
934,1,-0.8271 
934,2,8.0438 
935,1,0.8135 
935,2,8.051 
936,1,-0.1617 
936,2,8.6529 
937,1,0.355 
937,2,7.6578 
938,1,1.2375 
938,2,9.381 
939,1,0.7831 
939,2,7.3754 
940,1,0.4244 
940,2,8.295 
941,1,-0.595 
941,2,7.6313 
942,1,-0.6593 
942,2,9.4496 
943,1,0.0202 
943,2,7.8281 
944,1,0.3786 
944,2,6.7221 
945,1,0.1726 
945,2,7.0171 
946,1,-0.3172 
946,2,6.2232 
947,1,-0.421 
947,2,7.8038 
948,1,-0.1544 
948,2,7.2027 
949,1,-1.0917 
949,2,7.4525 
950,1,0.9683 
950,2,8.7772 
951,1,0.8207 
951,2,9.6719 
952,1,-0.7431 
952,2,9.8472 
953,1,-0.4625 
953,2,7.7159 
954,1,0.2963 
954,2,7.8365 
955,1,0.7431 
955,2,6.9993 
956,1,0.3228 
956,2,8.7483 
957,1,1.1354 
957,2,9.0421 
958,1,-0.8302 
958,2,6.5576 
959,1,2.7643 
959,2,6.2945 
960,1,0.6236 
960,2,8.1578 
961,1,-0.2654 
961,2,9.0202 
962,1,0.1824 
962,2,6.6943 
963,1,0.1494 
963,2,9.2088 
964,1,-0.6204 
964,2,7.7331 
965,1,0.4054 
965,2,8.7789 
966,1,-1.9938 
966,2,8.5323 
967,1,1.305 
967,2,8.1965 
968,1,1.7059 
968,2,9.0364 
969,1,-1.0019 
969,2,7.0959 
970,1,1.5922 
970,2,5.8828 
971,1,1.3725 
971,2,7.9678 
972,1,0.4224 
972,2,7.5426 
973,1,-0.9932 
973,2,8.0684 
974,1,0.1567 
974,2,9.2511 
975,1,1.6176 
975,2,7.3114 
976,1,0.3129 
976,2,9.5767 
977,1,0.0695 
977,2,7.2354 
978,1,0.4301 
978,2,8.3564 
979,1,0.4802 
979,2,6.8392 
980,1,0.1384 
980,2,8.5421 
981,1,1.2383 
981,2,8.8756 
982,1,0.5805 
982,2,8.9147 
983,1,2.297 
983,2,6.8434 
984,1,0.632 
984,2,7.2234 
985,1,0.7644 
985,2,9.0671 
986,1,-0.1115 
986,2,8.0909 
987,1,-0.9335 
987,2,7.9042 
988,1,0.5925 
988,2,6.0102 
989,1,-0.085 
989,2,9.3569 
990,1,-0.1771 
990,2,9.4689 
991,1,-0.7953 
991,2,8.6716 
992,1,-1.4283 
992,2,8.9392 
993,1,-0.852 
993,2,10.2754 
994,1,0.7177 
994,2,9.3594 
995,1,0.7421 
995,2,6.3655 
996,1,1.5836 
996,2,8.1009 
997,1,-0.3998 
997,2,9.1335 
998,1,-1.0624 
998,2,7.0992 
999,1,0.5381 
999,2,8.4373 
1000,1,-0.6471 
1000,2,8.9527 
