1,1,3.4276 
1,2,10.0808 
2,1,2.1915 
2,2,10.6085 
3,1,1.4179 
3,2,11.7513 
4,1,1.804 
4,2,10.7159 
5,1,-1.126 
5,2,9.5586 
6,1,1.7546 
6,2,8.411 
7,1,2.8446 
7,2,9.7705 
8,1,1.2103 
8,2,9.8082 
9,1,0.4457 
9,2,10.6651 
10,1,1.2028 
10,2,9.0956 
11,1,1.8428 
11,2,9.0552 
12,1,3.082 
12,2,10.2967 
13,1,2.0524 
13,2,9.5955 
14,1,0.9505 
14,2,9.3089 
15,1,0.6975 
15,2,9.4188 
16,1,2.9856 
16,2,9.8404 
17,1,1.3838 
17,2,9.4512 
18,1,2.8085 
18,2,11.1116 
19,1,1.5114 
19,2,10.0618 
20,1,2.3472 
20,2,9.1554 
21,1,1.7613 
21,2,9.3133 
22,1,2.3545 
22,2,9.7621 
23,1,1.2647 
23,2,10.1467 
24,1,1.6082 
24,2,9.4098 
25,1,1.5089 
25,2,11.2438 
26,1,2.1838 
26,2,9.2966 
27,1,2.2547 
27,2,8.8061 
28,1,2.8066 
28,2,10.5428 
29,1,1.7272 
29,2,7.2803 
30,1,3.3698 
30,2,7.3625 
31,1,2.0709 
31,2,9.8584 
32,1,1.6762 
32,2,9.2311 
33,1,2.7107 
33,2,8.8429 
34,1,1.1348 
34,2,10.1381 
35,1,1.1596 
35,2,11.0863 
36,1,2.8051 
36,2,11.9883 
37,1,3.1684 
37,2,9.5377 
38,1,1.1804 
38,2,10.7485 
39,1,3.9093 
39,2,10.6532 
40,1,2.3853 
40,2,9.8473 
41,1,3.6595 
41,2,10.6652 
42,1,1.3245 
42,2,10.7723 
43,1,0.7346 
43,2,9.4771 
44,1,1.89 
44,2,11.1329 
45,1,2.1272 
45,2,10.5887 
46,1,2.4523 
46,2,8.5165 
47,1,1.859 
47,2,8.815 
48,1,1.7334 
48,2,8.4959 
49,1,3.6456 
49,2,9.7024 
50,1,2.4433 
50,2,10.3954 
51,1,2.7849 
51,2,11.9998 
52,1,0.8055 
52,2,10.2413 
53,1,2.2984 
53,2,10.6574 
54,1,1.8387 
54,2,11.3625 
55,1,1.3128 
55,2,10.5836 
56,1,3.8993 
56,2,9.184 
57,1,2.8751 
57,2,8.9547 
58,1,1.6215 
58,2,10.2085 
59,1,1.6288 
59,2,10.7984 
60,1,2.0458 
60,2,10.6952 
61,1,2.6341 
61,2,12.0238 
62,1,1.2646 
62,2,9.0325 
63,1,1.1813 
63,2,9.5973 
64,1,2.2099 
64,2,9.755 
65,1,2.9519 
65,2,11.2244 
66,1,1.8561 
66,2,10.1714 
67,1,1.9485 
67,2,10.1239 
68,1,0.3922 
68,2,9.3432 
69,1,2.5827 
69,2,10.0994 
70,1,3.1983 
70,2,10.1295 
71,1,2.2303 
71,2,11.6229 
72,1,2.8572 
72,2,9.0855 
73,1,1.5807 
73,2,9.5585 
74,1,2.3288 
74,2,9.9265 
75,1,1.7051 
75,2,10.4915 
76,1,1.5327 
76,2,11.7937 
77,1,1.8125 
77,2,9.7444 
78,1,1.1226 
78,2,9.7527 
79,1,2.1032 
79,2,10.4034 
80,1,2.4787 
80,2,9.8082 
81,1,3.4187 
81,2,10.774 
82,1,2.5422 
82,2,9.4545 
83,1,1.4294 
83,2,8.9912 
84,1,2.2877 
84,2,10.3619 
85,1,2.5077 
85,2,12.0798 
86,1,2.3118 
86,2,9.3158 
87,1,1.6941 
87,2,9.0795 
88,1,1.85 
88,2,10.6541 
89,1,0.2706 
89,2,9.2781 
90,1,1.1952 
90,2,9.2705 
91,1,3.4781 
91,2,8.8159 
92,1,1.3352 
92,2,9.6454 
93,1,2.1911 
93,2,9.4943 
94,1,0.9799 
94,2,10.7094 
95,1,2.1804 
95,2,10.0825 
96,1,1.8414 
96,2,9.4291 
97,1,0.8207 
97,2,10.0245 
98,1,2.0834 
98,2,10.5642 
99,1,3.5846 
99,2,9.3599 
100,1,2.3886 
100,2,9.7022 
101,1,1.6603 
101,2,11.2033 
102,1,2.3607 
102,2,9.9436 
103,1,1.0718 
103,2,8.4512 
104,1,0.3686 
104,2,9.9818 
105,1,3.7068 
105,2,9.361 
106,1,3.0415 
106,2,8.5663 
107,1,2.4337 
107,2,10.8049 
108,1,1.664 
108,2,10.8346 
109,1,1.3775 
109,2,9.7803 
110,1,3.0202 
110,2,11.7937 
111,1,3.8997 
111,2,8.9387 
112,1,2.6641 
112,2,10.5012 
113,1,2.8404 
113,2,9.4415 
114,1,1.8834 
114,2,11.1472 
115,1,1.3196 
115,2,9.3651 
116,1,2.7758 
116,2,8.0035 
117,1,1.698 
117,2,9.6253 
118,1,1.4063 
118,2,11.0247 
119,1,2.5992 
119,2,8.4929 
120,1,0.7331 
120,2,9.5559 
121,1,2.0961 
121,2,8.4544 
122,1,3.487 
122,2,9.7685 
123,1,2.9066 
123,2,11.4787 
124,1,1.8938 
124,2,9.8493 
125,1,3.7799 
125,2,8.6624 
126,1,1.7756 
126,2,9.0506 
127,1,1.2232 
127,2,9.9752 
128,1,1.4408 
128,2,9.5439 
129,1,2.2281 
129,2,10.5538 
130,1,0.1406 
130,2,10.3843 
131,1,0.5148 
131,2,9.8168 
132,1,2.7104 
132,2,8.8089 
133,1,1.4764 
133,2,10.1911 
134,1,0.6311 
134,2,12.4374 
135,1,2.4508 
135,2,8.5782 
136,1,1.3749 
136,2,9.7765 
137,1,1.9479 
137,2,11.0039 
138,1,2.3766 
138,2,9.5664 
139,1,2.1141 
139,2,9.5758 
140,1,0.5308 
140,2,11.4299 
141,1,1.0455 
141,2,9.7291 
142,1,2.203 
142,2,11.7792 
143,1,0.0749 
143,2,10.3359 
144,1,1.7969 
144,2,8.343 
145,1,2.6617 
145,2,11.5289 
146,1,2.1546 
146,2,11.2284 
147,1,2.9074 
147,2,10.5553 
148,1,0.6642 
148,2,9.5138 
149,1,2.2131 
149,2,9.5532 
150,1,2.8876 
150,2,10.898 
151,1,3.6714 
151,2,10.1045 
152,1,3.2452 
152,2,8.5434 
153,1,2.3981 
153,2,9.2912 
154,1,3.5709 
154,2,10.4757 
155,1,3.0674 
155,2,10.183 
156,1,2.8905 
156,2,9.7799 
157,1,2.5005 
157,2,9.516 
158,1,2.1482 
158,2,10.2713 
159,1,2.4529 
159,2,9.7533 
160,1,2.7361 
160,2,9.6528 
161,1,0.3767 
161,2,10.3513 
162,1,2.8811 
162,2,11.4116 
163,1,2.8652 
163,2,10.2567 
164,1,2.7086 
164,2,9.8594 
165,1,3.2794 
165,2,10.9749 
166,1,1.3992 
166,2,8.5264 
167,1,3.5483 
167,2,9.4411 
168,1,2.1723 
168,2,8.8786 
169,1,1.7611 
169,2,10.6429 
170,1,1.4984 
170,2,11.5812 
171,1,2.35 
171,2,9.9852 
172,1,3.3315 
172,2,9.7838 
173,1,-0.3447 
173,2,10.9582 
174,1,2.135 
174,2,10.333 
175,1,3.1668 
175,2,10.8971 
176,1,2.5715 
176,2,8.8146 
177,1,3.1972 
177,2,10.8871 
178,1,2.6278 
178,2,11.3402 
179,1,1.4487 
179,2,9.0713 
180,1,2.5782 
180,2,10.569 
181,1,2.1493 
181,2,7.6809 
182,1,1.6474 
182,2,10.0993 
183,1,0.6317 
183,2,10.565 
184,1,1.9205 
184,2,9.1298 
185,1,2.372 
185,2,9.7942 
186,1,2.2722 
186,2,10.4983 
187,1,0.6311 
187,2,10.5371 
188,1,2.0598 
188,2,11.0613 
189,1,0.9129 
189,2,10.6016 
190,1,2.3114 
190,2,8.4923 
191,1,3.2304 
191,2,10.9187 
192,1,2.5811 
192,2,9.7968 
193,1,2.9252 
193,2,10.1088 
194,1,1.4256 
194,2,8.8324 
195,1,2.4132 
195,2,9.9247 
196,1,0.011 
196,2,8.3435 
197,1,2.1083 
197,2,9.2277 
198,1,0.6334 
198,2,10.9785 
199,1,4.4011 
199,2,11.1045 
200,1,2.0449 
200,2,10.3833 
201,1,0.3558 
201,2,9.5383 
202,1,2.241 
202,2,10.3218 
203,1,2.7594 
203,2,9.5198 
204,1,3.8493 
204,2,9.4999 
205,1,2.1914 
205,2,8.7265 
206,1,1.7856 
206,2,12.2021 
207,1,4.5762 
207,2,10.919 
208,1,2.6135 
208,2,10.1851 
209,1,1.5966 
209,2,11.4636 
210,1,2.2168 
210,2,10.0556 
211,1,2.1799 
211,2,9.3593 
212,1,1.0163 
212,2,10.6383 
213,1,1.9815 
213,2,7.8886 
214,1,1.6811 
214,2,9.795 
215,1,0.2993 
215,2,9.9783 
216,1,4.9682 
216,2,10.3431 
217,1,1.8329 
217,2,8.2911 
218,1,2.5456 
218,2,10.2963 
219,1,2.6729 
219,2,9.6349 
220,1,3.4608 
220,2,10.619 
221,1,3.438 
221,2,10.3446 
222,1,3.3026 
222,2,8.6847 
223,1,1.1958 
223,2,10.7814 
224,1,1.4851 
224,2,9.6591 
225,1,0.3354 
225,2,9.6884 
226,1,1.147 
226,2,9.8311 
227,1,2.2043 
227,2,10.7306 
228,1,1.8208 
228,2,11.1627 
229,1,0.3539 
229,2,10.6855 
230,1,3.7218 
230,2,8.265 
231,1,2.111 
231,2,10.2831 
232,1,1.376 
232,2,9.2237 
233,1,2.3586 
233,2,10.732 
234,1,2.2142 
234,2,9.7084 
235,1,2.4228 
235,2,9.9724 
236,1,4.5388 
236,2,11.0821 
237,1,2.6362 
237,2,10.5167 
238,1,2.6492 
238,2,9.6056 
239,1,2.7525 
239,2,12.7281 
240,1,2.3142 
240,2,9.6841 
241,1,2.3099 
241,2,10.7658 
242,1,3.1804 
242,2,8.7893 
243,1,1.0537 
243,2,8.69 
244,1,1.0124 
244,2,9.0577 
245,1,1.1095 
245,2,11.5217 
246,1,1.7199 
246,2,9.5633 
247,1,2.0767 
247,2,9.0942 
248,1,2.3594 
248,2,9.7437 
249,1,1.7132 
249,2,10.9148 
250,1,1.0433 
250,2,10.1682 
251,1,2.4497 
251,2,11.5156 
252,1,1.6722 
252,2,9.2778 
253,1,1.9619 
253,2,9.306 
254,1,1.7974 
254,2,12.0295 
255,1,1.5536 
255,2,9.8164 
256,1,1.369 
256,2,11.9084 
257,1,1.5095 
257,2,9.6058 
258,1,2.6152 
258,2,8.9072 
259,1,1.2929 
259,2,10.1599 
260,1,2.0719 
260,2,10.5198 
261,1,2.6478 
261,2,7.1122 
262,1,2.6624 
262,2,9.5212 
263,1,2.0926 
263,2,10.7693 
264,1,4.2041 
264,2,11.5176 
265,1,2.8622 
265,2,9.9816 
266,1,1.931 
266,2,9.4573 
267,1,1.9512 
267,2,9.6105 
268,1,0.56 
268,2,10.5241 
269,1,1.3542 
269,2,11.8172 
270,1,1.2694 
270,2,10.2154 
271,1,2.9942 
271,2,11.2166 
272,1,3.4681 
272,2,9.7032 
273,1,2.8908 
273,2,11.1669 
274,1,1.5942 
274,2,10.0453 
275,1,2.1844 
275,2,11.5452 
276,1,2.4669 
276,2,8.8453 
277,1,0.442 
277,2,9.061 
278,1,3.5767 
278,2,9.267 
279,1,3.5016 
279,2,10.6659 
280,1,0.0827 
280,2,11.0976 
281,1,1.5604 
281,2,9.6516 
282,1,1.2552 
282,2,10.2083 
283,1,1.7588 
283,2,10.1337 
284,1,2.0594 
284,2,8.1582 
285,1,1.4414 
285,2,11.7817 
286,1,1.9279 
286,2,9.9739 
287,1,0.8586 
287,2,9.1333 
288,1,0.5288 
288,2,10.7208 
289,1,0.5689 
289,2,6.6414 
290,1,1.8406 
290,2,11.6333 
291,1,-0.6266 
291,2,8.8227 
292,1,3.1226 
292,2,9.1794 
293,1,1.2251 
293,2,11.5097 
294,1,3.3915 
294,2,10.3957 
295,1,4.3061 
295,2,10.1605 
296,1,0.8388 
296,2,10.1308 
297,1,2.3669 
297,2,7.9186 
298,1,1.1528 
298,2,10.067 
299,1,2.0449 
299,2,10.4987 
300,1,2.6463 
300,2,11.4754 
301,1,2.4713 
301,2,8.925 
302,1,3.5939 
302,2,11.2385 
303,1,1.5875 
303,2,9.0008 
304,1,2.3143 
304,2,9.0841 
305,1,0.6695 
305,2,9.8562 
306,1,0.6557 
306,2,10.9987 
307,1,-0.3118 
307,2,9.9789 
308,1,1.3447 
308,2,10.8324 
309,1,1.4778 
309,2,9.9245 
310,1,2.9504 
310,2,7.8189 
311,1,2.608 
311,2,10.2446 
312,1,1.7968 
312,2,9.0294 
313,1,3.5329 
313,2,8.902 
314,1,3.8257 
314,2,8.2984 
315,1,2.3711 
315,2,11.9299 
316,1,2.45 
316,2,10.2153 
317,1,1.0152 
317,2,12.3781 
318,1,2.7289 
318,2,9.2464 
319,1,2.3872 
319,2,7.6936 
320,1,0.0767 
320,2,10.1663 
321,1,4.1063 
321,2,11.173 
322,1,1.7456 
322,2,11.8064 
323,1,2.9076 
323,2,11.641 
324,1,1.2952 
324,2,9.0081 
325,1,1.7478 
325,2,10.0375 
326,1,1.4895 
326,2,9.7107 
327,1,1.5202 
327,2,11.837 
328,1,3.069 
328,2,9.8215 
329,1,-0.0162 
329,2,8.8893 
330,1,2.3855 
330,2,9.27 
331,1,3.0138 
331,2,9.213 
332,1,1.2626 
332,2,10.5701 
333,1,-1.0136 
333,2,10.0496 
334,1,2.1258 
334,2,10.8802 
335,1,1.1246 
335,2,8.8568 
336,1,0.7433 
336,2,10.5167 
337,1,2.7789 
337,2,10.1305 
338,1,3.3437 
338,2,10.739 
339,1,0.1848 
339,2,10.0397 
340,1,3.0735 
340,2,9.1081 
341,1,1.5505 
341,2,11.3989 
342,1,1.7707 
342,2,9.1213 
343,1,2.3348 
343,2,10.3469 
344,1,1.2532 
344,2,10.9295 
345,1,2.61 
345,2,9.9144 
346,1,1.1324 
346,2,8.4893 
347,1,2.8039 
347,2,9.4657 
348,1,2.1015 
348,2,9.9484 
349,1,2.6426 
349,2,11.9032 
350,1,2.5773 
350,2,9.4675 
351,1,3.4176 
351,2,9.2616 
352,1,0.3938 
352,2,8.7454 
353,1,2.7815 
353,2,11.3478 
354,1,3.5073 
354,2,10.7484 
355,1,3.5656 
355,2,11.0487 
356,1,0.6456 
356,2,8.7092 
357,1,2.7407 
357,2,8.9891 
358,1,1.6872 
358,2,10.5597 
359,1,0.8636 
359,2,10.8241 
360,1,2.8872 
360,2,9.7504 
361,1,1.3849 
361,2,9.3367 
362,1,2.1545 
362,2,10.9747 
363,1,2.9476 
363,2,10.8737 
364,1,2.1999 
364,2,7.6329 
365,1,2.2129 
365,2,9.8855 
366,1,3.1874 
366,2,9.8535 
367,1,1.7047 
367,2,9.1617 
368,1,3.2199 
368,2,10.6906 
369,1,1.928 
369,2,10.119 
370,1,2.9937 
370,2,10.0319 
371,1,2.34 
371,2,9.6598 
372,1,2.01 
372,2,11.6241 
373,1,1.7245 
373,2,9.5053 
374,1,1.1746 
374,2,9.8098 
375,1,0.749 
375,2,9.5093 
376,1,2.5067 
376,2,10.3654 
377,1,2.7037 
377,2,9.0512 
378,1,1.6662 
378,2,9.0053 
379,1,1.2706 
379,2,11.8603 
380,1,1.4184 
380,2,9.2571 
381,1,1.6044 
381,2,9.4303 
382,1,3.2068 
382,2,10.2325 
383,1,3.3515 
383,2,11.6491 
384,1,2.625 
384,2,9.7774 
385,1,2.6375 
385,2,10.7457 
386,1,2.8029 
386,2,12.2237 
387,1,1.657 
387,2,9.9936 
388,1,2.852 
388,2,11.4257 
389,1,1.8837 
389,2,9.4782 
390,1,2.9096 
390,2,11.2286 
391,1,1.8419 
391,2,9.8503 
392,1,1.9742 
392,2,11.1743 
393,1,0.8265 
393,2,9.9421 
394,1,1.0813 
394,2,10.4986 
395,1,2.8502 
395,2,10.4359 
396,1,1.896 
396,2,8.6266 
397,1,1.4984 
397,2,11.837 
398,1,3.2672 
398,2,10.7411 
399,1,2.6472 
399,2,9.6083 
400,1,2.975 
400,2,9.2582 
401,1,0.5967 
401,2,11.2444 
402,1,2.2362 
402,2,9.2274 
403,1,2.5211 
403,2,10.3594 
404,1,2.6599 
404,2,8.4479 
405,1,-0.6083 
405,2,10.0551 
406,1,1.7748 
406,2,11.0716 
407,1,1.3223 
407,2,9.6031 
408,1,-0.3509 
408,2,8.6052 
409,1,2.2761 
409,2,11.9529 
410,1,1.9368 
410,2,8.9079 
411,1,3.0303 
411,2,10.688 
412,1,2.4323 
412,2,10.1128 
413,1,2.4187 
413,2,9.9679 
414,1,1.9173 
414,2,10.525 
415,1,2.4945 
415,2,9.6438 
416,1,1.0125 
416,2,11.0354 
417,1,1.5243 
417,2,9.5592 
418,1,0.4822 
418,2,11.4173 
419,1,3.3027 
419,2,9.838 
420,1,1.6749 
420,2,10.1769 
421,1,2.6984 
421,2,12.9488 
422,1,0.7776 
422,2,10.8253 
423,1,1.9788 
423,2,10.5487 
424,1,2.0507 
424,2,9.2533 
425,1,2.1876 
425,2,8.8959 
426,1,3.0248 
426,2,10.8872 
427,1,0.8863 
427,2,12.7384 
428,1,2.8119 
428,2,10.1048 
429,1,-1.5258 
429,2,11.1584 
430,1,0.3951 
430,2,9.4988 
431,1,-0.0318 
431,2,9.9252 
432,1,2.5353 
432,2,10.2424 
433,1,0.9512 
433,2,9.4947 
434,1,2.5543 
434,2,7.1969 
435,1,1.2777 
435,2,10.7829 
436,1,1.2509 
436,2,10.8737 
437,1,1.9085 
437,2,9.5624 
438,1,1.3366 
438,2,9.5267 
439,1,1.1462 
439,2,9.7597 
440,1,2.5871 
440,2,11.482 
441,1,0.076 
441,2,10.4152 
442,1,1.8679 
442,2,8.7913 
443,1,-0.0348 
443,2,9.4741 
444,1,2.9714 
444,2,11.0479 
445,1,-0.0678 
445,2,9.4775 
446,1,1.8361 
446,2,10.5043 
447,1,2.2526 
447,2,9.2068 
448,1,1.6951 
448,2,11.292 
449,1,2.829 
449,2,9.1031 
450,1,1.4385 
450,2,8.8508 
451,1,2.3708 
451,2,10.1863 
452,1,2.4222 
452,2,9.6581 
453,1,2.4517 
453,2,10.8447 
454,1,2.3675 
454,2,9.0229 
455,1,3.0202 
455,2,10.7336 
456,1,0.6181 
456,2,10.6213 
457,1,1.7522 
457,2,9.6288 
458,1,1.8131 
458,2,9.7342 
459,1,2.0625 
459,2,9.4289 
460,1,2.9408 
460,2,9.299 
461,1,2.3382 
461,2,11.1939 
462,1,0.2423 
462,2,7.5505 
463,1,2.7641 
463,2,10.3153 
464,1,2.027 
464,2,10.8826 
465,1,2.5801 
465,2,9.7832 
466,1,0.784 
466,2,12.2061 
467,1,2.3167 
467,2,10.932 
468,1,0.62 
468,2,11.1247 
469,1,3.0331 
469,2,10.2475 
470,1,2.1994 
470,2,9.0485 
471,1,2.6522 
471,2,10.0607 
472,1,1.9347 
472,2,9.6736 
473,1,3.1073 
473,2,10.5267 
474,1,2.5183 
474,2,9.9462 
475,1,1.4112 
475,2,11.5919 
476,1,2.253 
476,2,9.9479 
477,1,1.3111 
477,2,10.0426 
478,1,2.9454 
478,2,8.4185 
479,1,1.315 
479,2,12.6346 
480,1,1.6907 
480,2,9.605 
481,1,1.5345 
481,2,8.9213 
482,1,1.3176 
482,2,10.3268 
483,1,2.2249 
483,2,9.8958 
484,1,2.0642 
484,2,10.0341 
485,1,2.6088 
485,2,8.4034 
486,1,2.5202 
486,2,11.2326 
487,1,4.0131 
487,2,10.3315 
488,1,2.2954 
488,2,9.0732 
489,1,3.5071 
489,2,9.9807 
490,1,2.4572 
490,2,10.2736 
491,1,2.2551 
491,2,9.9258 
492,1,1.8063 
492,2,10.1928 
493,1,2.8599 
493,2,11.2259 
494,1,1.7675 
494,2,10.4257 
495,1,1.3094 
495,2,10.0484 
496,1,0.7662 
496,2,10.468 
497,1,2.1546 
497,2,8.1136 
498,1,2.6278 
498,2,8.9763 
499,1,1.6928 
499,2,9.2129 
500,1,1.899 
500,2,9.9463 
501,1,17.5299 
501,2,6.4999 
502,1,16.4417 
502,2,5.103 
503,1,15.3053 
503,2,6.5585 
504,1,16.2437 
504,2,5.5785 
505,1,15.0526 
505,2,6.9094 
506,1,15.9247 
506,2,6.2782 
507,1,13.2368 
507,2,4.1494 
508,1,17.1312 
508,2,5.9643 
509,1,14.5956 
509,2,6.6911 
510,1,17.3736 
510,2,6.4181 
511,1,17.6085 
511,2,8.1411 
512,1,15.9557 
512,2,5.3511 
513,1,15.5268 
513,2,5.1356 
514,1,16.1659 
514,2,5.0091 
515,1,16.8943 
515,2,7.1506 
516,1,17.3284 
516,2,7.311 
517,1,16.3231 
517,2,5.8472 
518,1,16.5097 
518,2,5.4699 
519,1,15.5547 
519,2,5.5722 
520,1,15.7176 
520,2,6.043 
521,1,16.7555 
521,2,5.7713 
522,1,16.0704 
522,2,4.5937 
523,1,14.9428 
523,2,6.3741 
524,1,16.8601 
524,2,5.7657 
525,1,17.0441 
525,2,4.8893 
526,1,15.2982 
526,2,6.4834 
527,1,15.8989 
527,2,6.7673 
528,1,15.2303 
528,2,5.9096 
529,1,16.4363 
529,2,5.2435 
530,1,16.3594 
530,2,5.7596 
531,1,16.2899 
531,2,6.3482 
532,1,16.0553 
532,2,8.2943 
533,1,16.8698 
533,2,5.8699 
534,1,17.2296 
534,2,7.2592 
535,1,15.9222 
535,2,6.3348 
536,1,15.9392 
536,2,6.3215 
537,1,16.6877 
537,2,6.5997 
538,1,17.0571 
538,2,5.529 
539,1,16.8567 
539,2,7.3504 
540,1,15.3681 
540,2,4.5433 
541,1,15.6666 
541,2,7.0959 
542,1,15.9579 
542,2,5.5834 
543,1,15.6317 
543,2,6.6389 
544,1,16.0767 
544,2,6.0179 
545,1,15.993 
545,2,4.8466 
546,1,15.0682 
546,2,5.9163 
547,1,18.5423 
547,2,5.255 
548,1,15.6415 
548,2,5.2474 
549,1,15.5952 
549,2,6.926 
550,1,17.2968 
550,2,6.6912 
551,1,14.984 
551,2,5.8275 
552,1,16.0527 
552,2,6.6733 
553,1,14.6004 
553,2,4.8842 
554,1,17.0091 
554,2,6.4911 
555,1,17.2052 
555,2,6.0145 
556,1,14.8021 
556,2,5.6594 
557,1,16.2532 
557,2,6.6801 
558,1,15.6808 
558,2,5.6749 
559,1,15.258 
559,2,6.5161 
560,1,14.1808 
560,2,6.0495 
561,1,16.5735 
561,2,5.4863 
562,1,16.4013 
562,2,6.9377 
563,1,16.9699 
563,2,5.6872 
564,1,15.7345 
564,2,5.8431 
565,1,15.3028 
565,2,6.4359 
566,1,15.3207 
566,2,4.818 
567,1,14.9742 
567,2,5.8827 
568,1,14.601 
568,2,4.4089 
569,1,13.7568 
569,2,7.2078 
570,1,15.4488 
570,2,6.2533 
571,1,15.0858 
571,2,7.3302 
572,1,14.3531 
572,2,7.3301 
573,1,16.4904 
573,2,8.1764 
574,1,15.5588 
574,2,7.0692 
575,1,14.8608 
575,2,6.4626 
576,1,17.6606 
576,2,5.6476 
577,1,17.4882 
577,2,5.8605 
578,1,17.0027 
578,2,5.3312 
579,1,16.2127 
579,2,5.1582 
580,1,18.0472 
580,2,6.4809 
581,1,14.709 
581,2,5.9156 
582,1,16.2907 
582,2,7.244 
583,1,15.7792 
583,2,5.7072 
584,1,16.8766 
584,2,6.4351 
585,1,15.368 
585,2,6.0755 
586,1,14.6387 
586,2,6.2015 
587,1,16.7203 
587,2,4.9063 
588,1,16.4155 
588,2,6.7628 
589,1,16.673 
589,2,4.8961 
590,1,15.8936 
590,2,5.6021 
591,1,15.4445 
591,2,5.4663 
592,1,14.65 
592,2,5.2375 
593,1,13.9824 
593,2,7.23 
594,1,17.2567 
594,2,5.6712 
595,1,16.1906 
595,2,5.1821 
596,1,15.8831 
596,2,5.1816 
597,1,17.1102 
597,2,5.0621 
598,1,16.04 
598,2,6.5633 
599,1,17.2276 
599,2,4.5992 
600,1,15.5358 
600,2,6.5533 
601,1,16.9018 
601,2,5.7074 
602,1,16.4831 
602,2,5.3528 
603,1,17.3983 
603,2,4.5963 
604,1,15.5339 
604,2,5.8228 
605,1,15.9302 
605,2,7.8404 
606,1,16.1118 
606,2,7.2707 
607,1,15.1082 
607,2,5.6339 
608,1,14.7438 
608,2,6.713 
609,1,15.4229 
609,2,5.7156 
610,1,16.0691 
610,2,6.6092 
611,1,16.4894 
611,2,5.2741 
612,1,15.5104 
612,2,3.5805 
613,1,16.5237 
613,2,6.306 
614,1,15.738 
614,2,5.4758 
615,1,15.1138 
615,2,5.572 
616,1,15.8419 
616,2,5.5806 
617,1,15.7205 
617,2,5.5438 
618,1,15.9903 
618,2,6.8112 
619,1,15.3006 
619,2,6.1654 
620,1,15.3562 
620,2,6.5816 
621,1,16.167 
621,2,5.4029 
622,1,14.089 
622,2,5.4655 
623,1,14.5579 
623,2,3.9307 
624,1,16.478 
624,2,5.0518 
625,1,15.3943 
625,2,7.4004 
626,1,15.3307 
626,2,7.5058 
627,1,14.4383 
627,2,7.8124 
628,1,16.2136 
628,2,4.9567 
629,1,13.7258 
629,2,6.2595 
630,1,16.4199 
630,2,5.7636 
631,1,16.5931 
631,2,5.2673 
632,1,17.5129 
632,2,5.8789 
633,1,16.3964 
633,2,6.4472 
634,1,16.4772 
634,2,4.7314 
635,1,15.3141 
635,2,6.5145 
636,1,13.2577 
636,2,4.4751 
637,1,16.4977 
637,2,5.9787 
638,1,15.8291 
638,2,5.6251 
639,1,15.0743 
639,2,5.6983 
640,1,15.9676 
640,2,5.4393 
641,1,14.8354 
641,2,8.2572 
642,1,15.7368 
642,2,4.271 
643,1,14.9202 
643,2,5.1648 
644,1,15.5171 
644,2,6.5149 
645,1,14.4301 
645,2,5.717 
646,1,16.4451 
646,2,4.5924 
647,1,15.4476 
647,2,5.3024 
648,1,17.0306 
648,2,6.1205 
649,1,15.8362 
649,2,4.0133 
650,1,14.0149 
650,2,6.0175 
651,1,18.3934 
651,2,7.0457 
652,1,16.7685 
652,2,8.0978 
653,1,16.8821 
653,2,3.5361 
654,1,17.9542 
654,2,7.8675 
655,1,16.7887 
655,2,6.7789 
656,1,16.2581 
656,2,5.1507 
657,1,15.9104 
657,2,6.1885 
658,1,14.3298 
658,2,3.9802 
659,1,14.9323 
659,2,5.7975 
660,1,16.4721 
660,2,5.2523 
661,1,15.935 
661,2,6.3589 
662,1,15.0189 
662,2,3.9429 
663,1,16.1508 
663,2,5.4445 
664,1,16.9024 
664,2,5.5241 
665,1,15.1138 
665,2,7.5505 
666,1,14.3943 
666,2,7.0583 
667,1,13.4751 
667,2,7.4443 
668,1,16.0429 
668,2,6.1912 
669,1,14.8503 
669,2,7.0348 
670,1,16.6047 
670,2,7.6367 
671,1,16.8315 
671,2,7.3119 
672,1,16.4595 
672,2,6.3519 
673,1,15.5366 
673,2,6.2508 
674,1,15.7502 
674,2,6.0182 
675,1,16.0678 
675,2,6.2624 
676,1,15.5119 
676,2,6.5101 
677,1,16.3138 
677,2,5.403 
678,1,14.5563 
678,2,6.3885 
679,1,15.5755 
679,2,5.0203 
680,1,15.0057 
680,2,7.7524 
681,1,16.269 
681,2,6.7076 
682,1,14.7026 
682,2,7.0543 
683,1,16.4657 
683,2,5.4933 
684,1,16.6039 
684,2,5.5974 
685,1,15.207 
685,2,5.6545 
686,1,15.7304 
686,2,5.4614 
687,1,14.8235 
687,2,6.8767 
688,1,17.6794 
688,2,5.1253 
689,1,16.8695 
689,2,7.1478 
690,1,15.3789 
690,2,6.5261 
691,1,15.7682 
691,2,7.57 
692,1,15.5647 
692,2,6.0885 
693,1,15.2793 
693,2,6.2164 
694,1,19.2267 
694,2,5.1637 
695,1,17.4295 
695,2,4.8987 
696,1,16.0225 
696,2,6.1949 
697,1,15.9396 
697,2,6.3024 
698,1,17.5004 
698,2,5.0958 
699,1,17.568 
699,2,6.2587 
700,1,15.8181 
700,2,7.0716 
701,1,16.0829 
701,2,4.5495 
702,1,15.4054 
702,2,5.0587 
703,1,16.8956 
703,2,5.4843 
704,1,15.8975 
704,2,4.1974 
705,1,16.3458 
705,2,6.738 
706,1,16.0736 
706,2,3.9309 
707,1,16.126 
707,2,5.9412 
708,1,14.9706 
708,2,5.2368 
709,1,13.4099 
709,2,5.4333 
710,1,17.2009 
710,2,5.7711 
711,1,16.2875 
711,2,6.0664 
712,1,14.6267 
712,2,5.9538 
713,1,16.5809 
713,2,4.2156 
714,1,14.6424 
714,2,7.3352 
715,1,15.8682 
715,2,5.1446 
716,1,15.0487 
716,2,6.352 
717,1,14.0638 
717,2,7.6751 
718,1,15.9105 
718,2,5.753 
719,1,17.4954 
719,2,4.2649 
720,1,15.9962 
720,2,4.9353 
721,1,15.9294 
721,2,4.3902 
722,1,17.0119 
722,2,6.8061 
723,1,15.4771 
723,2,5.1682 
724,1,16.2109 
724,2,5.5561 
725,1,16.5507 
725,2,6.557 
726,1,17.0215 
726,2,6.1781 
727,1,16.0312 
727,2,6.8603 
728,1,14.6864 
728,2,5.1936 
729,1,14.0875 
729,2,6.268 
730,1,16.8299 
730,2,5.5949 
731,1,16.1285 
731,2,5.2506 
732,1,17.4157 
732,2,5.7486 
733,1,16.0005 
733,2,4.2356 
734,1,17.192 
734,2,5.9624 
735,1,15.4594 
735,2,4.9617 
736,1,16.0842 
736,2,5.6017 
737,1,15.4133 
737,2,6.2516 
738,1,15.5293 
738,2,5.7522 
739,1,17.5914 
739,2,5.716 
740,1,16.1699 
740,2,5.6472 
741,1,16.6938 
741,2,6.3281 
742,1,16.1785 
742,2,5.8568 
743,1,16.0244 
743,2,5.3582 
744,1,15.4542 
744,2,8.7104 
745,1,17.6242 
745,2,5.6145 
746,1,16.2111 
746,2,4.3665 
747,1,16.909 
747,2,5.7076 
748,1,15.3295 
748,2,4.9825 
749,1,15.8026 
749,2,5.1054 
750,1,15.4104 
750,2,5.301 
751,1,14.9671 
751,2,5.0016 
752,1,14.7137 
752,2,6.1768 
753,1,15.4322 
753,2,6.5192 
754,1,15.8755 
754,2,6.3106 
755,1,15.5283 
755,2,3.7674 
756,1,15.7194 
756,2,6.6547 
757,1,15.8402 
757,2,6.6415 
758,1,16.1462 
758,2,7.7195 
759,1,16.0293 
759,2,5.9069 
760,1,15.8313 
760,2,5.4276 
761,1,16.0709 
761,2,6.2145 
762,1,14.992 
762,2,5.371 
763,1,15.5078 
763,2,6.3124 
764,1,16.7173 
764,2,5.5576 
765,1,15.2702 
765,2,4.5232 
766,1,16.1956 
766,2,6.3118 
767,1,14.6606 
767,2,5.7421 
768,1,15.8987 
768,2,7.6565 
769,1,17.0982 
769,2,5.8093 
770,1,13.392 
770,2,5.1299 
771,1,17.3276 
771,2,5.8723 
772,1,15.6603 
772,2,5.5803 
773,1,17.0865 
773,2,6.1894 
774,1,16.0384 
774,2,5.6993 
775,1,15.919 
775,2,6.4375 
776,1,16.3908 
776,2,6.9719 
777,1,16.5818 
777,2,5.8398 
778,1,16.6574 
778,2,8.3989 
779,1,15.8464 
779,2,5.469 
780,1,15.8586 
780,2,4.8688 
781,1,15.3933 
781,2,6.7526 
782,1,13.9238 
782,2,5.203 
783,1,17.6154 
783,2,4.8588 
784,1,15.3249 
784,2,6.4021 
785,1,18.1933 
785,2,5.1465 
786,1,14.954 
786,2,4.8451 
787,1,15.9365 
787,2,6.7391 
788,1,16.8704 
788,2,6.0876 
789,1,15.7778 
789,2,6.0967 
790,1,15.1125 
790,2,4.5234 
791,1,14.394 
791,2,6.8954 
792,1,17.0173 
792,2,5.5069 
793,1,15.1405 
793,2,6.466 
794,1,15.9969 
794,2,5.3249 
795,1,15.6373 
795,2,5.2573 
796,1,15.9361 
796,2,3.5676 
797,1,14.0423 
797,2,7.5112 
798,1,15.4472 
798,2,5.0699 
799,1,14.6492 
799,2,6.7304 
800,1,17.0297 
800,2,6.8726 
801,1,15.7421 
801,2,7.102 
802,1,13.734 
802,2,6.8709 
803,1,17.0446 
803,2,6.8604 
804,1,17.1077 
804,2,5.6845 
805,1,15.8769 
805,2,6.0999 
806,1,17.0032 
806,2,6.7235 
807,1,15.603 
807,2,7.3457 
808,1,16.3186 
808,2,6.4599 
809,1,15.0061 
809,2,6.1419 
810,1,17.1272 
810,2,5.5612 
811,1,14.7274 
811,2,6.6209 
812,1,15.6171 
812,2,6.3927 
813,1,16.7499 
813,2,6.2358 
814,1,16.5943 
814,2,5.3602 
815,1,15.6431 
815,2,3.1622 
816,1,17.0494 
816,2,5.5636 
817,1,17.462 
817,2,6.6559 
818,1,16.043 
818,2,4.2633 
819,1,17.9949 
819,2,6.2267 
820,1,15.5916 
820,2,5.8807 
821,1,16.5817 
821,2,6.3195 
822,1,16.8098 
822,2,4.1366 
823,1,15.9615 
823,2,6.6689 
824,1,15.5889 
824,2,5.2868 
825,1,16.2049 
825,2,5.969 
826,1,16.4058 
826,2,4.6993 
827,1,15.4139 
827,2,6.5906 
828,1,16.9894 
828,2,4.9881 
829,1,14.1052 
829,2,6.9689 
830,1,16.4627 
830,2,6.8526 
831,1,16.2786 
831,2,5.9858 
832,1,17.3182 
832,2,6.0379 
833,1,17.2362 
833,2,6.147 
834,1,16.1906 
834,2,6.9414 
835,1,16.3619 
835,2,6.8098 
836,1,15.47 
836,2,6.7366 
837,1,15.4595 
837,2,4.8508 
838,1,15.5239 
838,2,6.5492 
839,1,15.155 
839,2,5.5716 
840,1,15.2369 
840,2,5.1604 
841,1,15.7957 
841,2,7.0221 
842,1,16.0746 
842,2,6.1861 
843,1,15.7779 
843,2,8.7622 
844,1,15.1756 
844,2,4.5607 
845,1,15.2513 
845,2,5.9661 
846,1,15.0274 
846,2,5.5414 
847,1,16.7964 
847,2,6.2074 
848,1,15.6391 
848,2,5.6851 
849,1,16.1541 
849,2,6.5224 
850,1,14.2099 
850,2,7.31 
851,1,15.0581 
851,2,5.82 
852,1,15.7473 
852,2,6.2858 
853,1,15.1646 
853,2,6.7649 
854,1,16.3667 
854,2,7.9087 
855,1,17.0049 
855,2,5.8737 
856,1,15.9225 
856,2,7.1699 
857,1,15.5113 
857,2,6.1266 
858,1,16.5541 
858,2,5.9733 
859,1,16.1204 
859,2,6.2719 
860,1,15.454 
860,2,5.8061 
861,1,16.7222 
861,2,6.8775 
862,1,15.1021 
862,2,5.0974 
863,1,15.1018 
863,2,5.6971 
864,1,15.3208 
864,2,5.802 
865,1,16.5929 
865,2,4.7087 
866,1,17.0853 
866,2,6.5267 
867,1,16.1001 
867,2,8.2237 
868,1,15.7304 
868,2,6.5339 
869,1,18.1859 
869,2,7.6094 
870,1,16.6113 
870,2,4.8532 
871,1,16.7634 
871,2,5.9588 
872,1,14.7529 
872,2,6.3625 
873,1,17.2923 
873,2,5.2281 
874,1,14.5546 
874,2,5.5773 
875,1,18.0586 
875,2,7.6278 
876,1,14.8516 
876,2,6.3709 
877,1,15.5485 
877,2,5.8033 
878,1,15.5865 
878,2,5.4668 
879,1,15.5604 
879,2,5.454 
880,1,16.1267 
880,2,5.2381 
881,1,14.1526 
881,2,6.1476 
882,1,15.0319 
882,2,6.4127 
883,1,16.4507 
883,2,5.2451 
884,1,16.4998 
884,2,6.258 
885,1,15.5769 
885,2,5.2782 
886,1,16.3812 
886,2,7.461 
887,1,13.8591 
887,2,6.6305 
888,1,16.8907 
888,2,6.5216 
889,1,17.1469 
889,2,6.3148 
890,1,15.4373 
890,2,5.5982 
891,1,16.406 
891,2,5.8403 
892,1,18.4113 
892,2,5.3898 
893,1,16.6767 
893,2,5.5559 
894,1,14.3079 
894,2,5.7431 
895,1,17.2857 
895,2,4.5123 
896,1,16.5923 
896,2,5.6331 
897,1,15.4533 
897,2,5.9217 
898,1,16.1263 
898,2,6.3995 
899,1,16.3797 
899,2,4.9543 
900,1,16.464 
900,2,5.7512 
901,1,15.9009 
901,2,4.1224 
902,1,15.6558 
902,2,4.6504 
903,1,16.9977 
903,2,6.1003 
904,1,15.8571 
904,2,6.8213 
905,1,16.4558 
905,2,4.6303 
906,1,13.8491 
906,2,3.9487 
907,1,18.1203 
907,2,4.7519 
908,1,18.3631 
908,2,7.608 
909,1,16.6735 
909,2,5.2719 
910,1,15.8509 
910,2,6.9432 
911,1,15.1386 
911,2,6.2189 
912,1,15.0404 
912,2,6.2618 
913,1,17.5526 
913,2,5.4357 
914,1,15.6658 
914,2,6.2708 
915,1,16.9172 
915,2,5.0548 
916,1,14.8434 
916,2,3.9829 
917,1,16.0248 
917,2,5.2862 
918,1,18.0234 
918,2,5.8337 
919,1,16.4029 
919,2,4.8982 
920,1,14.9971 
920,2,5.1281 
921,1,15.8909 
921,2,7.1871 
922,1,17.1206 
922,2,6.3069 
923,1,16.6655 
923,2,5.3926 
924,1,16.2995 
924,2,5.502 
925,1,14.0033 
925,2,5.7781 
926,1,15.2829 
926,2,4.5059 
927,1,15.7506 
927,2,6.8809 
928,1,15.0708 
928,2,5.0109 
929,1,14.5617 
929,2,5.9837 
930,1,16.376 
930,2,6.4358 
931,1,15.2846 
931,2,5.6665 
932,1,15.6681 
932,2,6.4064 
933,1,15.9986 
933,2,5.3945 
934,1,15.8852 
934,2,7.247 
935,1,15.2966 
935,2,6.65 
936,1,15.4849 
936,2,5.3715 
937,1,16.5443 
937,2,4.9772 
938,1,17.3361 
938,2,6.8461 
939,1,16.0489 
939,2,6.6283 
940,1,16.7961 
940,2,7.6884 
941,1,17.2452 
941,2,5.705 
942,1,17.2944 
942,2,4.958 
943,1,15.6042 
943,2,6.6648 
944,1,15.8994 
944,2,6.1839 
945,1,16.584 
945,2,4.6494 
946,1,15.2434 
946,2,7.1263 
947,1,15.418 
947,2,6.4492 
948,1,16.748 
948,2,3.9276 
949,1,13.8196 
949,2,7.0405 
950,1,14.7518 
950,2,6.6488 
951,1,15.5476 
951,2,6.1248 
952,1,16.5935 
952,2,5.7993 
953,1,16.1728 
953,2,6.2012 
954,1,16.3408 
954,2,6.7807 
955,1,16.528 
955,2,6.2355 
956,1,15.0745 
956,2,5.6008 
957,1,17.4241 
957,2,5.8322 
958,1,15.6779 
958,2,4.7221 
959,1,18.0561 
959,2,5.9947 
960,1,15.0555 
960,2,3.6831 
961,1,18.1821 
961,2,4.1869 
962,1,15.6843 
962,2,5.0951 
963,1,15.992 
963,2,4.7441 
964,1,16.4655 
964,2,6.1733 
965,1,15.3235 
965,2,7.4035 
966,1,17.1204 
966,2,5.0828 
967,1,17.4206 
967,2,5.2351 
968,1,15.4375 
968,2,4.5543 
969,1,18.2099 
969,2,4.9075 
970,1,13.9968 
970,2,5.5417 
971,1,16.2609 
971,2,5.5797 
972,1,16.1316 
972,2,6.7826 
973,1,16.2943 
973,2,7.6597 
974,1,15.4283 
974,2,6.5542 
975,1,17.3218 
975,2,4.564 
976,1,16.4528 
976,2,8.1078 
977,1,15.121 
977,2,4.4295 
978,1,16.2194 
978,2,4.1062 
979,1,16.0283 
979,2,4.0797 
980,1,14.3824 
980,2,7.6974 
981,1,15.0179 
981,2,4.4277 
982,1,16.7968 
982,2,5.1651 
983,1,15.8035 
983,2,6.986 
984,1,16.2167 
984,2,5.0678 
985,1,16.7283 
985,2,7.2127 
986,1,14.868 
986,2,7.3153 
987,1,16.7532 
987,2,7.3857 
988,1,15.295 
988,2,7.2103 
989,1,17.1912 
989,2,4.2054 
990,1,16.234 
990,2,7.1823 
991,1,17.9211 
991,2,4.2006 
992,1,14.3252 
992,2,5.1934 
993,1,15.7685 
993,2,6.2094 
994,1,16.1682 
994,2,6.5123 
995,1,15.5956 
995,2,6.5413 
996,1,16.2305 
996,2,4.9638 
997,1,16.9992 
997,2,5.1873 
998,1,15.1793 
998,2,5.992 
999,1,14.8722 
999,2,6.6039 
1000,1,16.1052 
1000,2,5.8621 
