1,1,1.7757 
1,2,11.3373 
2,1,2.8824 
2,2,10.2952 
3,1,2.7806 
3,2,10.3361 
4,1,2.9704 
4,2,11.2428 
5,1,1.3254 
5,2,9.1559 
6,1,2.9353 
6,2,9.3884 
7,1,1.5566 
7,2,8.4411 
8,1,2.3652 
8,2,10.3533 
9,1,1.0837 
9,2,11.3183 
10,1,1.4801 
10,2,8.779 
11,1,2.0291 
11,2,11.2878 
12,1,2.6067 
12,2,10.8537 
13,1,2.9508 
13,2,9.9095 
14,1,2.217 
14,2,9.2288 
15,1,1.4663 
15,2,10.4748 
16,1,2.0827 
16,2,10.1994 
17,1,1.6768 
17,2,9.1341 
18,1,3.0203 
18,2,10.3842 
19,1,1.0846 
19,2,11.2173 
20,1,1.4324 
20,2,8.745 
21,1,1.9278 
21,2,8.6466 
22,1,-0.0985 
22,2,9.5309 
23,1,2.3783 
23,2,9.2924 
24,1,0.3548 
24,2,9.4148 
25,1,1.5995 
25,2,9.846 
26,1,2.4498 
26,2,11.7865 
27,1,1.8827 
27,2,11.2291 
28,1,2.7323 
28,2,10.9617 
29,1,3.9438 
29,2,9.4003 
30,1,2.2352 
30,2,9.4312 
31,1,2.993 
31,2,10.8871 
32,1,1.9013 
32,2,9.0165 
33,1,1.4265 
33,2,11.594 
34,1,1.1173 
34,2,9.6167 
35,1,1.8404 
35,2,8.8764 
36,1,3.8757 
36,2,8.7927 
37,1,1.9986 
37,2,9.5568 
38,1,1.3984 
38,2,8.03 
39,1,1.3827 
39,2,10.4711 
40,1,1.5197 
40,2,12.7911 
41,1,2.5072 
41,2,7.9963 
42,1,1.9776 
42,2,10.0891 
43,1,2.4416 
43,2,8.9102 
44,1,0.841 
44,2,10.0901 
45,1,2.0251 
45,2,10.0539 
46,1,0.9642 
46,2,9.4635 
47,1,0.2631 
47,2,8.0352 
48,1,3.4223 
48,2,10.1136 
49,1,3.4383 
49,2,8.825 
50,1,3.997 
50,2,9.182 
51,1,2.717 
51,2,9.9275 
52,1,0.93 
52,2,11.3874 
53,1,4.5069 
53,2,11.2608 
54,1,1.259 
54,2,9.7152 
55,1,2.5268 
55,2,8.0209 
56,1,2.9582 
56,2,11.4149 
57,1,2.3208 
57,2,10.4096 
58,1,2.5443 
58,2,10.307 
59,1,1.7806 
59,2,8.5846 
60,1,2.8815 
60,2,10.6966 
61,1,4.6156 
61,2,9.7824 
62,1,1.8915 
62,2,11.0553 
63,1,0.4512 
63,2,9.9837 
64,1,1.4872 
64,2,9.5458 
65,1,2.6447 
65,2,10.2194 
66,1,0.6166 
66,2,9.5589 
67,1,1.6924 
67,2,10.9128 
68,1,1.2961 
68,2,9.9973 
69,1,2.8974 
69,2,11.4918 
70,1,3.3712 
70,2,9.0246 
71,1,2.673 
71,2,10.0528 
72,1,2.4254 
72,2,9.4545 
73,1,0.8516 
73,2,10.2812 
74,1,1.3145 
74,2,12.8512 
75,1,0.6031 
75,2,9.6237 
76,1,3.0657 
76,2,9.8821 
77,1,2.7859 
77,2,10.5115 
78,1,0.9916 
78,2,9.7168 
79,1,4.6311 
79,2,10.8647 
80,1,2.6007 
80,2,11.6346 
81,1,2.016 
81,2,10.1357 
82,1,3.2293 
82,2,9.735 
83,1,2.7811 
83,2,10.4506 
84,1,0.872 
84,2,11.7804 
85,1,2.555 
85,2,9.8551 
86,1,2.4146 
86,2,8.7026 
87,1,1.7457 
87,2,10.734 
88,1,2.7356 
88,2,11.4013 
89,1,1.9882 
89,2,9.3943 
90,1,2.5461 
90,2,10.0428 
91,1,1.257 
91,2,11.7689 
92,1,1.8241 
92,2,9.2811 
93,1,1.3031 
93,2,10.2171 
94,1,0.7529 
94,2,10.0897 
95,1,1.7136 
95,2,8.9974 
96,1,2.6299 
96,2,8.4954 
97,1,0.7821 
97,2,10.5868 
98,1,1.8198 
98,2,10.0698 
99,1,0.9459 
99,2,9.4468 
100,1,3.1506 
100,2,9.4174 
101,1,2.8588 
101,2,8.5997 
102,1,2.7071 
102,2,9.5367 
103,1,2.366 
103,2,11.3634 
104,1,1.6371 
104,2,10.5521 
105,1,2.4915 
105,2,9.6975 
106,1,1.9764 
106,2,9.7011 
107,1,1.5098 
107,2,10.7461 
108,1,1.3117 
108,2,9.8067 
109,1,2.1308 
109,2,9.1142 
110,1,1.0258 
110,2,9.5461 
111,1,2.7346 
111,2,11.7169 
112,1,0.7558 
112,2,10.9798 
113,1,2.7506 
113,2,8.3414 
114,1,1.6454 
114,2,8.8311 
115,1,2.9962 
115,2,10.9251 
116,1,1.1199 
116,2,11.1231 
117,1,1.4363 
117,2,9.1129 
118,1,1.0678 
118,2,9.4902 
119,1,1.4732 
119,2,11.2913 
120,1,2.5853 
120,2,9.9792 
121,1,1.2054 
121,2,10.4164 
122,1,1.6671 
122,2,9.7985 
123,1,2.7553 
123,2,8.8844 
124,1,1.0663 
124,2,9.4757 
125,1,1.7824 
125,2,9.8257 
126,1,2.921 
126,2,8.0539 
127,1,2.3208 
127,2,8.926 
128,1,1.5034 
128,2,10.455 
129,1,2.6004 
129,2,10.4488 
130,1,1.8199 
130,2,8.6192 
131,1,2.6712 
131,2,9.5594 
132,1,2.9225 
132,2,11.1722 
133,1,0.9139 
133,2,10.2465 
134,1,2.942 
134,2,10.2372 
135,1,2.1179 
135,2,11.4762 
136,1,2.4282 
136,2,9.0656 
137,1,1.8992 
137,2,12.1072 
138,1,1.6891 
138,2,10.9642 
139,1,2.6003 
139,2,9.4331 
140,1,0.6138 
140,2,10.0188 
141,1,3.01 
141,2,9.9954 
142,1,1.9004 
142,2,10.7154 
143,1,2.5743 
143,2,11.2098 
144,1,2.6719 
144,2,9.4189 
145,1,1.0098 
145,2,9.4044 
146,1,1.1104 
146,2,9.1736 
147,1,0.1475 
147,2,10.4681 
148,1,1.1248 
148,2,10.6328 
149,1,0.976 
149,2,9.5449 
150,1,1.9444 
150,2,9.527 
151,1,1.5129 
151,2,10.2869 
152,1,3.69 
152,2,9.3153 
153,1,3.6247 
153,2,10.2881 
154,1,-0.2856 
154,2,8.9094 
155,1,1.3639 
155,2,9.9098 
156,1,2.0934 
156,2,11.2585 
157,1,3.7033 
157,2,10.4027 
158,1,1.3253 
158,2,10.3772 
159,1,1.768 
159,2,10.1644 
160,1,1.5926 
160,2,11.0772 
161,1,1.8139 
161,2,11.6361 
162,1,2.9136 
162,2,10.9307 
163,1,2.4171 
163,2,8.6613 
164,1,1.6506 
164,2,9.2581 
165,1,1.3839 
165,2,10.4752 
166,1,1.6669 
166,2,8.53 
167,1,1.2568 
167,2,7.6574 
168,1,2.117 
168,2,11.2326 
169,1,4.4952 
169,2,9.8698 
170,1,2.0824 
170,2,9.941 
171,1,1.7305 
171,2,9.8918 
172,1,3.614 
172,2,8.3388 
173,1,2.1156 
173,2,7.4349 
174,1,2.8643 
174,2,9.441 
175,1,1.9585 
175,2,9.732 
176,1,0.767 
176,2,9.816 
177,1,1.4215 
177,2,9.6184 
178,1,2.0301 
178,2,8.9049 
179,1,2.7046 
179,2,10.8368 
180,1,1.5907 
180,2,11.0791 
181,1,1.9452 
181,2,12.0919 
182,1,2.8632 
182,2,8.6477 
183,1,2.6993 
183,2,9.8814 
184,1,1.9803 
184,2,10.8359 
185,1,4.3894 
185,2,10.0953 
186,1,1.2039 
186,2,11.2015 
187,1,3.885 
187,2,12.0705 
188,1,2.3785 
188,2,9.2093 
189,1,2.9085 
189,2,8.6423 
190,1,0.25 
190,2,11.1113 
191,1,0.6797 
191,2,9.0443 
192,1,2.4092 
192,2,12.6478 
193,1,3.0419 
193,2,8.7831 
194,1,1.9003 
194,2,9.6056 
195,1,2.8213 
195,2,11.2176 
196,1,3.1432 
196,2,11.2409 
197,1,0.4089 
197,2,10.1429 
198,1,1.2898 
198,2,8.8742 
199,1,1.5728 
199,2,9.1506 
200,1,1.9817 
200,2,10.17 
201,1,0.9987 
201,2,11.4714 
202,1,0.9595 
202,2,9.0406 
203,1,1.5543 
203,2,8.9784 
204,1,1.0853 
204,2,11.1892 
205,1,1.3523 
205,2,10.7261 
206,1,2.4678 
206,2,10.1828 
207,1,3.1431 
207,2,11.8802 
208,1,1.9605 
208,2,10.4146 
209,1,3.4055 
209,2,9.8604 
210,1,1.0977 
210,2,9.8648 
211,1,1.0986 
211,2,9.399 
212,1,1.8635 
212,2,11.1428 
213,1,2.3106 
213,2,9.6478 
214,1,1.7611 
214,2,8.7466 
215,1,1.4988 
215,2,9.5251 
216,1,1.1014 
216,2,10.9496 
217,1,2.1078 
217,2,8.984 
218,1,3.1498 
218,2,11.4827 
219,1,0.6821 
219,2,9.1571 
220,1,1.5078 
220,2,11.0886 
221,1,3.0489 
221,2,9.6969 
222,1,2.2667 
222,2,9.8933 
223,1,2.9372 
223,2,9.9787 
224,1,1.821 
224,2,9.367 
225,1,3.3642 
225,2,10.0975 
226,1,2.2548 
226,2,8.3784 
227,1,3.7876 
227,2,9.3756 
228,1,2.555 
228,2,10.1268 
229,1,2.6076 
229,2,9.4026 
230,1,2.3022 
230,2,8.9834 
231,1,0.7938 
231,2,10.4573 
232,1,3.1014 
232,2,9.0726 
233,1,3.1634 
233,2,10.2959 
234,1,3.0611 
234,2,9.5141 
235,1,1.9207 
235,2,9.3367 
236,1,2.6592 
236,2,9.5421 
237,1,1.3913 
237,2,9.4937 
238,1,3.3529 
238,2,9.9792 
239,1,2.9651 
239,2,7.631 
240,1,2.4551 
240,2,10.2782 
241,1,1.2052 
241,2,9.0754 
242,1,1.4903 
242,2,8.7709 
243,1,1.8468 
243,2,9.743 
244,1,0.0024 
244,2,10.124 
245,1,1.3122 
245,2,9.6768 
246,1,-0.2199 
246,2,9.399 
247,1,2.0751 
247,2,10.3709 
248,1,1.107 
248,2,11.336 
249,1,1.6897 
249,2,11.2691 
250,1,3.0434 
250,2,11.0384 
251,1,2.7168 
251,2,10.5436 
252,1,2.3975 
252,2,9.8036 
253,1,3.8028 
253,2,9.503 
254,1,2.6683 
254,2,10.2994 
255,1,2.852 
255,2,11.2788 
256,1,1.7447 
256,2,9.1612 
257,1,1.0005 
257,2,8.62 
258,1,0.2931 
258,2,10.0571 
259,1,1.3071 
259,2,11.1342 
260,1,2.4935 
260,2,8.9951 
261,1,1.0882 
261,2,9.5093 
262,1,0.9059 
262,2,9.4045 
263,1,2.5434 
263,2,9.2017 
264,1,2.1045 
264,2,10.0474 
265,1,0.4136 
265,2,10.0604 
266,1,0.6713 
266,2,10.1484 
267,1,0.5141 
267,2,10.2609 
268,1,1.8272 
268,2,9.6876 
269,1,1.7954 
269,2,9.8032 
270,1,0.4941 
270,2,10.0582 
271,1,2.9199 
271,2,8.8511 
272,1,2.4241 
272,2,9.6806 
273,1,4.5305 
273,2,10.1957 
274,1,3.1434 
274,2,10.6352 
275,1,3.0265 
275,2,9.7 
276,1,3.1037 
276,2,8.0637 
277,1,2.273 
277,2,10.199 
278,1,2.1701 
278,2,11.3614 
279,1,1.3839 
279,2,9.7985 
280,1,1.8746 
280,2,9.8377 
281,1,2.4225 
281,2,7.6249 
282,1,1.7913 
282,2,11.6854 
283,1,1.604 
283,2,11.0629 
284,1,3.7729 
284,2,9.8204 
285,1,2.7474 
285,2,9.6334 
286,1,2.465 
286,2,8.0203 
287,1,2.7895 
287,2,10.8103 
288,1,1.1333 
288,2,11.2824 
289,1,1.7491 
289,2,9.8191 
290,1,0.984 
290,2,10.8085 
291,1,2.2956 
291,2,10.0334 
292,1,2.5146 
292,2,9.7059 
293,1,0.7595 
293,2,9.9614 
294,1,4.187 
294,2,11.5785 
295,1,1.8767 
295,2,10.6582 
296,1,1.4921 
296,2,11.8581 
297,1,2.9322 
297,2,10.4696 
298,1,1.3388 
298,2,9.8424 
299,1,0.636 
299,2,9.5179 
300,1,3.0108 
300,2,10.1902 
301,1,2.8492 
301,2,10.7834 
302,1,1.8361 
302,2,9.5766 
303,1,1.2818 
303,2,7.6163 
304,1,1.1255 
304,2,10.1175 
305,1,1.4033 
305,2,10.0111 
306,1,2.3723 
306,2,11.3057 
307,1,1.7124 
307,2,9.1141 
308,1,2.0412 
308,2,10.9302 
309,1,0.1868 
309,2,9.422 
310,1,2.3239 
310,2,10.4358 
311,1,1.356 
311,2,9.9694 
312,1,1.2942 
312,2,8.4731 
313,1,1.4188 
313,2,9.3392 
314,1,2.1685 
314,2,10.3666 
315,1,2.2484 
315,2,9.8835 
316,1,1.6182 
316,2,10.1277 
317,1,1.4323 
317,2,9.8819 
318,1,3.942 
318,2,11.2018 
319,1,1.8027 
319,2,9.844 
320,1,0.7987 
320,2,10.4422 
321,1,3.0335 
321,2,9.2505 
322,1,2.7786 
322,2,11.0158 
323,1,2.6407 
323,2,10.5031 
324,1,3.446 
324,2,11.7966 
325,1,2.6859 
325,2,8.246 
326,1,0.2476 
326,2,8.8079 
327,1,2.4055 
327,2,10.5417 
328,1,2.6243 
328,2,10.4823 
329,1,1.146 
329,2,10.8386 
330,1,2.7771 
330,2,8.9843 
331,1,0.373 
331,2,8.6945 
332,1,2.0938 
332,2,10.6153 
333,1,1.414 
333,2,9.5101 
334,1,0.5293 
334,2,9.7555 
335,1,2.2563 
335,2,9.3102 
336,1,1.0499 
336,2,10.751 
337,1,1.0062 
337,2,10.3021 
338,1,0.0482 
338,2,8.3366 
339,1,1.7049 
339,2,10.6347 
340,1,-0.2421 
340,2,11.995 
341,1,1.9567 
341,2,11.6175 
342,1,2.5587 
342,2,9.4473 
343,1,3.0807 
343,2,8.4698 
344,1,1.25 
344,2,9.77 
345,1,2.5846 
345,2,9.8468 
346,1,0.857 
346,2,8.806 
347,1,0.5791 
347,2,10.2856 
348,1,2.8342 
348,2,11.17 
349,1,0.0979 
349,2,9.366 
350,1,-0.0218 
350,2,7.6476 
351,1,1.6338 
351,2,9.8184 
352,1,3.4172 
352,2,9.4377 
353,1,2.6626 
353,2,10.1632 
354,1,1.5376 
354,2,11.2431 
355,1,3.8637 
355,2,9.4784 
356,1,2.3334 
356,2,8.9445 
357,1,2.3438 
357,2,9.2389 
358,1,3.2491 
358,2,12.2706 
359,1,3.4561 
359,2,9.8293 
360,1,2.8362 
360,2,11.2558 
361,1,0.1436 
361,2,8.7707 
362,1,2.3587 
362,2,10.2193 
363,1,3.2574 
363,2,10.5923 
364,1,5.0466 
364,2,10.9545 
365,1,1.6958 
365,2,11.7347 
366,1,2.1836 
366,2,9.3165 
367,1,2.8986 
367,2,8.2519 
368,1,4.5606 
368,2,11.0263 
369,1,4.1373 
369,2,10.2977 
370,1,2.1247 
370,2,8.7645 
371,1,1.5404 
371,2,10.6234 
372,1,1.7591 
372,2,8.8639 
373,1,2.3532 
373,2,11.1652 
374,1,1.4 
374,2,11.7351 
375,1,2.3822 
375,2,12.0994 
376,1,1.477 
376,2,10.7445 
377,1,1.4718 
377,2,7.7591 
378,1,0.9904 
378,2,11.4961 
379,1,1.5453 
379,2,9.892 
380,1,3.107 
380,2,9.4511 
381,1,2.9664 
381,2,9.9417 
382,1,1.9691 
382,2,9.1025 
383,1,2.4914 
383,2,9.4582 
384,1,2.3913 
384,2,10.6473 
385,1,3.2112 
385,2,9.9582 
386,1,2.8814 
386,2,10.6145 
387,1,1.7217 
387,2,9.1033 
388,1,1.104 
388,2,9.9537 
389,1,1.5799 
389,2,8.9723 
390,1,1.8005 
390,2,10.8583 
391,1,0.2468 
391,2,13.0087 
392,1,1.3434 
392,2,10.9396 
393,1,3.477 
393,2,9.6242 
394,1,0.8024 
394,2,10.1714 
395,1,2.3948 
395,2,9.4763 
396,1,3.9162 
396,2,9.8746 
397,1,3.8551 
397,2,10.7577 
398,1,2.0744 
398,2,10.0406 
399,1,1.7143 
399,2,11.2308 
400,1,1.9244 
400,2,10.9578 
401,1,1.7871 
401,2,10.7692 
402,1,1.2753 
402,2,9.6326 
403,1,1.9234 
403,2,10.9276 
404,1,2.3158 
404,2,11.0279 
405,1,1.6541 
405,2,9.4802 
406,1,2.2449 
406,2,9.4627 
407,1,1.5084 
407,2,10.1549 
408,1,2.242 
408,2,9.1758 
409,1,2.1521 
409,2,10.498 
410,1,2.8092 
410,2,11.5151 
411,1,1.135 
411,2,10.7971 
412,1,2.2341 
412,2,9.6458 
413,1,0.2489 
413,2,9.5733 
414,1,2.6901 
414,2,10.6294 
415,1,3.2002 
415,2,10.307 
416,1,2.1331 
416,2,10.2107 
417,1,3.3214 
417,2,9.5831 
418,1,0.777 
418,2,9.2866 
419,1,0.6647 
419,2,11.8371 
420,1,0.6538 
420,2,10.3193 
421,1,1.4837 
421,2,10.6694 
422,1,1.3028 
422,2,11.4913 
423,1,2.1898 
423,2,11.1555 
424,1,2.0027 
424,2,10.6631 
425,1,0.4817 
425,2,10.4235 
426,1,3.0684 
426,2,10.9226 
427,1,2.122 
427,2,10.5445 
428,1,1.1906 
428,2,10.8427 
429,1,1.786 
429,2,10.7884 
430,1,3.657 
430,2,9.0274 
431,1,0.2383 
431,2,9.8395 
432,1,3.0317 
432,2,11.0171 
433,1,2.0613 
433,2,11.0097 
434,1,1.5891 
434,2,10.3929 
435,1,-0.13 
435,2,10.8537 
436,1,1.7333 
436,2,9.9363 
437,1,1.3255 
437,2,9.3371 
438,1,1.4392 
438,2,9.5492 
439,1,2.7118 
439,2,9.4907 
440,1,2.8694 
440,2,8.7943 
441,1,0.2436 
441,2,9.8826 
442,1,2.8835 
442,2,9.117 
443,1,1.5187 
443,2,9.1745 
444,1,3.1463 
444,2,8.7023 
445,1,1.6191 
445,2,10.3877 
446,1,1.6185 
446,2,10.255 
447,1,1.5532 
447,2,9.0849 
448,1,1.0962 
448,2,11.1738 
449,1,2.4502 
449,2,9.9141 
450,1,3.5752 
450,2,9.0071 
451,1,1.4034 
451,2,9.2126 
452,1,2.7666 
452,2,9.0295 
453,1,1.4012 
453,2,9.9925 
454,1,3.4825 
454,2,9.6216 
455,1,3.8243 
455,2,11.196 
456,1,0.5003 
456,2,9.9509 
457,1,3.0629 
457,2,9.7681 
458,1,1.8294 
458,2,11.735 
459,1,0.765 
459,2,9.1462 
460,1,1.287 
460,2,9.9432 
461,1,1.5028 
461,2,7.4445 
462,1,2.9938 
462,2,10.0699 
463,1,2.1173 
463,2,10.8663 
464,1,2.4365 
464,2,9.3655 
465,1,0.9234 
465,2,9.4772 
466,1,1.6073 
466,2,9.6364 
467,1,2.218 
467,2,9.898 
468,1,1.2007 
468,2,9.4339 
469,1,1.5146 
469,2,10.9485 
470,1,1.5967 
470,2,11.0984 
471,1,1.5719 
471,2,10.3845 
472,1,2.7815 
472,2,8.8174 
473,1,0.904 
473,2,10.8615 
474,1,2.3988 
474,2,9.0614 
475,1,0.4311 
475,2,10.2977 
476,1,2.4013 
476,2,10.1827 
477,1,2.7643 
477,2,9.2322 
478,1,2.0367 
478,2,10.6308 
479,1,2.2219 
479,2,10.6707 
480,1,2.8916 
480,2,11.3937 
481,1,3.6005 
481,2,10.2698 
482,1,0.4824 
482,2,10.669 
483,1,3.3441 
483,2,10.5991 
484,1,3.2773 
484,2,9.2354 
485,1,1.8244 
485,2,11.5954 
486,1,2.257 
486,2,10.0396 
487,1,1.7619 
487,2,9.4535 
488,1,2.1705 
488,2,11.0206 
489,1,1.0714 
489,2,10.0276 
490,1,3.1475 
490,2,10.7855 
491,1,2.2641 
491,2,10.2902 
492,1,2.5355 
492,2,11.8621 
493,1,1.0211 
493,2,10.5501 
494,1,2.4374 
494,2,9.1715 
495,1,2.7893 
495,2,9.069 
496,1,1.9877 
496,2,10.0095 
497,1,1.3015 
497,2,8.7086 
498,1,1.5152 
498,2,9.7955 
499,1,2.983 
499,2,10.5226 
500,1,3.2906 
500,2,10.9942 
501,1,9.0763 
501,2,3.6182 
502,1,8.2705 
502,2,7.2307 
503,1,8.0614 
503,2,6.4323 
504,1,8.4831 
504,2,6.9574 
505,1,6.9323 
505,2,5.4383 
506,1,8.4195 
506,2,6.37 
507,1,9.1154 
507,2,4.5184 
508,1,7.4407 
508,2,6.8632 
509,1,8.4554 
509,2,5.3272 
510,1,8.265 
510,2,6.4256 
511,1,8.2262 
511,2,5.4482 
512,1,8.8811 
512,2,4.5529 
513,1,8.8143 
513,2,7.1444 
514,1,6.9338 
514,2,5.8762 
515,1,7.396 
515,2,5.8139 
516,1,10.3311 
516,2,5.0887 
517,1,8.5273 
517,2,6.1063 
518,1,7.8046 
518,2,7.3771 
519,1,5.639 
519,2,7.759 
520,1,8.5309 
520,2,6.2827 
521,1,8.1771 
521,2,5.0707 
522,1,9.4095 
522,2,5.43 
523,1,8.7046 
523,2,5.3386 
524,1,7.908 
524,2,6.3827 
525,1,9.1193 
525,2,5.674 
526,1,7.1575 
526,2,6.3984 
527,1,8.2036 
527,2,7.4558 
528,1,6.9428 
528,2,6.053 
529,1,7.0708 
529,2,6.0328 
530,1,8.5002 
530,2,3.9839 
531,1,7.9909 
531,2,4.9842 
532,1,7.9281 
532,2,7.4734 
533,1,7.6097 
533,2,5.3773 
534,1,7.0672 
534,2,6.3845 
535,1,6.443 
535,2,5.8032 
536,1,8.9113 
536,2,8.0122 
537,1,9.0332 
537,2,7.4464 
538,1,7.6708 
538,2,5.8016 
539,1,10.6307 
539,2,5.9639 
540,1,8.9046 
540,2,6.9305 
541,1,8.8815 
541,2,7.4735 
542,1,7.2554 
542,2,6.7347 
543,1,7.5898 
543,2,6.3194 
544,1,7.6029 
544,2,4.288 
545,1,6.6836 
545,2,6.5329 
546,1,8.4571 
546,2,7.1964 
547,1,9.1665 
547,2,6.5711 
548,1,6.9727 
548,2,6.8004 
549,1,7.2696 
549,2,5.3333 
550,1,7.53 
550,2,5.8514 
551,1,6.8367 
551,2,6.9322 
552,1,9.6199 
552,2,5.3904 
553,1,8.5354 
553,2,6.1201 
554,1,8.5685 
554,2,5.2019 
555,1,7.9089 
555,2,6.3547 
556,1,8.2306 
556,2,4.5604 
557,1,7.1717 
557,2,7.5673 
558,1,8.0941 
558,2,6.232 
559,1,6.9623 
559,2,4.3481 
560,1,7.7311 
560,2,6.5384 
561,1,7.2898 
561,2,4.4866 
562,1,8.1359 
562,2,5.8839 
563,1,7.2141 
563,2,7.4916 
564,1,8.282 
564,2,6.613 
565,1,8.4064 
565,2,3.9432 
566,1,5.8756 
566,2,7.8242 
567,1,8.234 
567,2,6.3294 
568,1,6.4996 
568,2,5.5902 
569,1,6.7502 
569,2,6.6716 
570,1,8.2233 
570,2,4.5487 
571,1,7.1421 
571,2,7.3348 
572,1,6.9475 
572,2,7.8337 
573,1,8.2488 
573,2,5.3433 
574,1,7.7257 
574,2,4.9425 
575,1,5.9146 
575,2,5.3037 
576,1,7.6586 
576,2,5.9385 
577,1,7.9889 
577,2,5.5274 
578,1,8.4744 
578,2,6.7943 
579,1,8.7801 
579,2,5.4734 
580,1,9.5927 
580,2,7.2177 
581,1,7.7024 
581,2,5.4924 
582,1,9.0773 
582,2,4.8006 
583,1,7.0685 
583,2,5.8448 
584,1,8.6542 
584,2,6.6971 
585,1,8.2266 
585,2,6.1599 
586,1,7.9446 
586,2,6.9051 
587,1,8.6033 
587,2,5.3414 
588,1,9.0599 
588,2,6.2449 
589,1,7.8713 
589,2,5.2773 
590,1,7.2338 
590,2,5.6631 
591,1,6.7472 
591,2,5.1889 
592,1,9.175 
592,2,5.2414 
593,1,10.102 
593,2,4.915 
594,1,7.3826 
594,2,5.4081 
595,1,8.393 
595,2,6.6832 
596,1,8.7422 
596,2,4.0912 
597,1,8.9501 
597,2,7.3692 
598,1,8.0531 
598,2,6.4036 
599,1,6.7342 
599,2,5.9134 
600,1,6.8208 
600,2,4.288 
601,1,8.6959 
601,2,6.7073 
602,1,9.3834 
602,2,4.9104 
603,1,8.0954 
603,2,4.9568 
604,1,8.5887 
604,2,4.7562 
605,1,7.3608 
605,2,6.2493 
606,1,7.9341 
606,2,4.7172 
607,1,7.9693 
607,2,6.9528 
608,1,8.7515 
608,2,7.2956 
609,1,8.4017 
609,2,6.0966 
610,1,7.7578 
610,2,7.0587 
611,1,9.1227 
611,2,7.2597 
612,1,8.7334 
612,2,7.3236 
613,1,6.5303 
613,2,6.4748 
614,1,9.5328 
614,2,7.7178 
615,1,6.7743 
615,2,6.6099 
616,1,8.6674 
616,2,6.4519 
617,1,7.0191 
617,2,4.374 
618,1,7.9554 
618,2,4.4636 
619,1,7.7668 
619,2,5.1508 
620,1,9.567 
620,2,4.675 
621,1,8.3164 
621,2,6.9037 
622,1,8.564 
622,2,5.9538 
623,1,6.4046 
623,2,5.9156 
624,1,7.5077 
624,2,4.5523 
625,1,7.8766 
625,2,6.7445 
626,1,6.7871 
626,2,6.049 
627,1,7.7125 
627,2,5.3224 
628,1,7.1514 
628,2,6.4472 
629,1,8.7777 
629,2,4.8864 
630,1,8.3589 
630,2,5.7802 
631,1,9.4922 
631,2,5.659 
632,1,8.8915 
632,2,6.094 
633,1,8.8716 
633,2,4.8924 
634,1,8.9491 
634,2,5.6622 
635,1,9.7933 
635,2,5.3093 
636,1,7.0037 
636,2,5.5124 
637,1,9.485 
637,2,5.8211 
638,1,6.6681 
638,2,4.463 
639,1,8.9068 
639,2,5.0077 
640,1,7.3119 
640,2,5.8769 
641,1,6.7052 
641,2,6.7021 
642,1,8.7669 
642,2,5.6089 
643,1,6.657 
643,2,6.541 
644,1,8.2815 
644,2,6.4831 
645,1,10.9395 
645,2,6.5149 
646,1,7.6675 
646,2,7.7778 
647,1,7.1631 
647,2,4.7077 
648,1,8.1903 
648,2,4.7043 
649,1,7.8138 
649,2,5.9205 
650,1,5.7942 
650,2,5.6302 
651,1,7.3829 
651,2,6.6371 
652,1,7.4007 
652,2,5.3714 
653,1,9.2226 
653,2,6.6189 
654,1,9.0421 
654,2,5.8666 
655,1,8.0823 
655,2,7.7552 
656,1,7.6496 
656,2,5.8685 
657,1,9.7796 
657,2,3.5661 
658,1,7.6012 
658,2,6.0981 
659,1,6.5689 
659,2,5.5216 
660,1,8.2157 
660,2,5.5733 
661,1,9.434 
661,2,6.1397 
662,1,8.1029 
662,2,4.3953 
663,1,7.0931 
663,2,6.599 
664,1,7.9781 
664,2,5.1473 
665,1,5.8763 
665,2,6.1189 
666,1,6.8415 
666,2,8.0276 
667,1,7.4179 
667,2,4.8192 
668,1,8.1303 
668,2,4.6943 
669,1,6.877 
669,2,7.0644 
670,1,8.3905 
670,2,5.7779 
671,1,9.0776 
671,2,5.8308 
672,1,7.5377 
672,2,4.4221 
673,1,8.1835 
673,2,4.1652 
674,1,9.2673 
674,2,8.8394 
675,1,7.8948 
675,2,5.5433 
676,1,6.8124 
676,2,5.2318 
677,1,9.0847 
677,2,6.6389 
678,1,9.3182 
678,2,3.9233 
679,1,7.7265 
679,2,6.3012 
680,1,8.3956 
680,2,6.2078 
681,1,9.7134 
681,2,4.8808 
682,1,9.8088 
682,2,5.3261 
683,1,9.3749 
683,2,7.4548 
684,1,8.9169 
684,2,5.2073 
685,1,8.8641 
685,2,5.2552 
686,1,8.8502 
686,2,5.6786 
687,1,6.5011 
687,2,5.5216 
688,1,7.6472 
688,2,5.6535 
689,1,7.7139 
689,2,5.2496 
690,1,7.3159 
690,2,5.8909 
691,1,9.8103 
691,2,5.5298 
692,1,9.9827 
692,2,3.906 
693,1,7.0814 
693,2,7.2024 
694,1,8.8968 
694,2,7.4118 
695,1,8.2433 
695,2,7.31 
696,1,8.0839 
696,2,6.0778 
697,1,7.3386 
697,2,7.6228 
698,1,8.0629 
698,2,5.9771 
699,1,8.3956 
699,2,5.8577 
700,1,8.2415 
700,2,6.9684 
701,1,8.7441 
701,2,4.8974 
702,1,6.4221 
702,2,6.425 
703,1,9.2798 
703,2,5.5329 
704,1,8.7532 
704,2,6.1955 
705,1,8.2234 
705,2,5.2447 
706,1,9.5081 
706,2,5.9577 
707,1,7.993 
707,2,5.9169 
708,1,7.7429 
708,2,7.5474 
709,1,9.9379 
709,2,6.269 
710,1,8.3928 
710,2,4.9215 
711,1,7.1295 
711,2,5.115 
712,1,5.801 
712,2,6.2148 
713,1,9.0782 
713,2,4.2949 
714,1,6.745 
714,2,6.7399 
715,1,5.6972 
715,2,4.9318 
716,1,7.6463 
716,2,5.9805 
717,1,7.9307 
717,2,6.2445 
718,1,8.3216 
718,2,5.0416 
719,1,7.871 
719,2,5.901 
720,1,7.0316 
720,2,5.6722 
721,1,7.4405 
721,2,5.8307 
722,1,9.2446 
722,2,8.0037 
723,1,8.6624 
723,2,5.952 
724,1,10.4407 
724,2,5.9015 
725,1,7.5016 
725,2,4.4047 
726,1,8.2625 
726,2,5.6199 
727,1,9.4608 
727,2,5.3023 
728,1,7.2359 
728,2,6.7735 
729,1,8.1642 
729,2,6.2214 
730,1,7.4049 
730,2,6.4991 
731,1,6.0881 
731,2,7.2177 
732,1,6.9945 
732,2,6.5258 
733,1,8.3387 
733,2,4.3629 
734,1,7.9381 
734,2,7.4762 
735,1,8.532 
735,2,6.396 
736,1,8.0048 
736,2,7.0273 
737,1,8.6937 
737,2,6.2597 
738,1,9.0106 
738,2,5.8088 
739,1,9.1048 
739,2,8.1393 
740,1,8.3666 
740,2,4.5005 
741,1,8.2771 
741,2,5.3216 
742,1,7.0664 
742,2,4.9395 
743,1,8.5598 
743,2,5.9048 
744,1,8.2945 
744,2,5.2057 
745,1,7.7944 
745,2,6.6748 
746,1,7.7001 
746,2,5.9437 
747,1,8.6498 
747,2,6.0791 
748,1,7.977 
748,2,7.0788 
749,1,9.3004 
749,2,5.6762 
750,1,7.6101 
750,2,6.328 
751,1,7.3716 
751,2,6.1726 
752,1,7.627 
752,2,5.1132 
753,1,6.9013 
753,2,6.7508 
754,1,7.5519 
754,2,6.2138 
755,1,9.0175 
755,2,5.1723 
756,1,8.1032 
756,2,5.2177 
757,1,8.0181 
757,2,7.2025 
758,1,8.0762 
758,2,7.3345 
759,1,7.8808 
759,2,5.5689 
760,1,9.1584 
760,2,6.259 
761,1,9.9771 
761,2,5.4315 
762,1,6.1391 
762,2,5.658 
763,1,9.2422 
763,2,6.0637 
764,1,7.5781 
764,2,5.7935 
765,1,10.0358 
765,2,5.7142 
766,1,10.2073 
766,2,6.6448 
767,1,8.0973 
767,2,6.0344 
768,1,9.2634 
768,2,6.9592 
769,1,9.954 
769,2,5.1421 
770,1,8.1905 
770,2,6.2697 
771,1,8.5797 
771,2,6.7537 
772,1,6.6004 
772,2,6.8657 
773,1,7.1566 
773,2,5.3789 
774,1,6.5038 
774,2,6.8171 
775,1,7.3372 
775,2,6.3496 
776,1,6.9556 
776,2,6.5601 
777,1,8.162 
777,2,6.5362 
778,1,8.9373 
778,2,3.3962 
779,1,7.0982 
779,2,5.7619 
780,1,7.0844 
780,2,4.8479 
781,1,9.3697 
781,2,6.6358 
782,1,9.3004 
782,2,4.5318 
783,1,6.734 
783,2,4.6465 
784,1,6.4446 
784,2,4.8752 
785,1,7.5408 
785,2,7.2979 
786,1,7.2611 
786,2,5.5857 
787,1,8.563 
787,2,6.5963 
788,1,8.1985 
788,2,4.874 
789,1,8.1668 
789,2,5.5344 
790,1,7.6468 
790,2,5.4841 
791,1,8.1835 
791,2,5.3306 
792,1,8.7089 
792,2,5.1637 
793,1,7.4026 
793,2,5.3333 
794,1,8.0522 
794,2,4.1275 
795,1,9.3237 
795,2,7.5268 
796,1,8.7441 
796,2,5.2845 
797,1,8.6985 
797,2,5.4793 
798,1,6.8446 
798,2,6.169 
799,1,8.2959 
799,2,5.2581 
800,1,7.0924 
800,2,6.8547 
801,1,8.7402 
801,2,6.7496 
802,1,7.9141 
802,2,5.9626 
803,1,7.0189 
803,2,6.5529 
804,1,6.296 
804,2,4.0431 
805,1,6.9471 
805,2,6.6782 
806,1,8.5355 
806,2,5.165 
807,1,8.8769 
807,2,7.8181 
808,1,9.9314 
808,2,5.4869 
809,1,10.1063 
809,2,3.7454 
810,1,7.3662 
810,2,4.5879 
811,1,7.8749 
811,2,5.4496 
812,1,6.2255 
812,2,6.617 
813,1,5.7775 
813,2,6.2401 
814,1,8.7767 
814,2,7.2149 
815,1,8.8936 
815,2,4.5986 
816,1,8.2966 
816,2,5.4288 
817,1,7.3738 
817,2,5.7559 
818,1,9.5619 
818,2,6.8857 
819,1,8.1716 
819,2,5.7611 
820,1,9.753 
820,2,4.9592 
821,1,6.9878 
821,2,5.4263 
822,1,7.8407 
822,2,5.7767 
823,1,9.2754 
823,2,6.6814 
824,1,6.7949 
824,2,7.5449 
825,1,10.1502 
825,2,6.4162 
826,1,8.9761 
826,2,5.4287 
827,1,8.6151 
827,2,8.0347 
828,1,9.7882 
828,2,5.941 
829,1,8.5239 
829,2,5.6877 
830,1,7.1184 
830,2,4.9412 
831,1,8.1966 
831,2,5.2369 
832,1,7.8129 
832,2,5.0984 
833,1,9.4041 
833,2,5.5891 
834,1,8.0008 
834,2,5.2734 
835,1,7.0515 
835,2,4.869 
836,1,6.3817 
836,2,5.8855 
837,1,6.031 
837,2,5.915 
838,1,7.5395 
838,2,7.5693 
839,1,8.7593 
839,2,5.7219 
840,1,8.013 
840,2,7.3712 
841,1,10.2745 
841,2,5.7232 
842,1,7.0627 
842,2,4.1881 
843,1,7.8748 
843,2,6.5562 
844,1,7.9603 
844,2,6.3048 
845,1,7.7632 
845,2,6.2875 
846,1,7.175 
846,2,6.6418 
847,1,9.0378 
847,2,5.7578 
848,1,6.9635 
848,2,5.5186 
849,1,6.4412 
849,2,5.3199 
850,1,7.9339 
850,2,3.7816 
851,1,7.5683 
851,2,7.4588 
852,1,8.2366 
852,2,7.7277 
853,1,8.7842 
853,2,7.4991 
854,1,8.2338 
854,2,6.371 
855,1,8.6575 
855,2,5.9918 
856,1,7.6682 
856,2,6.2068 
857,1,9.2877 
857,2,5.3091 
858,1,7.6863 
858,2,5.6118 
859,1,7.1658 
859,2,7.1707 
860,1,7.3201 
860,2,4.7721 
861,1,8.6743 
861,2,6.9031 
862,1,5.8169 
862,2,4.6524 
863,1,7.9021 
863,2,4.7702 
864,1,7.5362 
864,2,5.2951 
865,1,8.6782 
865,2,6.0935 
866,1,7.2288 
866,2,5.2509 
867,1,7.6569 
867,2,5.4522 
868,1,7.2798 
868,2,7.6391 
869,1,10.3711 
869,2,5.8089 
870,1,7.2587 
870,2,5.1785 
871,1,8.0345 
871,2,7.1911 
872,1,9.1602 
872,2,6.1064 
873,1,7.2454 
873,2,5.7452 
874,1,7.7576 
874,2,6.3315 
875,1,8.3024 
875,2,7.3411 
876,1,6.9979 
876,2,7.3861 
877,1,7.5908 
877,2,7.0881 
878,1,9.8116 
878,2,4.7454 
879,1,6.6009 
879,2,5.0028 
880,1,7.7108 
880,2,6.3373 
881,1,8.8557 
881,2,8.4313 
882,1,7.8542 
882,2,5.8626 
883,1,9.2086 
883,2,5.4207 
884,1,8.0856 
884,2,3.6353 
885,1,7.391 
885,2,7.3714 
886,1,7.0168 
886,2,7.4005 
887,1,9.0426 
887,2,7.1946 
888,1,7.6295 
888,2,8.0208 
889,1,7.5275 
889,2,6.1712 
890,1,6.4343 
890,2,5.657 
891,1,9.4744 
891,2,5.1663 
892,1,8.6163 
892,2,3.8968 
893,1,8.999 
893,2,5.0687 
894,1,9.7333 
894,2,6.9136 
895,1,8.3271 
895,2,7.3557 
896,1,8.9973 
896,2,5.0123 
897,1,6.9674 
897,2,7.5675 
898,1,8.4203 
898,2,5.8203 
899,1,7.7636 
899,2,6.2289 
900,1,8.6542 
900,2,4.4132 
901,1,8.044 
901,2,5.1283 
902,1,9.5986 
902,2,5.7286 
903,1,9.0948 
903,2,7.4954 
904,1,7.9562 
904,2,6.8925 
905,1,8.907 
905,2,8.2433 
906,1,7.8333 
906,2,5.1906 
907,1,8.5591 
907,2,4.8224 
908,1,9.2069 
908,2,5.6847 
909,1,7.8769 
909,2,4.8545 
910,1,6.6758 
910,2,5.2359 
911,1,7.0168 
911,2,5.8798 
912,1,9.5705 
912,2,6.0467 
913,1,9.3261 
913,2,4.286 
914,1,10.5816 
914,2,5.8349 
915,1,7.9381 
915,2,5.2531 
916,1,8.0239 
916,2,3.8077 
917,1,8.149 
917,2,4.1104 
918,1,8.0542 
918,2,6.5166 
919,1,8.764 
919,2,6.7187 
920,1,6.4888 
920,2,5.4597 
921,1,7.5263 
921,2,6.0787 
922,1,8.2075 
922,2,6.3232 
923,1,6.0957 
923,2,8.0208 
924,1,8.1784 
924,2,6.1804 
925,1,8.8237 
925,2,6.6933 
926,1,6.063 
926,2,3.9457 
927,1,7.4028 
927,2,6.6168 
928,1,8.0378 
928,2,6.1214 
929,1,9.896 
929,2,4.0941 
930,1,9.9498 
930,2,5.4522 
931,1,8.2858 
931,2,5.9094 
932,1,7.4946 
932,2,6.8988 
933,1,7.4066 
933,2,6.4552 
934,1,7.9884 
934,2,4.3272 
935,1,7.9723 
935,2,5.4712 
936,1,7.9951 
936,2,4.6515 
937,1,9.1752 
937,2,5.2966 
938,1,9.985 
938,2,6.3682 
939,1,7.903 
939,2,7.54 
940,1,7.2989 
940,2,7.3015 
941,1,7.7472 
941,2,5.3267 
942,1,8.7771 
942,2,6.1375 
943,1,7.871 
943,2,6.4433 
944,1,8.9801 
944,2,7.2564 
945,1,7.2872 
945,2,4.6624 
946,1,7.6339 
946,2,6.7847 
947,1,8.3377 
947,2,5.589 
948,1,5.4515 
948,2,6.9458 
949,1,7.6407 
949,2,6.1773 
950,1,6.4342 
950,2,5.1945 
951,1,8.2988 
951,2,5.1774 
952,1,6.9424 
952,2,6.0149 
953,1,7.0859 
953,2,7.2429 
954,1,8.332 
954,2,6.1875 
955,1,6.6447 
955,2,5.0769 
956,1,8.9524 
956,2,7.2635 
957,1,8.5022 
957,2,3.3678 
958,1,5.8611 
958,2,4.2303 
959,1,7.6328 
959,2,4.1274 
960,1,7.9733 
960,2,5.229 
961,1,7.6807 
961,2,6.0651 
962,1,8.4621 
962,2,6.6769 
963,1,7.9885 
963,2,8.1237 
964,1,7.1978 
964,2,6.6759 
965,1,8.8106 
965,2,7.111 
966,1,9.3019 
966,2,7.8681 
967,1,7.442 
967,2,4.4704 
968,1,8.208 
968,2,5.0912 
969,1,6.6053 
969,2,6.2143 
970,1,8.9814 
970,2,4.8554 
971,1,6.3905 
971,2,6.0827 
972,1,9.9923 
972,2,4.9622 
973,1,8.0697 
973,2,5.5593 
974,1,8.4176 
974,2,4.0877 
975,1,9.4547 
975,2,8.0343 
976,1,7.3453 
976,2,5.9509 
977,1,7.8194 
977,2,6.2185 
978,1,8.1902 
978,2,6.1692 
979,1,7.1701 
979,2,7.1734 
980,1,7.0048 
980,2,6.0951 
981,1,7.368 
981,2,7.0866 
982,1,8.5935 
982,2,5.4692 
983,1,9.9991 
983,2,5.6622 
984,1,9.3699 
984,2,5.9363 
985,1,8.8426 
985,2,5.3667 
986,1,7.5563 
986,2,4.8109 
987,1,9.049 
987,2,6.2075 
988,1,8.575 
988,2,3.1459 
989,1,8.4722 
989,2,4.2462 
990,1,8.1207 
990,2,5.3516 
991,1,8.4587 
991,2,5.9574 
992,1,8.8884 
992,2,7.3856 
993,1,9.0562 
993,2,5.2618 
994,1,8.7128 
994,2,7.1488 
995,1,6.4808 
995,2,5.9148 
996,1,6.6758 
996,2,5.5204 
997,1,7.9199 
997,2,6.6234 
998,1,7.8441 
998,2,4.7979 
999,1,7.176 
999,2,6.0007 
1000,1,7.9009 
1000,2,6.3207 
