Feature1,Feature2,Feature3,Feature4,Feature5,Feature6,Class
* 
0.8591,-0.3732,-0.0852,2.003,1.2759,2.2024,1 
-0.4319,-1.649,1.2589,0.8094,1.8074,2.2103,1 
0.5125,0.7272,0.6199,0.836,2.7145,4.2226,1 
-0.9817,0.3627,1.5919,1.3744,0.1798,0.4536,1 
0.6556,-0.3414,3.916,0.6772,2.8707,0.5647,1 
-0.6087,-0.4425,1.0428,3.0949,1.4781,4.0706,1 
-0.5266,0.6485,1.043,1.1997,2.0734,2.1376,1 
-1.1888,0.2139,2.743,1.1645,2.3008,1.3398,1 
-0.4926,0.6593,0.3786,2.0001,2.7758,0.8269,1 
-0.1918,-1.4941,1.8869,1.979,1.2024,1.2103,1 
0.9589,-0.2056,3.2168,3.5782,2.2645,0.6076,1 
-0.6915,2.314,1.7661,3.5136,2.4709,3.5354,1 
0.6628,1.2329,0.9779,2.5166,2.6724,1.6095,1 
-1.1893,0.6822,1.985,1.8959,1.0453,0.3329,1 
0.3393,0.2467,3.5903,3.2043,2.2644,2.5338,1 
0.5291,-1.0393,2.5896,-0.2757,1.6957,2.1217,1 
0.0756,2.5778,0.9312,1.5781,1.8857,2.7663,1 
-0.2819,-0.6813,2.549,2.4798,0.8481,0.6073,1 
1.052,0.0957,1.52,-0.1313,2.5819,2.6509,1 
0.5019,-1.2522,1.9089,2.6228,1.4577,1.206,1 
-0.3197,-1.5971,3.7171,2.2369,2.5696,1.7221,1 
-0.8685,-0.6164,3.1257,2.0347,2.0597,0.8702,1 
0.7832,-2.0997,1.9416,3.3909,4.0603,2.4463,1 
0.1151,1.6184,2.0284,2.1731,1.123,3.2425,1 
0.153,-0.3328,2.6399,2.3506,2.8482,2.0483,1 
0.214,0.675,0.556,2.3009,2.5255,2.8931,1 
0.4051,0.2849,2.1379,1.4515,1.5367,0.7855,1 
1.6475,0.6371,2.938,2.2635,1.7821,0.7905,1 
-1.731,-0.356,3.8036,1.1155,2.6995,2.4967,1 
-0.5197,0.1665,3.1375,2.2156,0.2755,2.0858,1 
-0.8602,0.7251,4.3905,1.3862,1.267,1.3362,1 
1.0081,0.0477,0.6156,2.3704,1.7546,1.0063,1 
0.6152,-1.0622,1.5197,1.4208,3.4326,2.1616,1 
0.1793,1.2306,1.2665,0.7888,1.2051,1.7163,1 
-1.5467,1.4967,2.0094,1.8343,2.0683,2.714,1 
-0.3081,-0.8822,1.1478,1.3618,0.0068,3.9882,1 
-1.459,0.1284,2.2259,2.1591,0.9596,2.7218,1 
-0.2116,-0.1474,1.8843,1.7377,1.0847,3.0316,1 
0.6666,-0.6087,1.0686,-0.0066,-0.0941,1.8826,1 
0.7485,-1.0658,1.7638,3.1281,1.6641,1.8362,1 
-0.4009,-0.2971,0.4893,1.6722,1.7708,1.0452,1 
-0.4168,-0.5178,2.0531,1.885,2.4124,1.1595,1 
-1.4804,0.2884,0.0209,2.6631,4.2978,2.8109,1 
-0.0407,-0.7404,3.3609,2.0243,2.295,2.1835,1 
0.7789,-0.262,3.3526,1.8868,4.6426,1.2159,1 
0.8426,-0.3578,3.1136,2.8536,1.3707,2.9237,1 
1.339,0.0359,1.1907,1.3048,1.5383,3.6873,1 
0.1936,-0.7304,2.4772,2.9445,2.5501,1.5577,1 
-0.7603,-0.8302,1.7845,2.3879,1.4493,2.1181,1 
-1.6287,-0.5912,1.0004,2.2292,2.5899,0.5143,1 
2.1393,0.1555,1.5492,2.3624,1.1253,2.4847,1 
0.6743,-1.0569,0.787,4.2233,2.6084,4.4214,1 
-0.4333,1.3332,1.973,1.4308,2.2077,1.9105,1 
-2.422,0.3109,2.9139,3.9855,3.3759,1.8588,1 
1.8274,-0.4063,-0.0365,2.6101,2.6294,1.3656,1 
0.0414,1.4081,1.9548,2.0317,1.6321,1.2001,1 
0.976,-0.2682,3.5578,1.8226,1.3755,2.1326,1 
0.5878,1.3303,2.3431,3.9745,0.4529,2.0844,1 
-0.4829,0.9729,2.2264,3.3965,1.6951,2.1503,1 
0.453,0.6358,1.2399,1.5775,1.3157,3.1756,1 
0.7481,-0.387,4.216,2.254,2.3323,2.3315,1 
0.2213,1.1425,2.9681,3.6329,2.0078,1.5656,1 
0.9491,-0.9173,2.3259,0.2379,2.3901,2.6093,1 
-0.3314,-0.8746,3.8997,2.808,1.4726,1.5698,1 
-0.1021,-0.9385,1.9404,1.3278,1.7011,4.3565,1 
0.1182,-0.6768,1.4145,2.3637,0.6919,2.274,1 
-1.1957,-0.9065,2.8833,1.1305,1.7206,1.1632,1 
-0.9494,0.957,2.0658,2.2872,0.5279,3.1671,1 
0.6024,2.1021,2.0562,3.2333,3.0262,1.7914,1 
0.2819,0.4601,3.7699,1.2485,1.1117,3.4503,1 
0.7498,-0.8315,0.7531,2.072,3.8701,0.2961,1 
-0.5041,-0.5947,1.611,1.1839,2.4541,2.809,1 
0.1471,-0.3941,3.2472,0.9074,2.4654,2.6582,1 
1.7994,-1.2243,2.9792,1.2288,1.8016,2.1852,1 
-0.48,-1.316,1.4128,1.012,2.3558,3.1598,1 
1.4581,-0.2701,-0.0031,0.6387,0.5177,1.95,1 
-0.8531,0.786,2.141,2.4446,1.9828,2.8568,1 
0.5188,-0.2981,1.3214,2.5628,1.1056,3.6151,1 
1.9067,0.9475,-0.5293,1.2652,2.4602,4.0278,1 
0.7293,0.0713,2.1207,2.6238,1.3259,1.524,1 
0.1001,1.0579,3.8463,2.3492,1.5399,2.4102,1 
-0.1547,0.5915,2.3445,1.265,1.359,0.8479,1 
1.7698,-0.2751,1.3233,1.848,1.5852,1.1622,1 
0.8666,-1.2865,1.2471,0.8576,2.3192,-0.2425,1 
-0.6798,0.4646,3.1133,2.6188,1.6636,1.8409,1 
-0.4993,-1.6152,3.2732,0.8283,1.5374,2.7514,1 
-0.2281,1.2006,2.7994,2.8114,0.3957,1.5638,1 
-0.7477,-0.5883,1.3708,3.8805,1.3513,1.3388,1 
1.2248,1.1161,1.5686,2.3266,3.5561,1.6951,1 
-0.5724,-0.3753,2.219,2.8906,2.9506,2.0562,1 
-0.9272,0.4202,2.4565,1.4934,2.3314,1.3976,1 
-0.3767,-0.0184,1.2987,5.1148,2.355,1.7537,1 
0.3867,-0.1337,1.9618,2.47,2.3134,0.139,1 
-0.7539,-0.4126,1.5415,2.3143,1.8922,2.7129,1 
0.7548,0.5103,1.9214,1.6062,2.8061,2.0562,1 
2.1979,-1.5641,2.1587,1.6932,1.8588,1.5404,1 
0.6549,-1.0343,1.5024,3.032,1.7436,0.8335,1 
0.1473,-1.092,3.6778,1.1561,0.743,1.1009,1 
-0.715,-0.454,2.1824,2.8688,1.7813,1.1357,1 
-0.3658,0.2083,0.2218,1.67,1.2548,2.6805,1 
0.876,-1.2688,2.8742,2.346,3.4776,1.9747,1 
0.4236,-0.3723,2.9067,1.495,1.8898,0.0884,1 
-0.9474,0.2156,2.5993,2.1264,2.6988,3.7113,1 
1.3171,-1.3509,2.6856,3.8098,0.9404,-0.0383,1 
0.6605,0.7456,2.1483,1.7916,2.7485,1.7761,1 
0.5821,0.3226,2.9755,3.7014,0.7378,2.9586,1 
0.2447,0.4518,1.0389,1.7352,2.3797,1.4069,1 
1.2781,-0.6191,0.2468,2.0343,2.3618,1.9242,1 
1.5669,2.845,2.1106,0.5773,1.0482,2.3116,1 
0.3268,0.3772,2.1519,3.0668,1.0257,1.9571,1 
1.2616,-2.0426,2.4761,0.2308,1.6513,1.6311,1 
-1.7076,-1.2889,2.5696,2.614,2.7195,2.6229,1 
-0.4506,0.0379,2.2056,2.4812,2.5522,1.8476,1 
-0.8471,-1.5582,2.284,1.6378,2.071,1.2266,1 
-0.9191,0.1478,2.7752,0.4661,1.7303,3.0347,1 
0.0692,-1.3823,2.2503,1.9144,2.0631,0.9793,1 
-1.2736,-0.3978,2.7316,1.8051,2.4709,0.6492,1 
-0.02,-1.5994,1.885,1.8652,1.5097,1.8796,1 
0.6573,1.3928,1.334,0.625,2.4951,1.9573,1 
-0.3327,-1.1125,2.8277,2.0653,1.8945,3.4551,1 
0.9735,-1.9804,2.3966,3.7658,3.2249,0.827,1 
0.5778,0.1853,3.6276,2.4969,0.8957,1.7021,1 
1.5768,-0.1844,2.4768,2.127,1.8096,1.7614,1 
0.7781,1.0409,1.8141,0.0939,1.475,1.2726,1 
0.959,0.9719,4.1178,2.4898,1.9512,0.9703,1 
1.1217,-0.4762,1.5699,0.8302,1.9916,2.5512,1 
0.1872,1.0258,3.0031,-0.0248,0.5302,0.7908,1 
-0.1196,-0.217,3.2801,0.0903,1.8607,2.7225,1 
1.9013,0.1674,2.479,1.4708,2.6122,2.3594,1 
-0.3106,1.0284,2.6922,2.3775,0.4367,2.8526,1 
-0.1578,1.4766,0.3798,1.7281,1.1117,0.2428,1 
-0.5475,-0.5245,1.5524,1.9472,3.0101,1.7449,1 
0.3675,-0.2614,2.0588,1.2742,2.7065,2.4698,1 
-0.5476,0.8875,1.2079,1.407,0.6189,0.491,1 
0.87,0.4239,2.2534,2.3601,1.4544,1.9287,1 
0.5492,0.148,3.4451,4.3007,2.1104,0.5157,1 
-0.363,0.5066,2.4886,0.9868,1.8233,2.2832,1 
0.5548,-0.5595,1.9314,2.3727,2.0967,2.6416,1 
-0.4055,0.3202,2.9897,1.5837,2.0484,2.3171,1 
1.1236,-1.028,1.1734,2.3196,2.0395,1.3249,1 
-0.1442,-1.5765,3.1451,0.8025,0.4872,1.7958,1 
-0.5365,0.1521,2.4555,1.6313,2.7952,1.9237,1 
-3.8417,-0.5051,3.4193,1.5664,0.5825,0.6862,1 
-0.4994,1.5109,2.4539,1.2679,0.3308,3.7745,1 
-0.969,1.0928,1.7102,1.6033,0.5186,1.1661,1 
0.6268,1.2603,1.6426,1.1929,0.6495,0.7183,1 
-0.7604,-0.7301,1.3318,3.6261,1.478,3.6039,1 
-0.2787,-0.1014,1.5824,1.4323,2.3272,2.3274,1 
0.6944,-0.0594,3.5686,2.7819,3.1891,0.7662,1 
0.7438,1.8853,1.9639,2.2216,2.799,1.4671,1 
1.2513,1.7807,2.3624,1.244,2.5174,2.0934,1 
-0.3141,1.5671,2.0463,2.4145,1.337,2.7047,1 
0.3199,1.7327,1.2821,4.297,3.1926,0.5481,1 
-0.3114,-0.4568,2.7791,2.5192,2.2508,1.7751,1 
1.9186,0.33,3.911,3.1657,3.8379,1.4942,1 
0.5538,1.1679,2.6701,3.7843,1.7359,3.4532,1 
0.4178,0.0591,2.184,2.669,2.4197,0.9385,1 
-0.4682,-0.3913,1.6212,3.4525,3.9535,2.5079,1 
0.8076,0.7054,0.8408,1.6743,1.9983,3.2041,1 
0.2274,-0.1188,1.4961,2.3296,2.5588,2.3327,1 
-0.7589,-0.2993,1.9986,3.0193,2.5801,3.6297,1 
-0.9568,1.8005,1.4122,2.0122,0.7869,0.681,1 
-0.349,0.8971,0.9853,3.5678,0.7746,2.8626,1 
-0.5031,0.1115,2.8286,2.6756,0.7707,2.5416,1 
-0.9983,0.2912,3.4546,0.2665,-0.0137,1.7306,1 
-0.4164,-1.5256,2.4759,1.958,0.8631,1.5559,1 
-0.4783,0.3361,2.3949,2.2597,2.9053,2.6289,1 
0.4718,0.5977,2.541,1.7211,2.4776,2.5583,1 
0.8986,-0.3091,2.5302,2.204,2.3327,2.0239,1 
0.596,-0.1703,1.0656,3.8746,3.3138,2.4442,1 
1.5327,-0.6059,2.7474,-0.0842,2.4231,1.3509,1 
0.2507,-0.0379,1.8363,0.3955,4.149,1.9263,1 
-3.3379,-0.4298,1.4928,2.1534,3.0226,2.5663,1 
2.7526,1.3235,4.4603,2.8382,1.7023,2.1029,1 
0.6145,0.1455,2.564,5.0256,0.3304,2.5685,1 
-2.0961,0.4026,2.5532,2.3812,2.0688,1.2192,1 
0.1722,-0.1805,3.0353,1.9744,1.8165,1.6017,1 
0.1723,-1.1421,3.0453,3.1802,4.114,1.5943,1 
0.834,0.6768,1.1549,1.417,1.1288,3.721,1 
-0.3377,-0.1106,0.895,2.2035,1.8057,1.7946,1 
-0.6713,0.562,1.8116,0.7181,2.1793,0.2568,1 
-0.193,-0.5776,1.8208,2.0514,3.5015,0.4626,1 
-0.6553,-0.7587,1.3366,2.3915,1.5111,2.2437,1 
-1.473,-2.2087,1.5113,1.9731,1.0745,1.0575,1 
0.9119,2.3804,1.1946,3.2689,2.2325,1.7817,1 
1.151,0.9654,0.1906,2.5894,2.2339,2.7584,1 
-0.4305,0.6433,3.8167,2.7908,1.4428,0.8679,1 
-1.1524,-0.5754,2.2083,2.7678,4.0841,2.4757,1 
-0.7099,-0.3063,1.2246,-0.0168,3.2068,1.5412,1 
0.7325,-0.3473,0.783,1.3357,3.13,2.407,1 
0.6242,-0.3721,2.2094,2.9706,0.2686,2.2961,1 
0.6701,2.4649,1.6146,1.8057,0.7824,0.5408,1 
-0.5007,-0.5731,1.9376,2.0104,2.6624,1.8944,1 
-0.2198,-1.5593,1.0739,1.9076,3.1395,0.5907,1 
0.0647,0.0282,1.1852,-0.0703,1.7517,1.5161,1 
0.7723,-0.4858,0.8707,1.0095,1.57,2.3512,1 
-0.7892,2.9819,4.162,3.9737,1.4332,1.4272,1 
-0.7984,0.226,2.1944,2.5772,2.4857,3.3232,1 
1.1447,1.5437,3.1134,-0.2294,2.9849,0.7726,1 
0.0154,-0.243,1.8433,2.4607,0.7259,0.3625,1 
1.7365,0.8516,2.7031,4.0181,2.0759,1.9285,1 
-1.3347,-0.1181,3.0459,2.2654,1.117,2.3846,1 
-1.4107,-2.5641,1.6536,1.3639,2.0308,2.3454,1 
1.4737,-0.0997,2.9342,2.2169,2.6538,0.3502,1 
1.089,-0.6466,2.0384,1.925,2.134,3.5606,1 
-1.412,-0.3903,2.0228,3.3408,0.178,1.7044,1 
0.951,-1.934,1.9141,2.6087,1.7475,1.8697,1 
1.2639,-2.0652,2.3751,1.6391,2.2379,2.9018,1 
-0.1032,-1.5428,2.564,1.0789,2.5683,3.5619,1 
-1.1819,1.0756,2.2964,1.0768,-0.1264,1.959,1 
-1.8276,1.106,2.8957,2.4829,3.9563,4.243,1 
-0.956,-0.5522,0.8963,1.7794,1.3813,1.308,1 
0.3699,-2.013,1.5877,2.8101,-0.0739,2.1231,1 
-0.6595,-0.2561,3.4211,1.619,2.7252,3.4081,1 
-0.2479,-1.0836,2.6041,3.1297,2.2311,2.4269,1 
0.9964,-0.1845,4.086,0.4145,2.8438,3.0996,1 
-1.625,-0.054,2.6805,3.701,0.1311,2.2531,1 
0.6243,0.116,1.8421,2.0907,1.932,1.6986,1 
-0.4276,-1.1464,3.8613,1.1154,1.3516,1.958,1 
-0.0314,-0.7643,1.9327,2.4728,-0.0662,2.0585,1 
-0.5161,-1.9002,1.9127,2.0699,1.7577,3.0767,1 
-0.9087,-0.3911,0.0461,1.5663,3.7546,2.3586,1 
0.402,-0.4735,1.5388,1.3675,0.2154,-0.0404,1 
-0.0584,0.3555,2.1342,2.7404,2.3139,1.7872,1 
0.0299,-0.5677,2.0557,2.2066,0.7164,1.1607,1 
-0.799,0.0061,3.362,1.6729,1.3872,1.5166,1 
1.3273,0.8894,0.8854,2.0047,3.0178,2.5185,1 
1.4605,0.9097,3.1868,4.9946,0.6525,1.4559,1 
1.9283,-0.7387,1.1952,2.2156,1.565,1.6777,1 
-0.337,-1.9516,1.2719,0.3585,2.6877,3.2582,1 
-0.6684,0.039,1.9377,1.6425,1.9411,0.5811,1 
-0.6532,-1.5789,1.772,0.6583,2.4207,3.6654,1 
0.6636,0.7328,1.803,0.6586,1.5165,1.1321,1 
-1.5208,-0.3504,3.9452,1.7865,1.9352,0.9495,1 
-1.3749,-0.0992,2.5696,2.8007,0.0198,0.7944,1 
0.8647,0.3675,3.721,2.6953,0.6808,1.7293,1 
0.609,-0.1691,1.3201,2.2207,2.5069,1.8862,1 
-0.1237,1.0002,3.5883,2.5801,1.5506,1.0528,1 
-1.2198,0.0252,2.8817,-0.2272,1.6192,2.7754,1 
-0.878,-0.7454,0.269,2.5282,1.0439,1.3725,1 
-0.4774,-0.8815,0.9,0.2068,0.9171,1.5272,1 
0.5488,1.15,1.0246,1.5971,1.3713,2.44,1 
-0.391,0.3773,1.9082,0.9767,2.209,2.4931,1 
-1.9458,1.0337,1.2295,1.0908,1.225,2.0996,1 
-1.8336,-2.1229,2.1468,-0.0255,2.4382,0.9192,1 
0.7964,-0.319,1.7836,0.2631,0.3869,3.0735,1 
-2.3651,0.8957,1.057,3.4737,2.1331,1.8592,1 
1.6365,-0.0073,2.6587,3.6129,1.8771,2.2885,1 
1.254,-0.5943,2.6159,4.1065,3.5341,2.0406,1 
-0.2116,1.0578,-0.5452,0.3608,2.6629,1.6346,1 
1.1009,-0.9614,3.3899,3.2915,3.0187,2.5167,1 
0.8187,0.191,1.6761,2.9663,3.1911,-0.0203,1 
0.6396,1.466,1.9685,1.0038,2.9069,1.6343,1 
0.3509,0.3914,4.4689,2.8134,1.1184,0.6237,1 
1.0662,-1.2666,0.6006,2.681,1.9177,2.6615,1 
-0.4076,0.513,3.6803,2.4455,1.0029,2.6323,1 
0.2725,3.0998,1.0822,1.0532,1.3767,3.8944,1 
1.5203,-2.0326,2.0586,1.6499,2.1619,2.4535,1 
0.0317,-0.6507,2.6157,4.4951,3.2074,-0.4116,1 
-0.9392,-0.4707,3.4387,2.9491,0.8651,0.8527,1 
0.3651,0.1406,2.7718,2.1763,2.1369,-0.1081,1 
-0.2636,-1.4537,1.6009,1.4837,0.1466,3.5075,1 
-0.6121,-1.0303,1.7442,5.3325,1.4383,0.6099,1 
-1.1397,-0.1092,2.1493,1.2347,1.874,3.6759,1 
0.6503,-0.0785,2.051,1.1295,3.4444,2.8313,1 
0.9445,1.294,2.2043,2.8659,1.3528,2.2264,1 
0.1009,1.5896,2.8707,4.3028,1.3138,1.9344,1 
1.0102,0.081,2.4255,0.9939,2.6974,2.791,1 
0.4486,-1.765,1.0891,3.5162,0.1161,2.1854,1 
0.2152,0.6331,0.5053,0.9556,2.9243,0.7721,1 
-1.016,-1.3161,0.4796,1.5834,1.7342,0.6837,1 
-0.7835,0.385,1.3841,2.0902,3.2988,0.5776,1 
1.0064,0.1313,1.2792,1.682,1.9533,2.8523,1 
1.446,1.0878,1.8289,3.4583,1.9133,2.5743,1 
-0.2247,-0.9317,0.5196,0.6229,2.0348,3.5895,1 
-0.7685,1.0466,2.1533,-0.9247,1.7711,2.7224,1 
0.4838,-0.3912,1.092,3.724,2.7737,1.6408,1 
-0.0562,0.2107,2.2281,2.1984,1.7669,1.5828,1 
0.3885,0.0019,3.4106,3.5953,1.9356,3.7873,1 
-0.8479,0.5081,1.3,1.9832,3.1574,1.0741,1 
-0.2023,0.3192,3.019,2.1448,1.567,1.8108,1 
-0.7317,2.3363,4.0036,3.3163,2.2634,-0.1847,1 
0.9416,-0.0943,3.0796,2.2572,3.3177,0.4444,1 
0.0454,-0.6683,3.2893,0.7237,2.2883,1.4627,1 
-1.4398,0.4196,1.8552,1.7158,0.5016,1.2158,1 
1.4306,-0.2222,1.1564,3.1691,1.731,2.2351,1 
-0.2182,-0.0783,2.2777,2.1452,1.3992,2.9081,1 
0.8745,-0.3664,1.3275,4.1885,2.5226,3.1203,1 
1.1074,-0.4362,1.2643,2.3237,0.7018,3.071,1 
-0.0895,0.3579,1.9608,2.7708,2.3158,3.2117,1 
1.0083,1.4791,0.7414,1.9776,2.7265,2.6911,1 
-0.133,-0.0768,3.3813,2.4924,3.6188,1.8149,1 
-1.3553,0.9571,2.4186,1.6749,2.0991,0.6526,1 
-0.4729,-2.5937,1.9743,1.9733,2.0178,2.6779,1 
0.9291,0.3606,3.7415,2.4666,2.2708,0.6007,1 
0.1236,-0.4514,-0.3604,2.0643,1.1703,3.2944,1 
0.8042,0.6836,1.8315,2.0279,2.2265,1.3687,1 
2.5547,-0.2528,3.178,0.6415,2.125,0.5483,1 
-0.273,1.0882,2.9582,2.7491,2.7042,1.7685,1 
1.4433,1.0124,2.768,3.0882,3.1175,2.6517,1 
-0.4603,-0.1072,2.7589,-0.1491,2.1482,2.5123,1 
0.7666,0.1586,0.9542,2.2029,2.3183,2.5406,1 
0.3318,-0.1758,4.1318,0.6842,2.8615,1.2909,1 
-1.9634,-0.3878,1.5109,3.0853,2.2162,2.2729,1 
1.5177,-1.3585,2.6883,3.8812,2.3644,3.3295,1 
-1.4849,0.2429,2.6952,0.8996,2.5814,2.9684,1 
-0.8638,-1.648,2.112,2.0353,2.2328,1.9457,1 
-2.2605,1.4566,1.525,1.7591,0.8554,2.4665,1 
0.3047,0.4198,1.457,1.5685,2.3327,1.7587,1 
0.1871,-0.1314,1.6008,3.1146,2.6914,2.1843,1 
1.3945,-1.0325,0.2867,0.341,1.5176,1.883,1 
-0.3038,0.068,1.7836,2.4143,1.3872,3.9161,1 
-1.1424,-0.3918,1.8336,2.731,2.4594,2.9539,1 
0.473,-0.0811,-0.0953,3.6948,1.3176,3.2942,1 
-1.5099,-0.1758,1.0148,3.1981,1.486,2.0996,1 
-0.6616,-1.444,3.5333,1.7808,1.4307,3.1616,1 
0.4223,-0.7428,1.3467,1.3508,3.1709,0.5597,1 
-0.4132,-0.1287,0.9541,1.3303,1.37,0.7895,1 
-0.3763,-1.1254,3.0152,0.7531,2.2759,0.5566,1 
1.1718,-0.4896,3.1508,1.4623,1.0635,0.8163,1 
1.0457,-0.9068,1.2786,0.9845,2.4709,1.3362,1 
1.3234,1.0434,1.1124,0.6622,2.5476,2.3882,1 
-0.2674,-1.9451,3.3341,1.6963,2.7961,2.5096,1 
0.343,-0.6129,2.245,1.9999,2.408,1.3199,1 
-0.7985,-2.1281,3.1897,1.3815,3.0862,1.726,1 
0.6261,1.0625,1.8635,1.7392,1.8509,2.3602,1 
-0.5657,-1.3699,1.8157,1.9396,2.1898,4.1529,1 
-0.7712,-0.1393,1.264,1.5992,1.4753,1.0985,1 
-0.6545,0.0953,2.2523,1.8035,3.1414,2.981,1 
0.2611,-0.4547,1.3096,3.2521,1.1401,2.0589,1 
1.2847,0.5773,0.3913,2.2488,3.1377,0.6731,1 
0.7599,0.1392,2.1491,2.0181,3.533,3.4196,1 
-1.7825,0.0584,2.9552,3.8666,1.7255,3.2985,1 
-0.4551,-0.1707,2.1113,3.4396,3.8536,1.1291,1 
1.5949,-1.0167,0.5211,1.9723,1.6007,1.3441,1 
0.0415,-0.9298,0.5754,1.7098,2.619,2.9503,1 
-1.5449,1.2931,0.2301,2.9105,0.9301,2.8881,1 
-0.37,-0.2831,3.885,0.946,1.883,0.697,1 
1.6171,1.3103,1.7052,1.1507,0.1511,1.6586,1 
0.3039,-3.6325,1.6794,2.8876,3.1681,3.26,1 
-0.622,0.5504,2.3511,1.5063,2.1235,0.7331,1 
-1.3661,0.8211,3.2036,1.3065,2.4036,2.8291,1 
-0.0045,0.8637,1.8824,2.9136,2.3161,1.2671,1 
-0.8522,-0.1813,1.9183,2.2942,1.4743,1.965,1 
-0.0931,-0.6346,2.78,1.423,4.1959,3.1215,1 
1.7254,0.8085,-0.5693,2.2373,3.1432,-0.2898,1 
1.5025,0.2231,1.0879,2.7623,1.5421,2.347,1 
0.4463,1.6329,1.6369,2.2091,1.2158,1.4928,1 
-1.0629,-0.6302,0.5677,2.2531,0.9477,2.5062,1 
-1.4429,-0.4514,0.4939,1.7914,3.0691,0.8683,1 
-1.5458,1.4994,2.8746,2.5049,2.958,1.4949,1 
0.831,-1.6463,3.3341,1.1457,0.2698,3.5778,1 
-2.2158,1.2752,4.2208,2.1002,0.0436,0.4439,1 
2.0546,-1.4191,1.6883,1.9569,0.3559,2.7251,1 
-1.9201,-0.0873,3.0597,2.4739,0.0942,3.6857,1 
0.7238,0.5537,2.8371,2.8416,1.9371,0.7147,1 
-0.4021,0.9657,-0.0915,1.0454,1.3613,1.9482,1 
0.8829,0.4101,4.6545,2.7913,2.8108,2.7575,1 
-0.0288,0.2275,3.005,3.7942,2.8476,2.4598,1 
-0.8488,-0.0929,0.7349,1.9168,2.4379,3.3532,1 
0.4907,-0.1651,3.2024,2.7929,2.4584,2.844,1 
0.571,0.9692,2.0467,1.1054,2.7145,3.5829,1 
0.8593,-0.0527,1.6927,-0.624,0.3736,3.4833,1 
2.1941,0.2425,1.9958,2.6659,2.0091,2.7742,1 
-2.537,0.3928,1.4916,3.2162,1.9241,3.8133,1 
1.0406,0.0578,2.7596,2.5945,2.894,3.6269,1 
-0.3543,-0.6791,3.344,1.5525,1.2709,1.9067,1 
1.4866,0.9198,1.6131,2.9714,3.0717,4.1225,1 
0.9549,-0.9302,2.5171,2.2723,3.9758,0.8588,1 
-1.2805,0.1337,0.9858,2.3252,1.7018,1.119,1 
-0.5871,-0.5105,0.7557,1.8593,0.1791,1.6536,1 
-1.0474,-0.5435,1.4375,1.3848,1.1705,1.3152,1 
-0.2011,-0.9222,2.6167,1.9277,2.3699,2.2888,1 
-0.2607,1.0216,3.0144,1.8453,0.686,1.7567,1 
-0.1394,-0.5186,3.2056,2.1093,4.4335,2.7782,1 
-0.0431,0.2748,2.1059,2.8467,2.7092,2.3115,1 
-0.4247,0.3525,1.4607,2.0289,1.5971,1.8664,1 
0.1379,0.7057,1.7853,2.1191,2.5838,2.8682,1 
1.2764,-1.9252,0.2043,1.1866,2.2115,1.8571,1 
-2.3349,-0.134,2.4884,2.7756,2.4954,1.1743,1 
-0.9189,-0.213,2.4146,3.6012,-0.4851,1.5499,1 
0.3165,-1.9349,2.4816,1.8629,3.98,2.5167,1 
-0.7364,-0.6976,2.8922,2.1369,2.0065,2.852,1 
0.7323,0.6693,3.1601,1.1939,0.9202,2.4694,1 
-1.6656,0.0457,2.7899,1.5525,0.981,1.5229,1 
-1.1881,0.3327,1.6982,2.8056,1.4634,1.5962,1 
0.4161,-0.4902,2.3831,2.1672,2.5183,1.8586,1 
-0.8268,-1.6481,2.4212,2.0529,-1.006,2.0146,1 
-0.2898,0.4116,3.4969,0.5977,3.5092,1.7732,1 
-2.1879,0.5314,2.8345,1.1843,1.4309,3.4693,1 
1.1718,-0.9777,1.594,3.7322,1.8964,0.4606,1 
-0.2277,-0.0261,2.807,2.3295,3.2308,1.5247,1 
0.4656,-1.8115,1.6697,1.7884,0.8351,0.8337,1 
-1.3187,1.2553,0.2694,1.4639,1.6409,0.6545,1 
-0.6149,1.3497,2.1914,2.0928,2.1636,0.7532,1 
0.6123,-0.1946,0.2469,0.6723,2.0871,2.2861,1 
1.3946,-0.6771,1.4296,3.4417,3.8447,2.4695,1 
-0.7493,-0.0249,2.1617,2.5122,2.8169,2.5572,1 
-0.3195,0.2399,1.5354,1.7905,2.7556,2.6083,1 
0.1292,0.307,0.7268,2.5671,2.0379,1.4095,1 
0.5684,-0.5268,2.0102,1.0107,2.0789,3.2215,1 
-0.6113,0.4464,1.3255,2.4097,-0.2229,3.5085,1 
0.5442,1.3979,2.0466,2.1785,3.0605,3.3125,1 
-0.5967,0.1016,1.8085,2.0031,1.4694,2.9414,1 
-0.5809,-0.2063,3.1371,2.7217,1.7833,2.6903,1 
0.2364,0.5661,2.8421,1.5603,2.0367,1.5961,1 
0.0943,0.2433,3.0359,4.2987,1.1222,2.0577,1 
0.7252,-1.1912,1.5756,2.3437,3.7082,0.9557,1 
1.56,0.7811,2.9793,1.5721,2.2528,-0.1092,1 
0.5428,-0.4551,0.8581,0.3698,1.8934,4.062,1 
0.1648,2.0925,1.2282,0.691,2.6574,3.0449,1 
0.0764,-1.1471,3.6067,1.8221,1.6727,3.1801,1 
-2.0884,-0.3516,0.3508,3.2626,2.8129,1.0075,1 
-0.6602,-1.2953,2.8077,2.6616,3.7731,2.7328,1 
0.8297,-0.5183,1.2497,0.9985,1.7034,0.6233,1 
0.5581,-1.074,0.7649,1.6321,1.3618,3.445,1 
0.0229,-0.5881,3.5466,3.3121,3.5656,0.2191,1 
0.3074,-1.3749,0.9274,2.1201,0.8744,2.9552,1 
0.9358,-0.0522,4.37,3.3111,4.1834,4.0477,1 
0.3286,0.6535,2.4533,0.1485,2.5541,2.8336,1 
1.3404,1.2266,2.7128,2.1879,1.2973,2.3196,1 
-0.3611,-0.6041,1.9396,2.523,2.0851,4.4039,1 
0.7432,-0.2888,1.8311,3.0004,1.3485,1.6547,1 
0.6172,0.1361,1.8478,1.8786,2.0224,2.9898,1 
-0.1889,0.7306,1.5661,1.8196,1.6203,2.8913,1 
1.424,-1.119,1.6839,1.08,2.5918,1.1369,1 
0.7333,-1.3259,1.9343,1.903,0.994,2.9935,1 
1.0334,0.0321,1.4737,2.6295,0.9498,1.9721,1 
-0.68,0.9166,1.4371,4.0917,2.5948,0.6051,1 
0.7834,-0.1629,2.0102,1.7816,1.1856,3.5589,1 
-0.6946,-0.0224,1.5325,1.6315,1.1284,2.749,1 
0.0282,-1.3279,0.7398,1.945,3.2391,1.3885,1 
0.2239,-1.895,1.8308,1.7797,1.2856,2.3388,1 
1.5905,-0.6318,1.535,0.8201,2.6511,2.5856,1 
-0.021,-0.0784,2.3921,1.3419,2.5754,1.2312,1 
0.6981,0.2301,0.0937,0.8077,1.9532,0.2989,1 
-2.5207,-0.9528,2.3363,3.0894,0.1873,3.1142,1 
0.267,-0.5897,2.4154,0.9767,0.9055,1.8696,1 
0.7488,-1.2234,0.4208,0.9426,1.7307,0.1975,1 
-0.4389,1.0382,1.5714,1.6096,3.2178,3.1177,1 
0.8087,-1.0615,3.094,1.76,3.3101,1.3205,1 
-1.1579,-0.4339,1.2364,2.0804,3.1942,1.9691,1 
-0.9326,0.1441,1.2323,4.0672,2.0248,3.2564,1 
-0.4463,-2.1173,-0.3993,1.3718,2.1195,1.8231,1 
0.7658,1.0078,0.9528,1.9935,2.7358,2.8897,1 
-0.9053,0.8598,1.2158,2.2215,2.446,1.6094,1 
-0.1638,-1.0164,-0.3294,4.1066,-0.0202,1.2612,1 
1.5864,2.0347,0.6434,2.7046,2.7206,4.5612,1 
-0.9874,-0.1329,2.0546,2.2088,2.7294,3.7547,1 
1.5588,-0.5732,-0.3109,1.6291,1.8489,0.9112,1 
1.3089,0.6803,0.1883,2.2758,0.9859,2.5754,1 
1.1578,0.5626,2.0143,1.7673,2.2815,2.6276,1 
0.164,0.4472,2.2252,2.9504,1.9463,1.7888,1 
-0.8909,0.6078,2.1199,1.5384,0.9142,1.4861,1 
0.8871,-0.916,0.8963,1.1174,1.1186,0.9927,1 
0.9216,1.324,3.0611,1.0853,1.6517,1.0859,1 
0.3881,0.3779,1.4452,1.6993,0.4793,1.7458,1 
0.6744,1.1812,0.2319,2.6249,0.0239,3.4448,1 
1.7993,-0.7913,2.4096,0.8892,2.2393,2.4717,1 
-0.7205,0.5097,0.4506,2.0856,1.9489,1.7003,1 
0.3538,-1.5013,1.6246,3.5906,1.072,1.3627,1 
-0.7009,0.7595,1.1183,1.0042,3.27,2.5951,1 
-1.4847,-1.453,0.8996,3.0033,3.1187,3.0636,1 
0.1665,-1.6444,2.7697,2.944,0.6871,4.0638,1 
-0.5442,-0.9571,1.7356,3.2167,3.2246,2.6557,1 
0.0896,-0.6955,2.4501,2.108,3.3259,1.7959,1 
0.8669,-0.4011,2.5243,-0.0981,3.4176,2.0548,1 
-0.3353,0.9456,1.5784,3.5292,-0.353,2.3704,1 
0.4322,-0.6783,3.1862,3.7629,1.9721,1.6447,1 
-0.2427,-0.5259,1.8688,0.5924,0.1338,2.7679,1 
-0.0529,-1.6698,3.0444,1.5083,0.6254,2.0956,1 
-1.32,0.2738,0.8551,1.3598,0.6106,2.2994,1 
1.1195,0.0537,2.1744,0.9893,1.0104,2.8602,1 
0.237,0.3245,3.0797,2.9374,2.0376,1.3573,1 
-0.5751,0.5881,1.4365,4.1738,4.7678,2.3873,1 
-0.1768,0.0726,1.1395,1.1851,2.9728,2.7188,1 
-0.2784,0.2879,2.045,1.9433,3.3536,0.8278,1 
0.4087,0.1168,2.6658,1.6935,2.2535,2.3012,1 
0.1638,-0.3583,2.2351,1.9773,1.7358,2.3749,1 
-0.0673,0.444,3.366,1.8184,2.9976,-0.9221,1 
-0.7386,0.6266,2.3089,1.3853,-0.1397,2.1177,1 
0.5319,0.5536,2.3713,1.2231,1.0522,1.6912,1 
0.834,-0.6503,-0.1609,0.6517,1.137,1.0067,1 
0.4938,-0.0252,4.4016,2.7912,3.2762,0.7717,1 
-1.7233,0.3014,1.8601,0.4912,1.7154,3.6771,1 
-1.8027,1.7883,2.4175,1.076,4.3068,1.5248,1 
0.4775,-1.9098,2.0677,0.8996,0.4368,-0.0694,1 
-0.4303,1.0919,2.6484,1.7353,1.9159,1.0599,1 
-1.049,1.0825,3.2676,2.4746,2.9283,3.5312,1 
-0.0441,0.188,1.7649,3.8941,2.1327,1.3509,1 
-0.1267,-0.7804,3.6962,1.5738,1.4662,2.5789,1 
1.7762,0.6606,0.5474,1.6639,2.1158,0.277,1 
-0.196,0.9666,-0.838,1.176,2.9349,3.6865,1 
0.4108,0.5846,0.2025,0.6956,1.468,2.7922,1 
-0.4298,-0.8369,0.5016,2.2842,1.9185,2.4223,1 
0.7234,0.242,2.5271,2.6772,1.8705,1.6923,1 
1.7328,-0.3622,2.5145,2.96,1.6106,2.0858,1 
-0.1005,-0.545,1.1956,-0.4363,3.0806,1.7137,1 
0.1612,-0.6109,2.5303,3.5776,2.6827,2.9552,1 
-0.48,0.6203,1.7963,1.3694,1.6265,0.1608,1 
* 
9.2873,-0.1196,1.6135,1.9077,0.9767,2.1971,0 
9.1742,-0.1676,3.579,2.2235,2.9196,1.9329,0 
6.7932,-0.5838,1.647,2.3074,2.6943,3.212,0 
8.1425,0.1954,3.6032,1.3766,2.5822,1.6866,0 
9.3731,-0.4481,1.7444,3.0599,0.575,1.3411,0 
8.3337,-0.9619,1.0756,2.0809,3.8156,1.6739,0 
7.9823,2.5193,1.9519,3.0633,1.323,1.6668,0 
8.4205,0.1534,1.9557,0.8575,1.4387,1.4322,0 
7.1679,0.0992,3.45,1.496,1.1391,3.2645,0 
6.9489,-2.788,0.9605,2.9368,2.031,2.0566,0 
9.1477,-1.2008,3.7167,1.5765,2.1627,0.2841,0 
7.5964,-0.0701,3.445,1.5714,2.7451,3.5518,0 
6.7358,-0.3515,1.1017,3.3191,3.3023,0.7528,0 
8.3361,0.8968,3.0422,1.3341,4.24,4.9579,0 
8.2159,0.381,1.9674,0.5212,2.8357,0.8515,0 
6.663,0.2074,3.3976,2.8572,0.8781,0.9851,0 
7.2024,-0.1086,1.0002,1.4531,2.7989,3.8829,0 
6.9748,1.0825,2.6774,1.9666,1.7498,1.2811,0 
9.9415,-0.2994,2.1164,1.8116,2.4624,0.5496,0 
6.7631,-1.7029,1.5263,-0.1768,2.8533,0.7623,0 
7.5142,0.4594,0.7354,2.399,2.3753,1.5524,0 
7.7283,-1.5869,2.0336,0.2889,-0.1922,2.5313,0 
6.0204,0.7411,-0.6373,2.2035,2.7201,4.2142,0 
9.1953,1.3845,2.491,1.3818,2.8449,2.1861,0 
7.1336,0.9431,1.104,3.9239,0.2279,2.1907,0 
7.6736,1.3109,2.4866,1.7857,1.5044,1.203,0 
9.5046,1.7409,2.5773,-0.0951,1.9163,2.5642,0 
7.9737,0.9417,2.7141,2.8201,1.8934,1.356,0 
7.5642,0.6653,2.0293,1.9186,4.4217,2.2478,0 
7.4364,0.7811,2.6135,2.8606,1.5519,1.8638,0 
8.1928,-0.472,0.1723,2.4599,0.7905,1.5258,0 
7.695,-0.2211,3.6885,0.7246,3.5879,2.4247,0 
7.9353,-0.7688,2.9686,2.3251,1.5845,2.1308,0 
7.7911,0.4974,1.5478,3.0737,1.238,0.9107,0 
8.7239,1.1054,3.0578,2.5912,1.9456,-0.2524,0 
9.6891,-0.3674,2.0582,1.8331,2.1857,0.9729,0 
7.8374,1.5083,1.843,2.4429,3.6106,1.8903,0 
9.2064,-0.4053,2.6347,2.2127,3.407,1.8528,0 
7.0872,-0.1961,2.3585,1.0337,2.3378,3.7431,0 
6.9923,1.5286,1.3699,2.5204,2.3713,2.1787,0 
8.8495,0.458,2.5614,2.6809,2.3775,1.7545,0 
8.4499,-1.185,1.7477,1.9188,1.9519,2.368,0 
10.6101,-0.8923,2.537,3.2662,1.9816,1.7926,0 
9.9335,-1.2078,0.9857,3.7024,1.5632,2.237,0 
8.0106,-0.2295,4.0865,1.6284,0.3799,2.6832,0 
7.41,-1.1604,2.4837,3.0779,1.8117,0.2941,0 
6.7133,1.1328,2.6136,2.5707,2.7652,3.76,0 
8.1372,0.6272,2.4714,2.9698,-0.6841,1.2946,0 
7.4329,-0.1311,2.2406,1.5088,0.6552,2.4334,0 
6.4203,0.7047,2.2023,3.0565,1.1506,0.4609,0 
8.3552,-1.0673,3.6356,3.4528,0.6023,2.1173,0 
8.1083,0.1631,5.883,1.4722,1.5838,4.2018,0 
7.7007,1.1493,2.8157,3.2805,1.8629,3.2044,0 
7.7089,-0.521,3.2315,1.6183,0.7495,0.5878,0 
9.657,1.9825,3.1204,3.6251,1.9258,4.0551,0 
7.013,-0.3828,1.2758,1.7521,2.4843,2.5712,0 
8.1487,1.3812,0.3258,2.0313,2.6902,2.4252,0 
7.3995,0.6716,4.4947,2.7833,3.4701,-0.1989,0 
7.7992,-1.7115,2.8915,4.0305,2.8998,3.4462,0 
7.6408,-0.0165,0.62,2.8309,1.5941,2.7625,0 
8.1063,0.2719,3.0492,0.5121,3.2498,1.3241,0 
8.8631,-0.6676,1.6743,1.5791,3.5567,3.0822,0 
8.2753,-1.2131,1.8987,-0.0017,0.964,1.8291,0 
9.0591,0.513,2.8438,2.7639,1.3325,3.1426,0 
8.6649,0.984,1.669,0.6048,1.0706,1.5129,0 
7.3065,-0.0933,2.984,3.3672,1.2591,3.231,0 
8.0264,-0.6843,2.198,1.7511,0.7782,1.2065,0 
9.6896,-2.2014,1.2818,1.3629,2.6226,3.4126,0 
6.6455,0.1592,2.2518,2.6615,1.8427,3.7763,0 
7.1879,-0.4719,1.8559,3.1415,2.1704,-0.0217,0 
9.5446,0.6678,1.9601,1.9973,2.6175,3.7516,0 
8.4046,3.6346,0.367,0.8413,3.2807,0.3424,0 
6.9283,0.7277,4.1008,2.1983,5.1397,1.3562,0 
7.4881,-1.0883,2.8954,2.3405,2.0286,0.4793,0 
9.2769,1.3101,1.5964,1.9141,3.1012,1.5999,0 
8.7964,0.5697,0.3798,2.1174,2.214,3.3415,0 
8.5066,0.3788,3.0683,1.3346,0.1427,0.7718,0 
9.2282,1.4071,0.6195,1.3093,2.6741,3.1379,0 
8.2138,0.8097,0.0721,1.5274,3.0223,2.6141,0 
8.7559,-0.6692,2.8658,3.2555,0.8463,1.5011,0 
7.0623,-1.0778,2.2445,2.7121,3.3484,0.4446,0 
8.0796,-0.148,1.8576,1.6824,1.202,0.8826,0 
7.6781,0.0827,1.9408,1.344,2.907,3.5296,0 
6.5779,0.1379,2.1323,1.5949,2.2972,0.4117,0 
7.9963,0.0838,1.235,1.9169,1.7787,2.6858,0 
9.3894,0.8544,3.8177,1.4013,0.9497,2.8513,0 
6.8438,0.0785,2.8941,2.451,1.1704,2.2519,0 
8.5633,0.0136,0.5956,1.4503,3.8632,1.4916,0 
8.3661,1.2361,1.5803,1.5811,1.4773,4.143,0 
7.5935,-0.3443,3.4535,0.5788,0.6853,1.0583,0 
9.5557,2.021,0.9179,0.7085,1.4926,2.4946,0 
5.8291,0.8891,2.0822,2.4099,2.7532,1.888,0 
6.349,0.0549,2.4524,2.5864,2.8543,3.0164,0 
7.9515,1.5697,1.2007,2.7085,3.5946,3.3284,0 
8.6238,-0.7845,2.9128,1.9943,-0.5003,1.8441,0 
8.4887,1.5051,4.1548,4.5417,1.0574,1.4051,0 
8.0085,0.1166,0.904,1.0703,2.5811,1.7955,0 
7.5189,-1.0364,1.1899,2.2406,0.2,1.7776,0 
8.4784,0.5842,2.9116,1.9875,1.707,2.3563,0 
7.4524,0.2775,2.9211,2.7277,1.9162,1.0083,0 
7.9532,0.1106,1.075,1.4079,2.8305,1.8093,0 
7.9273,0.6431,1.7031,0.957,3.7408,1.671,0 
7.6763,-0.5592,2.1166,2.9321,2.4458,1.8609,0 
8.5304,0.0491,-0.601,0.0786,1.4989,3.3351,0 
7.9864,0.4434,2.3175,1.4061,0.6809,4.4806,0 
8.2028,-0.2947,2.6143,0.8277,0.9815,1.9559,0 
7.9232,-1.2134,1.1722,3.1566,0.9223,0.9027,0 
6.6387,-0.066,2.3271,2.1604,1.4418,2.6303,0 
7.3047,0.6353,3.6577,1.4708,2.1525,1.3117,0 
8.4697,-0.2958,-0.9501,2.9351,1.2973,2.4247,0 
8.5178,-0.5644,2.5327,1.9455,1.9951,1.3791,0 
6.697,-1.5945,1.7868,2.6021,0.3702,1.6757,0 
7.1691,-1.0352,0.9072,1.0596,2.5271,0.1662,0 
7.5848,0.8103,1.078,2.4062,2.7702,1.4818,0 
8.0491,-2.3572,2.4605,2.9945,2.2654,2.0918,0 
9.6588,1.5448,3.5163,3.8369,0.7422,2.8299,0 
8.5265,-0.7359,2.3841,1.8269,0.3139,0.9213,0 
7.9054,-0.5326,1.333,2.2695,2.2894,0.8512,0 
9.0049,-0.8755,1.428,2.4706,-0.0268,3.9006,0 
7.2127,-1.7341,3.0507,1.4964,1.8229,1.3346,0 
6.0126,1.3303,3.2548,1.0371,-0.064,3.1156,0 
7.7881,0.1085,3.321,1.3462,0.2497,1.9517,0 
8.9329,-1.5256,0.0221,2.3542,-0.1385,3.3375,0 
8.5018,-1.8683,1.9132,3.8198,3.01,1.4502,0 
8.3162,-0.9547,1.8903,1.7558,-0.5529,2.5033,0 
6.7695,-0.8603,2.8881,2.4201,2.3128,1.4327,0 
7.8567,0.1821,2.5527,3.2198,0.7884,1.921,0 
9.8916,0.2878,2.313,2.2261,1.6879,3.1428,0 
7.7807,0.1203,1.8175,3.0635,2.5131,2.2834,0 
7.1812,1.0329,0.9321,1.1726,3.2216,2.1536,0 
8.1523,1.0611,2.2628,1.988,1.3861,1.9271,0 
8.0372,1.0059,2.0122,2.7137,1.3011,1.8994,0 
8.739,1.2759,1.6166,1.473,1.6127,2.2973,0 
7.7854,-1.4866,1.8596,1.16,1.8605,2.1863,0 
8.5442,1.8866,1.2992,2.4487,1.0626,2.5202,0 
6.0677,1.3444,1.8935,0.7309,1.668,0.5473,0 
7.34,-0.3234,1.5564,1.6937,1.8352,1.4745,0 
6.0945,0.1918,1.3003,-1.4074,2.4588,1.8152,0 
8.4738,1.3092,3.9121,1.9524,0.7501,1.5367,0 
9.2607,-0.5039,1.4844,3.0849,1.1786,3.2998,0 
8.9722,0.5317,0.6788,2.6129,0.6679,1.1046,0 
6.6972,-0.3783,1.8786,2.4833,2.5822,3.3522,0 
9.6493,0.5667,3.7942,0.5169,2.401,0.7803,0 
6.54,-0.4975,1.4071,1.2091,2.3302,3.6175,0 
8.3644,-0.7829,1.7519,1.9134,2.1603,2.9687,0 
6.5552,0.4406,2.2866,2.6918,3.4095,1.9167,0 
9.5376,0.5552,3.1969,1.0134,2.1015,2.7594,0 
7.0134,1.3942,2.822,1.7343,2.2381,3.0307,0 
4.8954,0.0569,2.9469,2.1651,2.3947,1.3503,0 
7.6312,0.0239,2.1752,1.9114,1.8738,1.2532,0 
5.3189,-1.7731,3.5248,-0.5469,4.3034,2.4791,0 
8.4741,1.3359,1.7762,2.722,2.8271,1.2477,0 
8.7107,-0.8046,0.7785,3.1001,2.5567,3.824,0 
7.4596,-0.8423,2.8799,1.0914,0.2135,2.5704,0 
8.6799,0.925,0.8054,3.2434,1.0653,1.1962,0 
8.3064,0.688,1.7731,3.9008,3.7776,2.3533,0 
6.3418,-2.5044,2.399,0.9993,3.048,2.8695,0 
8.4601,0.2713,3.597,2.7255,1.7447,2.4079,0 
7.5932,0.5684,0.0264,2.722,1.3451,0.299,0 
8.6424,-0.7431,3.2367,2.4336,0.637,2.5468,0 
8.6699,0.6056,3.173,2.4125,2.3647,1.8469,0 
7.1937,0.274,2.3644,2.5723,1.6153,2.3124,0 
6.703,0.7539,2.8197,2.9975,2.4591,1.617,0 
8.846,-1.6078,1.0659,1.9497,1.7576,2.4206,0 
6.586,1.1739,3.7651,1.1927,1.8683,0.7097,0 
8.022,0.7014,2.2236,3.0051,2.0714,1.3968,0 
6.9513,-0.7464,1.2268,1.5766,0.5139,2.0631,0 
8.3755,2.0624,0.3721,2.0333,2.6546,2.2026,0 
8.1662,1.1507,1.8417,2.0841,2.1568,2.2792,0 
7.3147,-1.1071,1.9769,2.7425,1.4792,2.026,0 
6.6336,-3.1633,1.9745,1.2072,2.8951,2.1233,0 
7.522,-0.4683,1.0575,2.0146,1.3181,1.4947,0 
7.1074,1.1958,3.1817,2.3187,1.7662,3.9803,0 
7.3494,1.2199,2.6647,2.4075,0.8359,1.698,0 
8.1253,-0.0427,2.7209,2.9572,0.8711,2.203,0 
7.4381,-1.4067,2.7479,3.2788,2.9094,1.0504,0 
7.5334,-0.4768,2.1593,3.1178,2.5298,1.6644,0 
7.5755,-0.0462,1.5794,3.0749,0.8504,1.4332,0 
8.6306,-0.9847,0.1215,3.8362,3.497,2.3455,0 
9.0982,-0.974,2.7635,3.2861,3.0774,1.6162,0 
9.7117,0.9565,2.5571,1.9845,1.6145,2.8901,0 
7.3022,-0.1391,2.4431,2.6589,2.8259,2.3099,0 
9.4945,-1.0567,3.3825,1.8742,-0.7144,3.3686,0 
7.3543,-0.2866,3.7358,2.4015,3.4372,2.2744,0 
8.693,0.5758,0.3815,0.9269,-0.3713,1.0596,0 
7.4216,0.9815,3.5527,1.7628,2.4319,3.3586,0 
9.2793,0.3551,1.6774,1.6274,0.1481,2.2246,0 
9.172,0.116,2.508,2.0604,4.1009,1.7496,0 
7.9918,1.1033,1.808,2.2935,1.0991,3.503,0 
6.0675,-0.2632,1.1701,1.8687,1.2107,2.6548,0 
7.8017,0.7594,2.0076,2.0265,2.4351,3.2116,0 
9.7497,1.5306,3.0915,2.923,0.6714,0.2189,0 
7.802,0.217,3.1888,3.1784,2.6095,1.8226,0 
7.7298,0.6036,1.5651,0.0836,0.9214,3.9367,0 
9.7894,1.1938,2.8876,2.4296,1.5075,2.9734,0 
8.1542,-0.5091,2.3459,2.9156,1.7078,3.5125,0 
7.2009,1.1661,0.9426,3.7192,1.2313,1.9736,0 
7.8758,-0.092,4.2133,3.1384,0.4988,2.5423,0 
7.2816,1.7245,1.8714,1.5828,1.1685,2.7586,0 
7.5867,-0.2676,2.3903,2.6887,-0.1356,1.9743,0 
7.382,1.8823,1.7947,1.1467,2.9111,1.0587,0 
9.1552,1.0902,0.0121,2.485,1.8874,1.1127,0 
6.0901,-0.6703,1.6757,2.4641,2.0802,1.6272,0 
7.6637,0.1435,0.8189,2.6858,3.5704,2.6573,0 
7.9082,-1.1644,1.4721,1.7021,2.6566,2.3528,0 
6.6143,0.1972,2.394,2.9623,2.0618,1.6755,0 
8.0413,-0.0922,0.8868,0.4207,0.9231,1.6777,0 
9.7516,-1.2121,2.6001,1.611,1.6308,1.997,0 
7.4969,0.2375,0.7511,3.4236,1.2037,1.7368,0 
8.0167,-0.0868,3.7359,1.9754,3.1851,1.2006,0 
7.7442,0.1285,2.6854,2.6586,2.0274,2.1469,0 
8.5504,-0.9429,2.3179,0.6283,3.5369,1.1241,0 
9.0295,0.1106,2.2308,0.6632,1.2529,2.2888,0 
8.5023,0.5538,3.3295,2.6728,1.929,0.4864,0 
7.5094,-0.4009,0.0148,2.4973,0.4311,2.8521,0 
7.2273,-1.5524,2.8534,3.3725,2.3562,0.4897,0 
8.1727,-0.1112,2.5648,3.2784,0.4519,2.8559,0 
8.4839,0.3794,3.353,2.6074,1.6647,1.4954,0 
8.073,-0.208,0.559,2.5002,1.8294,2.0765,0 
6.6223,-0.3079,2.1859,1.7863,1.179,2.6191,0 
10.479,1.127,2.5645,1.8716,1.6943,3.1187,0 
8.1308,0.979,3.944,1.4442,2.5709,0.735,0 
8.4631,-0.3038,1.5604,1.1008,1.2164,2.4695,0 
8.6282,0.4942,1.914,2.7633,2.4911,0.8791,0 
8.7487,0.163,2.0617,2.3212,2.9232,0.4402,0 
8.0032,0.0418,1.1124,1.8894,1.0765,1.0891,0 
8.2875,-0.056,3.2401,0.1717,3.3332,1.2263,0 
8.0598,0.1188,1.6719,2.3677,0.9107,3.2087,0 
8.3713,-0.4876,1.8021,1.8017,2.711,3.165,0 
6.8104,-0.2238,3.2188,1.5488,3.8513,2.014,0 
7.7358,-0.4665,0.5297,2.5763,1.7692,0.928,0 
9.0417,-0.0403,2.983,2.4497,1.7019,1.6617,0 
7.15,-0.6677,2.3675,1.059,1.0912,1.6807,0 
7.9643,0.0171,0.9667,0.2015,2.1228,2.3284,0 
7.9123,1.0366,2.01,1.6017,1.5864,1.1225,0 
8.2581,0.671,1.7589,3.1975,3.5583,0.5671,0 
8.454,-0.008,0.0079,2.8108,2.8328,1.7225,0 
8.7657,0.2808,2.2722,2.9518,3.5486,3.015,0 
7.5807,-0.1066,2.5883,3.8549,3.7124,1.7568,0 
7.5118,-1.8349,1.1146,2.6377,0.9429,2.5435,0 
8.1372,-0.1087,4.0092,4.9046,2.896,2.4764,0 
9.6664,-1.7411,1.5735,4.4152,2.0619,4.1813,0 
6.9913,1.9428,1.8276,1.5168,1.443,2.0797,0 
8.1002,-1.201,3.0946,2.3281,1.195,2.3693,0 
8.0481,0.196,1.1932,1.8559,3.05,1.3442,0 
7.9572,-1.1263,1.9431,1.2417,2.1666,1.7603,0 
8.4645,-0.6024,2.9342,0.7086,0.3957,3.4471,0 
9.4079,0.8322,3.0921,0.9906,1.0082,1.936,0 
9.183,-0.7332,-0.7403,1.5171,1.5901,2.6258,0 
7.167,-0.957,2.0827,3.459,3.0893,2.3264,0 
8.0541,0.4608,3.0857,2.7293,1.5522,2.9226,0 
7.8474,0.4997,4.397,0.2727,1.8064,1.2227,0 
7.0046,-0.5943,3.2624,1.5134,1.2752,2.5925,0 
8.1529,-1.7516,-0.3714,2.7871,2.0809,2.9985,0 
8.2048,-1.424,1.2096,2.8442,2.4048,4.7903,0 
8.4873,-0.6757,2.234,1.8194,1.3734,4.4624,0 
6.6288,1.1281,2.347,1.8887,2.8376,2.6056,0 
9.603,-2.3886,2.7697,2.9217,0.2183,3.6044,0 
7.5685,0.2379,0.9269,2.8451,0.4749,1.5589,0 
8.6204,1.0849,2.2574,1.7552,2.5324,2.6083,0 
6.4091,0.0052,2.5022,1.0208,1.1874,1.8825,0 
9.6972,0.4769,0.7635,3.8968,1.1055,2.1638,0 
8.6775,-0.4279,0.34,2.9427,3.6597,2.2194,0 
8.6677,-1.3341,2.7005,4.2006,2.6126,3.9689,0 
6.4279,0.6047,2.1331,1.2972,3.2071,3.1081,0 
8.036,0.9367,2.9094,1.6649,0.8385,0.3997,0 
8.7572,-1.9857,2.0099,1.4676,2.7396,1.9889,0 
8.7854,-0.319,-0.2482,1.5778,3.6054,1.1202,0 
8.7492,1.141,3.2983,2.8801,5.0842,1.2575,0 
7.2379,0.4908,0.8676,2.0016,1.8866,1.1331,0 
8.8092,0.7073,1.5474,1.0757,0.5679,1.8415,0 
7.6493,-1.8499,3.9727,0.6858,4.6901,0.3083,0 
7.9132,0.0851,2.223,2.0787,2.0405,0.5466,0 
8.8198,1.6213,2.1561,1.3654,3.1038,1.55,0 
8.9163,-0.3329,2.1719,1.2332,3.1809,2.5483,0 
9.0955,-0.4058,2.4952,1.5408,1.2105,2.5046,0 
8.0363,-0.3598,1.9141,3.4987,3.4823,1.728,0 
7.6296,0.1035,3.6661,1.0636,2.1876,1.7862,0 
10.6534,-0.2151,2.6024,1.9706,1.0037,1.3979,0 
8.4836,0.4882,2.2681,1.9966,2.1348,1.3609,0 
7.8414,0.6573,1.4697,2.3695,1.8592,2.1144,0 
9.9727,-1.2209,2.6165,2.1307,0.5595,1.6422,0 
7.6945,0.044,2.0069,3.2167,1.9472,3.134,0 
8.5005,0.2298,2.7339,2.5133,1.6636,1.1763,0 
6.2152,-0.1454,1.6275,3.1532,1.6328,0.5895,0 
9.2135,0.3766,2.0271,2.9043,2.4654,3.1574,0 
9.1668,0.1238,2.6817,2.9103,1.9664,0.2527,0 
7.2485,0.6054,1.0421,1.8327,1.0277,0.5433,0 
7.7089,-0.9006,1.4931,2.0873,1.5268,1.6188,0 
8.0978,-1.5311,2.1212,3.1658,2.4512,1.6113,0 
7.3736,-0.5845,2.4404,2.136,1.1362,2.6273,0 
7.9538,1.1585,1.1214,1.9204,-0.1859,0.3569,0 
8.1164,0.3495,3.0912,1.5742,0.8958,3.3998,0 
9.0143,1.2077,1.674,1.8621,3.7222,0.4245,0 
8.1081,-1.5625,1.8987,0.7087,2.7302,-0.0583,0 
7.905,1.3113,1.6642,3.1778,3.3097,0.9352,0 
7.8939,-0.3217,1.856,3.5297,1.9471,1.7465,0 
9.3848,1.4307,2.6131,3.1602,3.7957,2.0908,0 
8.0878,2.1295,3.262,2.2737,1.5017,1.1318,0 
7.5185,-0.3513,2.1877,1.1308,0.9889,2.3775,0 
7.3919,-1.6047,1.2638,0.3008,3.5419,2.4007,0 
6.9303,0.3185,1.2466,1.2765,1.9122,1.688,0 
8.046,0.5413,1.721,0.2939,3.976,1.3148,0 
8.6591,0.4948,2.2185,1.7663,4.0486,2.5469,0 
8.4708,0.465,2.0932,1.0424,-0.2923,2.1161,0 
8.9525,-0.3204,0.4188,2.6109,2.839,0.7896,0 
7.9899,0.3673,0.4089,0.2368,2.9808,1.6449,0 
8.1164,1.5051,1.4474,1.6975,1.618,4.0157,0 
7.2543,-0.2869,3.8096,0.0777,1.0407,1.2906,0 
7.3235,0.9951,2.5074,0.7042,2.6949,1.1636,0 
7.2175,-0.6187,-0.0172,1.5518,3.0852,2.7324,0 
8.2462,0.049,0.641,0.513,1.8575,2.7307,0 
9.5818,-1.9175,1.9857,1.4588,1.7081,1.964,0 
7.3023,-0.6122,2.3073,1.5625,3.1098,2.943,0 
8.054,-1.2227,0.421,-0.0474,2.0017,2.5961,0 
7.4913,0.3678,0.0967,1.9547,2.1038,1.4457,0 
7.9431,1.0907,3.0159,1.1502,3.5414,1.366,0 
7.4743,0.3103,1.307,1.2773,1.7805,0.7368,0 
8.1942,-0.1273,2.5021,3.8073,2.8152,-0.3388,0 
8.8619,1.3245,2.3523,2.2868,3.2228,3.7198,0 
7.0064,-1.1709,-0.0508,2.5463,1.9673,1.724,0 
8.2515,-0.0629,2.2716,2.2816,2.4833,-0.1735,0 
9.339,-1.4968,1.9113,1.4893,1.4367,1.3751,0 
7.8253,0.0594,1.3388,2.9442,2.3819,0.9299,0 
9.4033,1.1045,3.5134,1.9705,1.6261,3.3276,0 
10.2448,0.6326,0.411,2.5839,2.0689,1.6167,0 
8.9715,0.6567,3.1191,2.4231,1.9818,2.9627,0 
8.8156,-1.6164,3.29,3.1186,2.1377,1.6106,0 
9.8795,0.4751,2.0415,2.2414,1.5044,2.2719,0 
8.2042,0.6215,-0.3756,2.2729,0.4982,1.3665,0 
7.1827,0.4641,2.2199,2.6985,2.965,1.7074,0 
9.3399,-1.322,3.6895,2.8342,2.2977,1.0844,0 
8.6159,0.0844,1.0018,1.3251,1.6734,2.928,0 
6.9691,-1.3244,1.655,2.5057,1.0142,2.3998,0 
7.4292,2.2657,1.3342,1.9103,0.4924,2.4923,0 
9.1152,-0.1385,0.8748,4.8881,1.931,2.6415,0 
5.7622,0.2269,3.5059,1.0359,2.1762,2.8155,0 
7.4769,0.2796,1.8735,3.7219,0.6937,2.774,0 
6.081,-0.7354,1.903,2.3911,2.1154,2.9391,0 
8.1508,-0.7113,0.422,3.3491,2.9887,0.3201,0 
7.5217,1.0241,2.0391,1.5562,1.9354,1.8329,0 
8.1008,2.2417,2.1216,2.1961,0.697,2.6966,0 
9.6135,0.9224,1.4196,0.6535,1.506,1.9593,0 
8.6079,1.094,1.4171,1.7466,2.2205,0.1697,0 
7.9306,0.0001,1.813,3.2491,2.2114,0.9146,0 
7.4421,-0.4219,2.5123,1.198,3.0153,2.3964,0 
7.2489,-0.4384,1.5887,1.9423,3.4061,0.3502,0 
7.9388,0.1542,3.1795,1.4505,2.6051,3.6137,0 
7.7329,0.9169,2.0134,2.0117,1.836,3.1843,0 
7.7192,0.9445,0.8775,3.4384,0.7894,0.3167,0 
7.8529,0.6896,0.8328,2.4119,2.1146,1.1228,0 
8.3332,0.7381,2.1238,0.4638,3.098,1.073,0 
6.7816,-0.9496,2.3659,1.5684,1.1235,1.792,0 
8.269,1.2354,1.3082,0.7639,2.8898,0.6396,0 
9.1543,-0.9232,0.5603,3.6961,2.1792,2.6447,0 
7.9726,0.0095,2.6906,3.4177,1.8122,0.3813,0 
8.449,1.1181,3.0976,1.1033,1.2618,2.5804,0 
7.1131,1.6539,1.4738,1.2481,1.8846,2.2757,0 
8.9165,-0.3932,0.098,2.2592,0.5117,2.4815,0 
8.2199,-0.8665,2.0533,1.9014,1.2704,2.5597,0 
8.7092,0.9902,3.5995,1.8915,0.4436,1.1957,0 
7.8075,1.5416,2.9807,2.0076,4.1546,-1.0392,0 
8.527,-0.6197,1.1216,2.9262,0.7832,2.0408,0 
7.9244,0.9933,1.1734,3.1288,3.06,1.1625,0 
9.3648,-1.1478,1.6939,3.413,4.1999,1.6759,0 
7.4715,0.2357,2.1716,2.1878,1.5993,1.2912,0 
6.6257,-0.4282,4.0362,2.996,1.4578,1.7467,0 
9.0046,0.5634,2.391,1.4762,0.4879,3.5614,0 
6.6924,2.4115,1.1175,2.9627,1.2608,0.9576,0 
8.0113,0.2216,1.9113,1.0804,2.4965,2.6495,0 
6.4827,0.0463,1.5227,1.853,3.8462,0.4935,0 
10.3609,1.487,1.867,2.2595,4.828,3.2171,0 
6.6977,0.6271,2.3802,1.2827,1.6704,2.619,0 
6.2398,-0.2044,2.7841,1.8123,1.6471,1.5463,0 
9.1292,0.5371,1.5148,3.7564,2.294,1.5802,0 
8.0979,0.7877,3.4924,2.2668,2.9173,1.9369,0 
6.6042,-1.4962,2.882,2.1445,2.0375,1.9677,0 
8.036,-1.2228,3.0539,2.9789,3.2322,-0.3573,0 
7.1985,-1.0587,4.001,2.3356,3.0275,1.4467,0 
8.1124,0.7505,2.405,0.1438,3.1396,2.8656,0 
8.4571,-1.155,1.0723,2.9096,1.0517,2.94,0 
6.873,-0.8317,1.9858,2.6849,2.6847,2.5523,0 
8.4772,0.4963,2.3764,1.9546,2.2077,2.3199,0 
8.0325,1.6872,3.4685,3.4168,1.9748,2.7889,0 
8.9245,0.848,2.1023,3.2549,2.3048,1.1167,0 
8.3182,-1.1093,1.9241,2.1389,1.8791,2.4467,0 
7.5703,-0.4797,1.2686,2.2966,0.886,2.2098,0 
8.7477,-1.8241,2.5227,2.2327,0.8225,1.8484,0 
8.9218,-0.5656,3.4932,0.991,0.8232,2.7864,0 
6.1727,-1.7963,2.7531,2.6738,1.9647,3.7554,0 
8.0403,-1.1619,2.8225,2.4009,2.8993,0.8402,0 
8.6285,0.4662,3.9784,2.4428,2.5335,0.1662,0 
8.9156,-0.2023,2.7468,1.6089,0.9354,3.1506,0 
9.4672,1.0741,2.1295,1.0664,2.4916,3.6863,0 
7.2387,-0.4733,1.4134,1.1595,1.0283,2.6765,0 
10.7166,-0.4599,0.9867,2.8474,2.8686,2.8675,0 
9.2682,0.999,1.4276,1.6193,2.5893,2.7857,0 
7.1149,1.0939,1.9162,0.9912,3.3703,2.1156,0 
5.2899,-0.5862,1.9442,2.8876,2.4651,-0.1134,0 
10.4623,1.2139,3.1268,1.4588,0.5903,2.6202,0 
9.4201,1.4648,1.1147,2.9448,1.9506,1.0219,0 
7.6221,1.3507,2.7523,3.0715,3.8432,2.8893,0 
8.0559,0.421,3.0802,1.5715,2.4976,1.0722,0 
8.8977,-0.2294,1.5149,2.1417,3.0029,1.7974,0 
8.2959,-1.5246,2.4631,3.0391,1.166,2.9967,0 
7.4451,-1.3044,2.5972,3.9831,2.8315,2.5203,0 
7.6757,1.2842,2.4201,2.4885,2.0826,2.8549,0 
8.6989,0.5575,3.2526,1.1806,-0.1552,2.0771,0 
7.3736,0.6845,1.8898,2.2138,2.2638,2.2439,0 
7.8212,-2.2217,2.4327,1.0275,0.7842,1.882,0 
8.8306,-1.6756,2.3969,2.6118,-0.3886,2.5559,0 
7.9998,-0.856,3.9787,1.6392,2.7429,2.6415,0 
9.0782,-0.5648,2.8049,1.5887,2.6339,3.977,0 
10.4687,0.666,1.3187,2.3429,2.4547,1.9281,0 
8.4768,0.6152,1.3289,2.1723,1.1798,0.042,0 
8.2259,-2.5289,1.8438,4.002,1.8436,0.8083,0 
5.2126,1.6368,3.0699,1.714,2.4748,2.7737,0 
7.6305,0.1391,1.4712,4.1661,2.8476,2.5011,0 
8.2249,0.3911,0.9447,1.5393,1.3214,1.0566,0 
6.6046,0.0245,1.7781,3.3174,-0.3065,1.5385,0 
6.1739,-0.0286,1.8133,1.3718,0.7968,2.9906,0 
7.6755,-1.8323,2.1142,2.8161,1.6024,1.4339,0 
8.4129,-1.9598,2.3446,2.2404,1.8118,1.2127,0 
8.0411,1.4192,2.1165,1.8446,3.1485,0.7467,0 
7.1992,0.0716,2.8194,1.2431,2.9921,1.4632,0 
8.8115,0.364,2.9802,2.797,2.3876,1.5706,0 
6.9197,0.7318,0.5323,0.9593,1.6815,0.4501,0 
7.4897,-0.2504,2.3241,2.6158,2.2474,0.9915,0 
9.5624,-0.2991,0.6775,1.9311,3.4522,0.5316,0 
6.319,0.9149,2.8052,2.7092,1.1227,1.6722,0 
9.8891,-1.3528,0.6233,2.3276,0.5735,1.6003,0 
8.1774,0.2079,1.8921,0.2059,1.1146,0.0718,0 
9.3314,0.2793,2.6843,0.9743,1.3043,0.8064,0 
5.4825,-0.1532,3.1212,0.275,1.2969,1.9119,0 
8.5419,-0.3378,0.432,1.9091,2.6958,2.4537,0 
6.6058,-0.3759,1.3167,3.4572,2.4215,1.8471,0 
8.9341,-0.2236,2.6319,2.0035,1.5894,2.547,0 
7.3448,0.5036,0.8329,3.2189,1.8868,0.574,0 
8.9695,-1.3008,2.4258,1.3859,2.4388,1.6782,0 
8.3765,-1.169,1.4319,1.4263,0.6736,1.3682,0 
9.1604,0.0093,4.8321,2.3554,1.6569,3.1453,0 
6.3415,-0.2321,1.4134,3.2903,3.3717,1.1668,0 
8.414,-0.5068,2.2147,2.8756,2.0647,1.6589,0 
7.1742,-0.6383,1.8596,4.1235,1.8984,2.487,0 
6.8092,0.3428,3.8878,3.0978,1.6003,2.6355,0 
6.4919,1.0995,2.8115,3.6648,2.4161,2.4607,0 
7.9436,-0.4437,3.5697,-0.2064,-0.1571,-0.5632,0 
6.8408,1.0184,1.5834,2.6816,1.7419,2.1097,0 
7.1338,0.1314,0.9416,1.9475,2.6398,2.4428,0 
7.8177,0.5853,0.7852,3.3487,3.3921,2.2251,0 
8.3957,-0.4488,2.4189,1.9155,2.7094,1.8479,0 
7.6183,-0.1752,1.3711,2.4775,0.9425,1.4582,0 
8.359,-0.0009,1.8148,2.9695,2.9246,0.8456,0 
6.2055,-0.198,2.238,1.29,3.3112,1.9129,0 
9.7085,0.1229,2.5616,2.112,4.1358,2.5692,0 
9.2353,0.2405,1.2515,1.8762,1.0331,1.6888,0 
7.9125,-1.0944,2.6604,2.1813,1.1023,2.2495,0 
6.7039,0.7176,2.7284,1.9012,3.2431,3.1283,0 
8.1026,-0.1451,1.3199,1.9961,1.8028,2.2301,0 
7.6101,0.897,1.7864,0.44,-0.2266,2.5624,0 
7.8177,-0.0504,2.7064,2.3413,0.7752,0.9959,0 
8.8227,1.0907,2.4183,1.4842,2.1577,1.8253,0 
8.7335,1.2856,2.5182,2.4174,1.5914,1.9298,0 
7.8195,-0.041,1.9123,3.9541,1.602,1.6966,0 
7.7998,0.2541,2.1357,1.9522,3.0768,2.9767,0 
7.5793,-0.9285,4.0803,0.9849,2.4121,3.6299,0 
9.1455,0.559,1.3399,1.047,3.2731,2.32,0 
10.1529,-0.0599,2.5768,2.1643,3.1721,1.3867,0 
6.6345,-0.2523,1.9503,3.0125,2.4201,0.6674,0 
7.4361,0.7155,1.4225,1.8075,1.0807,1.634,0 
9.8177,-0.6676,2.5365,1.8394,1.1518,2.5122,0 
8.4928,-1.6176,2.5055,1.7086,4.0413,1.944,0 
8.3534,-0.7146,2.002,2.5339,2.6786,1.6541,0 
7.9615,-1.373,2.236,0.9705,2.8638,2.0102,0 
7.8372,0.5753,2.311,1.6174,1.9528,2.737,0 
9.0472,-0.4477,1.8621,2.3222,1.3721,2.9272,0 
8.6551,0.6281,3.4711,0.0986,1.2624,3.3654,0 
8.9721,-0.9503,1.7066,1.7907,2.9343,2.539,0 
6.8927,-0.3747,2.4323,1.6713,1.5492,3.1368,0 
9.6759,-0.024,1.9559,0.9331,2.1683,1.9606,0 
7.9994,-0.8354,1.3794,1.2177,4.1057,3.4782,0 
8.771,0.3453,2.5401,3.6266,0.1991,1.71,0 
7.0531,0.2771,3.4627,3.9078,3.308,-0.0421,0 
6.8367,0.3501,2.0799,1.1753,4.1655,2.6949,0 
8.3909,0.6866,0.8658,2.0269,1.1441,3.5964,0 
6.4573,-0.625,3.1855,2.0598,3.7239,1.1175,0 
7.5931,0.9476,1.0657,3.3245,2.8089,2.7422,0 
8.0828,-1.4215,3.9317,1.2328,2.4763,2.8666,0 
8.354,0.0536,1.4454,1.8517,1.6553,2.8462,0 
7.7563,1.1857,1.0175,1.4736,3.7211,4.2303,0 
7.3787,-0.4297,1.8521,1.498,3.6828,1.3975,0 
7.9622,0.8561,2.5163,2.9203,1.3624,1.5137,0 
9.539,-0.464,2.1841,1.8529,2.8054,2.2791,0 
9.1026,-0.8378,1.251,2.1533,3.0128,1.7118,0 
9.0642,-0.3653,2.7371,1.2304,1.2517,1.0104,0 
7.335,0.3699,0.4984,2.1161,1.7642,1.5924,0 
8.3673,-0.5538,2.8283,2.8544,3.5682,4.4769,0 
7.2988,0.8039,1.738,0.0487,2.4251,2.2266,0 
8.0491,-0.0319,1.3109,1.9479,3.6965,3.7491,0 
8.1016,0.0334,1.8083,1.894,2.6188,2.9165,0 
* 
-1.4109,7.7197,1.9651,1.6996,0.6935,3.0812,0 
-0.1629,7.4312,1.3931,1.3859,1.3401,1.9269,0 
-0.0351,7.5293,3.7257,3.5644,1.6872,0.5624,0 
-0.0063,7.5754,1.1055,1.3175,1.0529,1.0291,0 
-0.1035,8.4934,1.5195,2.4499,1.3653,1.7546,0 
0.012,9.9157,1.3229,0.5314,-1.013,2.0644,0 
-0.7884,8.03,2.9981,1.162,1.0922,2.6044,0 
-0.055,7.7593,1.2075,3.293,0.9794,3.1902,0 
-0.0752,7.6156,2.8582,2.3561,2.7506,2.4109,0 
1.2554,8.0025,2.5964,3.0812,3.3904,3.0651,0 
1.558,8.5294,1.3767,4.3723,1.2519,2.076,0 
0.9609,7.2696,1.0279,2.4586,0.9306,2.5558,0 
-0.5267,8.4058,2.2969,1.2608,1.5395,1.2807,0 
1.4329,8.9807,3.7638,1.2537,2.6526,2.2838,0 
-3.184,8.0283,1.6063,3.2474,3.0207,3.2924,0 
1.6009,8.5834,2.353,3.3838,2.2981,1.8031,0 
1.1239,9.314,0.4484,1.5614,1.5462,1.6274,0 
0.0416,8.186,2.81,3.5808,-0.1749,3.167,0 
2.4679,9.0544,-0.8282,1.2274,2.1077,2.119,0 
-1.3767,9.0658,2.3177,3.1858,1.4412,0.7324,0 
-0.9952,7.9895,1.5032,0.0652,4.0392,3.1187,0 
-0.3808,8.4907,0.7683,2.651,0.1853,2.0796,0 
0.5767,8.8595,1.8116,1.4079,1.8203,1.6105,0 
0.0016,9.1587,2.1778,0.6799,2.8274,3.4719,0 
1.913,8.3835,0.9004,2.2183,1.8665,3.8271,0 
-0.3892,8.7722,1.7975,1.5218,1.6504,0.6455,0 
0.5791,8.6686,2.6658,-0.1376,1.8996,1.8382,0 
0.4805,6.951,2.2969,0.7515,2.046,2.9368,0 
-0.7232,8.1111,1.8931,1.63,2.6597,2.8808,0 
1.2565,7.5508,3.3468,2.291,1.023,2.3195,0 
-0.1012,8.6133,2.9449,1.2693,2.1009,2.126,0 
0.7932,8.6815,1.4879,0.9497,2.0192,1.5126,0 
0.3576,7.7762,0.771,1.1101,3.0893,2.0477,0 
0.4241,7.877,2.5034,2.252,2.7974,3.8632,0 
0.1425,8.1856,1.7495,0.6179,1.1791,1.6486,0 
-0.8289,8.5332,1.565,2.3381,1.8286,2.509,0 
-0.3535,8.0359,2.697,2.4879,2.4293,1.8056,0 
-0.1644,7.0873,2.7939,2.7482,3.2731,2.2707,0 
-2.0039,7.5049,1.259,2.7191,1.5941,2.5293,0 
1.1644,8.7599,3.4259,2.3989,1.7935,1.7116,0 
-0.1689,7.0689,2.9862,1.1107,1.1899,1.7981,0 
-0.5675,8.6709,1.4356,1.0781,2.3002,1.3221,0 
-0.4134,9.9811,0.9208,3.0732,2.4317,3.3025,0 
-1.9638,9.8046,1.8593,0.3196,4.3909,2.1978,0 
0.0191,8.0178,2.5366,0.0469,-1.1575,1.7235,0 
0.9366,8.2529,2.6807,2.3845,3.1273,1.5828,0 
-0.9752,8.1623,2.0095,2.9919,3.2583,4.2068,0 
1.1745,6.8124,3.1264,2.7594,1.1032,0.6246,0 
-1.2638,8.384,2.1277,3.1579,1.1803,2.0284,0 
1.1458,10.0497,1.2832,3.7616,2.414,2.0823,0 
0.7141,4.9676,0.7568,3.1326,1.0038,2.8851,0 
1.0863,8.8989,1.2132,2.229,2.3285,3.7672,0 
1.2126,6.9589,2.7306,1.8363,0.2023,3.5635,0 
-0.4818,8.3774,1.2254,1.7954,2.1558,2.3046,0 
-0.0546,8.3678,2.5485,1.7091,1.6845,1.8615,0 
0.4271,6.0046,1.8922,1.7763,3.7022,2.0981,0 
-0.8729,7.7906,0.9969,1.8583,1.5716,2.4909,0 
1.3473,7.9958,1.416,-0.8516,1.8007,1.8525,0 
0.4961,8.3234,0.8965,0.2741,2.9192,2.0549,0 
-0.8135,7.1766,3.0451,2.2669,3.3799,2.5777,0 
-0.3319,8.5899,2.7961,1.9222,2.023,2.8559,0 
-0.4214,8.5425,1.3238,1.8958,1.08,0.718,0 
0.4824,7.0867,1.9709,1.8992,1.7573,2.5465,0 
0.2598,7.9974,1.5666,1.3114,3.3212,1.7071,0 
-2.443,7.6442,0.9425,2.6009,1.8478,0.911,0 
-0.2519,8.8304,1.5816,1.3636,2.8628,0.8098,0 
-0.2667,7.0892,1.265,0.7587,2.0992,3.8001,0 
-0.5903,7.2109,4.3734,1.8435,1.8078,1.8741,0 
-0.6384,6.7588,0.9637,1.7436,1.0826,1.6938,0 
0.0361,9.169,3.3666,0.634,1.724,1.4363,0 
-0.9872,7.8024,2.8466,3.3165,3.4107,1.5134,0 
0.4713,9.735,2.8852,0.9717,1.1508,1.3261,0 
0.2634,7.8473,2.2144,1.8662,2.5709,3.9863,0 
1.312,6.6158,2.2993,0.668,1.3913,1.8818,0 
0.3517,6.1624,1.4891,2.4397,4.1003,1.0689,0 
0.61,8.0371,1.2767,2.7535,1.9552,3.07,0 
-0.0758,7.8562,2.6849,2.3664,3.2177,1.2112,0 
0.7787,7.7991,3.2414,4.62,3.5218,0.0067,0 
-0.022,6.7428,1.6509,1.1007,3.274,2.9528,0 
-0.9583,10.1284,0.8065,1.3393,2.2075,4.1002,0 
0.456,9.3016,1.9394,2.1018,2.3087,3.3302,0 
-0.8727,8.7665,0.3628,0.4281,2.8761,0.7555,0 
0.1046,7.7021,2.4108,0.9907,1.666,2.4644,0 
0.8933,6.8743,2.1526,4.1277,1.8265,2.0997,0 
2.4654,7.5583,1.1421,1.933,0.999,2.0277,0 
-0.2479,9.4077,2.8158,2.3931,1.9009,2.426,0 
0.0757,8.7043,-0.1138,0.9929,2.1772,2.0913,0 
0.3876,9.0079,2.7192,3.8034,1.2174,1.3974,0 
-1.0407,8.655,1.2653,1.2974,1.2835,1.2356,0 
-2.0064,7.5444,2.0874,1.9149,0.514,1.0977,0 
-0.1589,7.8127,0.5787,2.3919,0.8128,2.7799,0 
-0.387,7.3769,1.4884,0.7601,1.31,0.9985,0 
-0.1432,9.9906,1.6896,2.3582,1.6623,2.44,0 
-0.1157,8.0879,3.32,2.9256,2.898,2.4314,0 
1.8215,8.6639,3.046,2.0412,3.4527,0.8689,0 
-0.5859,8.3087,1.6095,3.3369,0.1761,2.8518,0 
1.1896,8.8681,1.2904,2.8138,3.2506,0.819,0 
0.6321,10.8368,0.2733,1.3847,2.9776,2.6669,0 
-2.0848,9.3495,1.7745,3.2448,0.7241,2.231,0 
-0.5858,8.1984,2.7697,2.2894,0.784,1.648,0 
-0.2019,8.853,3.5063,2.7463,1.5259,2.3827,0 
0.1425,8.1976,0.7662,1.9987,2.9868,1.8881,0 
-0.8483,7.1393,1.6177,2.4173,2.0328,1.2881,0 
1.566,8.7539,1.7329,2.9299,2.141,1.6266,0 
-1.4227,8.0084,1.0182,2.5841,2.5431,1.9262,0 
-0.6856,7.3956,1.2899,2.1872,1.872,3.16,0 
-0.4975,7.6818,3.13,2.7346,2.6808,0.3406,0 
0.8091,7.2277,3.1506,2.5671,2.1414,1.7001,0 
-0.0739,7.4914,1.2147,0.4698,3.4127,2.3794,0 
-0.6177,8.0898,0.0139,1.741,1.1952,0.9981,0 
-0.0837,7.9021,1.9739,2.9984,3.0603,0.3953,0 
-1.2673,7.498,0.291,0.8534,2.3744,2.0311,0 
0.8459,7.0511,3.057,1.0952,3.3557,1.3108,0 
-1.3853,7.1992,1.4122,1.3531,0.5081,3.3929,0 
-0.732,7.4763,2.1148,2.8855,0.6585,0.4652,0 
0.2208,8.806,1.1121,0.7297,3.0644,1.9506,0 
-0.2036,8.6776,1.5379,1.8509,1.6049,2.4188,0 
-0.2647,6.6881,1.4242,0.4033,3.1062,2.4943,0 
-1.0116,6.7137,1.6731,3.4963,2.7509,2.1342,0 
0.6892,8.528,1.7608,2.0366,1.3405,1.4674,0 
-0.3717,8.0463,0.3435,1.3341,2.0225,2.7248,0 
0.2045,8.2037,-0.2707,2.0529,-0.1137,1.6731,0 
-0.938,8.4242,0.1322,2.5092,2.7007,3.4003,0 
-0.4594,8.0887,1.7716,1.1806,2.1396,1.6216,0 
0.4337,8.9936,1.5652,2.8221,1.5683,4.5198,0 
-0.2843,8.6288,1.9287,1.6923,1.7438,1.2567,0 
0.1105,7.9898,2.3664,2.267,2.8206,2.3649,0 
-0.4167,6.4422,2.3473,1.8427,2.3147,2.6718,0 
-0.1171,7.405,1.3479,2.3509,1.9568,2.0207,0 
0.1317,9.7083,2.2328,2.6941,1.5176,2.943,0 
-1.4967,8.8774,0.4553,3.2528,2.3421,0.2474,0 
0.7668,7.8102,0.5094,1.7739,1.606,1.6851,0 
0.8981,6.7406,2.0556,1.2444,0.9042,1.1168,0 
1.0867,7.8333,0.8459,2.6027,2.013,3.3573,0 
0.9184,6.2098,0.8205,1.7608,3.482,3.6027,0 
0.4445,8.4297,2.3841,1.2408,1.329,2.4687,0 
-0.4637,7.2482,2.6719,1.9839,0.6197,0.6863,0 
-0.0767,6.509,4.7613,2.5016,3.8222,0.8853,0 
-2.8809,6.6505,2.0422,2.5206,1.8808,1.6611,0 
1.6869,8.0055,0.1161,3.7033,1.1768,1.661,0 
0.062,8.6855,2.1073,0.3479,1.1515,0.0852,0 
0.966,9.3292,3.5383,0.947,1.1701,1.7593,0 
1.4945,9.5931,1.0282,2.9297,2.3538,-0.0885,0 
1.9814,8.7907,1.8127,3.0815,2.286,2.5753,0 
-0.5512,9.1393,2.9265,1.3624,2.9951,1.7728,0 
-0.096,8.482,1.9729,2.4286,2.3595,1.5587,0 
-0.5386,7.5266,1.5231,3.7685,1.2146,0.9709,0 
-1.6691,7.8271,2.4354,2.6459,1.775,1.5736,0 
1.1683,7.1312,3.4207,1.7871,1.1347,2.0368,0 
-0.5354,8.1362,0.8982,2.7498,0.5119,1.7249,0 
1.1141,8.5581,1.3815,3.2675,1.9102,1.0614,0 
-0.1891,7.25,1.2198,2.2195,2.5034,2.515,0 
1.1287,8.5084,0.5892,2.2612,2.4885,1.2005,0 
-1.2959,8.3656,1.883,2.2065,0.5374,2.4679,0 
-1.8725,8.8108,1.1712,0.5926,0.5157,2.2197,0 
-0.4135,8.9405,1.8014,3.6227,0.8408,3.2717,0 
0.3788,8.9528,2.0744,3.1004,1.1215,0.5024,0 
-0.3799,7.6318,2.0894,2.4606,0.8599,3.8971,0 
0.3232,8.2626,0.139,3.4838,2.7071,1.4388,0 
0.5731,6.498,1.2101,2.9153,1.9445,3.0595,0 
0.4269,7.5382,2.5148,2.9912,1.5725,3.1145,0 
-0.6329,8.1937,0.8667,2.6371,1.3328,0.5088,0 
0.2974,6.4485,1.9226,-0.7653,3.0531,2.0045,0 
1.5866,5.0527,1.4337,0.6878,1.8167,1.1605,0 
-1.0615,9.1613,1.12,1.1358,0.9143,1.564,0 
1.1323,7.6721,3.3378,1.3667,0.6761,2.5016,0 
0.4879,9.5711,2.9859,0.6126,3.4396,1.2515,0 
-0.2291,7.6828,1.606,2.7826,2.7379,2.8373,0 
1.691,7.958,2.9331,1.2287,1.3026,2.2317,0 
0.2335,8.7321,3.2818,1.7473,1.749,2.732,0 
0.562,6.6411,2.2629,3.4229,2.9987,0.7832,0 
2.2118,8.5718,1.2876,1.6113,2.8996,1.5563,0 
-0.028,7.9584,-0.0166,2.8722,3.0418,3.4382,0 
0.0995,8.0759,0.0336,1.452,2.5778,3.3573,0 
1.1786,8.6,4.357,1.8665,2.6799,1.5536,0 
0.6359,7.7517,2.1155,3.2603,0.5707,1.7542,0 
1.1381,6.7942,2.1988,1.7827,2.073,0.739,0 
-0.3284,9.6522,2.4913,0.7697,2.2198,1.6692,0 
-1.5802,8.9416,2.8397,1.69,1.0991,1.23,0 
-0.5611,7.9116,1.4961,2.0526,3.7391,3.1933,0 
0.8677,6.9754,1.8731,-0.5428,0.8749,2.409,0 
-0.3846,8.0862,2.1071,2.9164,0.5133,3.0518,0 
1.8752,8.2661,1.114,2.8211,1.5076,1.5419,0 
0.0585,9.1277,2.294,3.4244,1.3972,1.8547,0 
-0.5827,10.0135,1.0693,3.9709,3.4024,1.4165,0 
0.1,5.8768,1.1854,4.0703,3.0412,2.3524,0 
-1.4262,6.8342,3.7402,1.3623,3.4429,2.0889,0 
0.4948,8.0426,3.1192,2.5028,1.549,3.6355,0 
-1.0645,10.5777,2.3662,2.2432,0.202,0.3887,0 
-0.6422,8.0555,2.2545,4.6949,1.5101,0.977,0 
-0.7258,7.4613,1.6369,2.4294,1.2918,3.2049,0 
1.1864,8.5436,2.7808,1.5019,2.1903,3.861,0 
-0.0088,5.8513,2.4449,1.6509,2.3544,4.1324,0 
-1.0528,5.9651,2.783,0.837,2.1369,2.6813,0 
0.2729,6.3915,2.808,3.5154,2.0681,0.247,0 
-0.0865,7.882,2.6909,1.0387,1.6997,0.5031,0 
0.1347,7.9281,0.2976,2.5016,2.0367,1.9535,0 
-0.409,8.4541,2.7555,3.4459,2.5525,1.6756,0 
-0.954,7.5094,2.8224,3.1109,3.1171,1.39,0 
0.7865,8.4443,3.3834,2.0293,0.5125,-0.891,0 
-1.2126,6.7545,3.1981,2.737,3.0679,4.1562,0 
1.4762,7.2444,1.7733,1.099,2.6658,1.9202,0 
-0.1831,9.2499,1.0438,3.7282,-0.4154,1.2469,0 
2.2578,8.7672,4.5813,0.6808,1.6867,3.2094,0 
-0.1645,8.5826,4.3294,0.614,2.2506,0.3693,0 
-1.067,8.8278,3.8998,1.6882,2.7726,2.8687,0 
1.3807,7.9474,3.339,2.4443,1.3823,2.3406,0 
0.0484,7.4346,3.5022,3.2316,2.4485,1.7535,0 
0.9005,7.907,0.6106,2.1388,2.0234,3.4574,0 
-1.704,8.5825,0.7798,2.0708,2.0608,2.3502,0 
0.2443,8.7348,2.1886,2.925,2.3565,1.4129,0 
0.1691,9.4739,3.1367,2.1255,1.8361,1.1326,0 
-0.102,7.7301,2.2644,2.4394,1.3354,0.0904,0 
0.6973,7.4478,1.8994,0.8006,0.3626,4.0141,0 
1.3671,7.2931,2.0791,1.7161,1.3459,3.2853,0 
-0.6932,6.4151,0.0941,2.4827,3.4112,0.5288,0 
-0.8937,7.9541,0.5732,1.0268,3.0817,1.8124,0 
0.1983,8.2141,3.1495,2.3125,3.0484,1.4054,0 
0.291,6.6256,3.6292,1.1209,2.4113,1.269,0 
-1.8978,7.0669,3.3147,1.2804,0.9886,2.9544,0 
-1.2754,10.0749,1.8006,3.1596,1.2039,0.9553,0 
0.527,8.3784,1.42,1.9489,1.2428,3.9935,0 
-0.1753,8.7678,1.4237,2.8129,1.062,0.2404,0 
1.7988,6.7482,1.3083,2.7605,1.1355,2.83,0 
-0.2665,8.9969,2.628,2.2498,1.4499,2.1813,0 
1.0878,6.6032,-0.5131,1.1935,1.7791,1.8715,0 
-0.1235,6.9738,2.8869,1.3001,1.1041,1.1516,0 
-1.6173,6.2111,2.3426,1.5369,1.1546,1.7867,0 
-1.4023,8.6948,0.2528,2.3469,0.8725,1.6368,0 
-0.1345,7.6757,0.9135,2.4326,1.6397,1.9509,0 
0.1465,8.5317,1.3959,2.4957,1.5356,1.8539,0 
-0.3758,7.7556,2.2544,0.6806,2.116,2.284,0 
0.9378,8.3309,2.168,1.3124,1.9593,2.3416,0 
-2.3723,8.7062,1.6337,3.9842,1.3628,2.6079,0 
0.5089,6.8429,1.7733,1.1909,2.1938,2.9718,0 
-0.8404,7.4729,2.7288,2.3988,1.4925,0.6173,0 
-0.6095,7.6079,2.7697,2.4161,2.2466,1.743,0 
0.5497,8.9669,1.5563,0.1018,2.707,2.2491,0 
-0.013,9.0422,2.0464,2.4275,1.9223,2.3976,0 
-0.5902,7.8957,3.1426,3.3911,2.8456,3.191,0 
0.3897,9.0945,3.5857,1.8428,1.2054,2.2938,0 
1.3263,7.7752,1.4739,1.1744,2.7045,1.7667,0 
0.5989,6.8882,2.9345,2.343,2.0064,2.7143,0 
-1.3252,7.8147,1.183,1.7777,2.6538,0.4906,0 
0.2558,7.3271,2.1567,1.6633,2.4742,-0.4214,0 
-0.7997,8.6857,1.34,2.8164,1.7315,3.626,0 
0.2158,8.4361,1.3645,2.2582,1.7794,1.6047,0 
0.1891,8.9137,2.7128,2.0701,1.4175,1.5355,0 
0.9768,7.5986,3.0885,1.4264,1.8024,2.2808,0 
0.9046,6.6762,0.5567,0.4316,1.5764,1.8506,0 
1.1521,7.3005,3.0666,2.1662,3.0322,1.4279,0 
1.0069,8.7751,0.4324,2.7108,2.6184,1.2952,0 
-0.1505,8.6715,0.9235,0.9054,1.8728,2.8489,0 
-0.9819,7.8475,2.9691,1.3973,1.409,2.7384,0 
-0.9931,7.7439,1.4858,1.6769,1.2753,1.7726,0 
0.7706,7.2354,2.7405,1.3412,0.8924,1.1491,0 
-0.311,8.8375,1.6954,1.9316,2.8422,1.8041,0 
0.5304,7.429,3.7344,1.2384,1.1474,3.2024,0 
-0.3501,6.9813,1.0921,2.3767,1.6453,2.318,0 
-0.7067,9.7511,1.8395,2.0223,3.0678,2.6369,0 
-1.2181,9.131,1.7477,3.0028,0.8236,2.4989,0 
1.7704,8.1173,3.1078,2.4292,3.3591,1.249,0 
-0.3447,8.9166,0.8507,0.5817,2.5302,2.1721,0 
-0.3736,8.0825,3.581,1.9169,0.9145,1.1677,0 
1.2627,7.9474,0.333,1.3036,2.9674,2.5141,0 
0.1964,7.8935,3.374,3.0636,2.2721,2.9001,0 
0.1222,6.2935,1.6403,2.6297,1.279,2.0528,0 
-0.1282,7.8517,3.1554,0.5107,0.7252,2.5221,0 
0.0917,7.9182,1.8989,0.6408,1.3047,0.8153,0 
2.6871,7.8521,-0.7496,3.6884,1.8249,0.3629,0 
2.0775,6.5553,1.8775,3.1274,2.2369,2.235,0 
-1.9125,8.7886,3.2889,1.2331,4.1019,3.0846,0 
-2.6495,7.9055,2.4219,2.1824,-0.3327,-0.0535,0 
-1.4922,7.0767,2.2251,3.3281,1.8655,0.9706,0 
-0.0283,6.4218,2.7746,3.0006,0.7168,2.3145,0 
-1.5953,8.7577,2.2091,4.0005,2.5198,1.9757,0 
-0.3249,7.7043,0.6016,2.8618,1.7209,1.9639,0 
0.8039,6.8193,2.5301,2.4592,2.3265,1.2484,0 
-0.9223,6.8572,1.4069,2.8475,0.9241,1.3246,0 
-0.6467,6.9067,1.705,1.7198,1.4784,2.677,0 
0.3732,8.4561,0.9658,3.4627,3.8536,2.1085,0 
0.5522,8.7598,1.7597,1.7558,0.7486,2.0851,0 
1.0968,7.2567,3.0097,1.5324,1.7697,1.8237,0 
0.7942,5.8444,0.7923,2.0796,1.8411,2.9793,0 
0.3836,7.9214,0.2881,2.649,0.4382,1.254,0 
1.2394,8.8686,4.1749,1.9438,2.9849,3.62,0 
-2.8077,8.4102,2.8335,1.9554,1.6717,0.7821,0 
0.9845,7.4924,3.6874,2.7354,3.1469,3.9608,0 
0.7285,7.5779,1.607,2.9768,0.5582,2.8503,0 
0.4314,8.7825,1.15,2.6704,3.3674,0.727,0 
-0.2005,7.8596,2.7758,3.8843,2.2491,2.8454,0 
0.4369,5.9402,2.2428,2.4221,2.0145,2.1272,0 
1.455,8.2459,2.7822,2.1525,1.7668,2.0443,0 
-0.06,7.3208,2.7753,2.3326,1.0548,2.4691,0 
0.8926,8.4835,3.2799,2.7849,1.3192,2.6083,0 
-0.3192,7.2892,3.7409,0.9267,2.4823,1.4652,0 
0.8986,8.2987,2.1367,3.5884,0.8497,2.9335,0 
-0.1015,8.3963,1.705,0.3665,1.3911,0.8742,0 
2.3152,7.7593,2.7365,1.3493,1.4408,1.0014,0 
1.6471,7.9903,2.0079,2.6749,1.0661,2.5555,0 
0.5042,8.465,2.6065,1.5797,2.2449,2.2087,0 
-1.5583,7.5777,1.8694,2.0519,2.8764,1.926,0 
2.0154,9.2277,3.124,2.3131,1.3098,4.0253,0 
0.2596,7.4682,1.6508,1.517,2.9458,1.2372,0 
-0.3625,7.0892,1.6516,2.2349,1.6998,1.9878,0 
0.4586,8.8659,2.6852,1.2474,2.0487,1.853,0 
0.3098,7.8879,2.7198,2.7717,1.6931,2.1103,0 
-1.299,9.2975,2.0944,1.2098,3.1165,2.5665,0 
-1.2869,10.3436,3.2265,2.2581,2.3514,2.7808,0 
0.7904,6.9253,2.3762,1.1326,1.0418,3.7147,0 
-0.4299,8.4189,1.514,2.5562,0.9966,2.3506,0 
0.7569,8.9074,0.8776,2.2431,4.1086,2.6711,0 
0.1855,8.3761,1.3718,2.5658,3.1903,2.2393,0 
0.6762,8.0941,2.6086,1.2673,1.3558,0.6317,0 
-0.37,10.09,2.1393,1.9751,1.6137,1.2529,0 
-0.0863,8.7645,1.8463,1.8997,1.9953,1.4533,0 
-0.1014,9.187,-0.1027,0.5617,1.6085,2.6732,0 
-0.8356,7.2396,1.5028,2.5498,1.8297,1.6368,0 
-0.9968,8.7518,0.5363,3.2593,2.1806,2.8291,0 
0.4433,6.8224,1.4683,1.6472,2.1378,0.3749,0 
0.8772,9.0718,1.9574,1.6411,1.4629,2.3813,0 
1.1031,8.3831,1.784,2.8175,1.5261,2.5906,0 
-0.5645,9.1639,1.1899,3.1125,0.5735,2.7913,0 
0.7343,8.7019,3.0731,4.4707,1.8371,1.8613,0 
-0.3436,6.6709,1.601,1.6993,3.5571,1.2533,0 
0.6085,8.6792,1.442,1.5975,2.4838,2.2176,0 
0.79,7.3744,2.8928,2.0465,-0.0582,2.453,0 
1.4152,8.1648,2.8288,2.6933,0.6921,0.9481,0 
1.9534,7.62,1.8544,1.7089,2.2899,1.8813,0 
-0.2404,6.2433,3.1292,3.4169,2.1292,0.5038,0 
-1.05,8.3419,1.5218,0.7661,2.6381,2.6223,0 
-0.9729,9.1259,0.8198,2.4071,3.2965,3.4417,0 
0.8965,6.6077,3.0753,2.0729,1.9718,0.5259,0 
-0.3189,6.5695,2.8766,1.5512,2.5514,1.1998,0 
-1.4183,7.4146,3.3164,-0.0236,2.1403,1.6054,0 
-0.2148,5.9572,1.0849,2.0484,3.436,2.3257,0 
1.3763,7.4063,1.6795,0.4483,0.0915,0.5768,0 
-0.7005,7.4354,2.4484,2.3868,2.1133,2.7527,0 
0.0506,7.3935,1.2033,3.229,0.69,1.5177,0 
0.9081,8.5113,3.7828,2.4399,1.8951,3.2579,0 
0.225,7.6111,1.9492,1.7552,1.9384,2.8516,0 
-0.9886,9.3611,2.2413,1.4492,1.2364,2.0821,0 
-0.5212,7.2296,2.5608,1.7796,0.5725,2.215,0 
-1.2491,7.5911,0.0497,3.3633,2.6232,2.8638,0 
-0.1061,7.0492,1.0281,1.382,3.0016,3.3441,0 
-0.2695,7.1465,-0.1835,0.9977,2.3198,1.4995,0 
0.6573,8.1368,1.8792,0.9953,3.1776,4.155,0 
-0.2277,6.8227,1.0163,1.8887,1.5155,1.6181,0 
0.6832,8.4395,0.1697,2.377,0.0165,3.6969,0 
0.4413,9.0026,3.594,2.2022,1.4075,1.153,0 
1.3048,9.1265,4.6143,2.6212,2.2906,2.6054,0 
-1.205,8.7578,2.361,3.5156,0.771,2.0166,0 
0.0406,7.9093,0.4093,3.3246,2.0534,1.9928,0 
-1.3345,7.0471,2.6613,1.693,2.3917,0.9902,0 
0.1999,8.9491,3.615,0.1329,2.7953,0.7545,0 
-2.3399,8.7619,0.4236,3.5084,3.4681,4.0229,0 
0.1903,7.7544,1.5732,2.5745,0.1653,1.2205,0 
-2.2605,7.3512,2.7565,3.7495,1.9531,3.8853,0 
-0.8357,7.0398,-0.3103,1.8751,0.3942,2.196,0 
1.477,8.4192,0.8441,3.0042,3.0699,1.0262,0 
-1.0352,7.9115,1.5803,1.8236,0.5798,1.7787,0 
1.2857,8.0074,1.715,1.5456,0.7802,1.8712,0 
-0.505,6.9319,2.9044,3.1362,2.1627,5.0977,0 
-0.1319,8.6756,1.2421,2.5329,1.4394,0.4149,0 
1.0711,7.5649,1.1479,2.1939,1.4125,1.6013,0 
0.1309,7.6744,2.6736,1.7306,2.1055,2.8856,0 
-0.2193,8.2563,2.532,3.3727,2.1028,2.5572,0 
1.591,5.3725,2.033,1.8468,1.6152,0.973,0 
-0.2965,9.1924,1.657,2.2623,2.6379,2.4226,0 
-0.6001,7.8038,3.2992,3.1302,2.9638,1.5178,0 
-0.6454,8.3305,2.6948,2.6641,1.7912,1.2912,0 
-0.2184,7.0808,3.2567,1.7671,2.4979,1.6648,0 
-0.8845,8.4862,3.1455,2.4388,0.1345,1.8758,0 
0.1258,8.1959,1.8386,2.5315,2.0919,2.5879,0 
0.4847,7.1143,1.6478,2.0757,3.1756,2.0879,0 
0.6613,7.1254,2.907,1.1302,1.198,1.6631,0 
0.9159,6.4088,2.4116,0.8614,1.3483,1.278,0 
-0.3032,9.0021,2.7646,1.3519,1.4225,1.183,0 
-0.0164,8.3622,3.4686,0.9841,1.1353,1.2338,0 
-0.3652,9.8922,0.7714,1.7386,1.8204,3.2123,0 
-0.3184,6.6523,2.506,1.3018,3.1673,3.4795,0 
-1.1012,8.5272,1.9806,2.1396,1.5412,1.7013,0 
0.5451,7.7559,3.097,1.318,2.8778,1.6473,0 
-0.7022,7.4502,1.8084,4.1772,2.0599,1.6531,0 
0.9992,7.4396,1.4711,2.6024,1.4307,0.8061,0 
-1.2074,7.9291,2.839,1.3668,3.1361,1.0179,0 
1.0559,7.5321,1.4578,1.1376,3.5858,2.8823,0 
1.0043,7.5802,2.7252,2.9007,1.4499,1.5736,0 
0.5688,8.2878,0.3441,2.3309,1.1267,2.9072,0 
-1.5892,6.4138,2.7329,2.0123,1.6091,0.7655,0 
0.5264,7.9829,3.1554,-0.077,1.4764,1.4779,0 
-1.204,6.7411,0.6194,2.9466,3.9771,1.5463,0 
-0.6659,6.9184,2.0431,2.5621,1.9018,2.8101,0 
0.0572,9.2335,1.3747,1.3784,2.7165,3.7356,0 
-0.0097,7.2982,1.6717,3.7221,0.3059,3.1274,0 
0.2169,7.5684,0.3121,1.59,1.1016,3.0606,0 
0.9886,8.9278,2.537,2.184,2.4193,2.3336,0 
-0.8218,8.5654,2.0146,2.8554,3.1893,3.4578,0 
-0.9861,7.0569,0.4955,1.9948,2.0402,1.2523,0 
0.8822,8.0317,2.5569,2.4087,3.7094,-0.0423,0 
0.114,9.1822,2.1666,2.0161,1.9357,1.5058,0 
0.6132,8.1252,2.6821,1.8008,3.5302,2.7137,0 
-1.2829,8.4627,2.0157,1.9471,2.8559,4.4237,0 
-0.9936,8.3426,2.2738,2.754,0.8481,2.3024,0 
1.3173,8.1521,0.1435,2.472,1.9734,1.187,0 
1.819,8.9342,1.0364,2.7221,1.6041,1.1001,0 
-0.2418,8.9674,2.401,1.1803,3.0997,3.1694,0 
-0.543,7.1913,2.5596,3.7489,2.267,3.4383,0 
-0.7974,8.3573,4.1811,1.7803,2.6893,4.1064,0 
0.7832,8.0437,0.3545,2.4913,0.3018,1.9056,0 
0.6462,6.8641,-0.287,1.1576,0.7337,2.7229,0 
0.2672,6.1161,2.5,1.5848,1.5626,-0.5729,0 
-0.4023,8.6858,2.1812,0.6597,1.4065,0.2415,0 
1.0099,8.2683,2.744,1.3638,3.4488,0.8831,0 
-0.3104,9.6383,0.8573,2.5603,2.0208,1.0254,0 
0.3475,7.5367,2.7412,2.5841,1.3542,2.3734,0 
-1.3359,7.4205,0.4089,1.552,1.7949,1.4509,0 
-0.016,8.4008,0.8771,0.6463,1.713,2.2922,0 
-1.5797,8.7256,2.3569,2.7303,3.2576,1.0537,0 
1.6088,6.4416,1.7201,1.1808,3.2973,1.54,0 
0.8124,7.8953,3.2099,1.8284,1.4029,2.13,0 
1.2054,8.7017,3.0445,1.1995,0.4138,1.5259,0 
1.226,7.1856,2.0358,3.6008,2.6334,2.9102,0 
0.0577,7.0063,1.8571,1.4249,0.7628,2.2557,0 
1.2647,9.0412,0.5779,2.1819,1.4343,1.5806,0 
0.3385,8.7771,1.2061,2.4792,2.6847,0.722,0 
0.5153,8.7698,3.2837,2.9743,1.7399,-0.6781,0 
0.8215,9.7584,2.8458,2.4215,1.3738,1.9738,0 
-0.3981,8.7449,3.5467,1.3556,1.6037,0.3995,0 
0.8723,8.2069,2.282,2.2604,2.1741,0.4758,0 
-1.0459,9.4592,3.7161,2.3715,1.8527,1.9055,0 
-0.6944,7.9134,1.6006,0.3486,2.9934,3.263,0 
1.3291,8.431,3.1308,1.4061,3.0837,1.5141,0 
-0.5439,7.2801,2.7775,2.4367,2.8106,2.2389,0 
1.9177,7.0346,1.4996,1.9748,2.2257,1.7874,0 
0.7025,6.987,2.5461,2.5679,0.9622,0.2223,0 
0.8652,8.8225,2.9633,3.5296,1.3993,2.3596,0 
-1.9108,9.0231,3.6363,2.9955,1.3085,2.603,0 
-0.7285,5.8876,3.199,1.2728,1.7466,3.1589,0 
-0.5985,8.1006,0.3732,2.4025,0.9272,0.1711,0 
1.3873,9.309,1.6026,1.6332,3.171,2.7915,0 
-0.5536,7.9033,3.1031,1.5384,1.5122,3.0949,0 
0.1973,8.1499,2.2303,2.5129,2.239,3.3767,0 
1.352,7.6628,0.9963,4.2296,3.379,2.367,0 
-0.1785,8.117,1.0748,0.7836,4.7309,-0.2161,0 
3.317,8.0761,3.3739,0.5453,1.4855,1.4439,0 
-0.8576,8.2682,3.0263,2.1904,0.5721,-0.0297,0 
0.5663,9.1971,2.773,3.1606,1.1365,1.064,0 
-1.0025,6.8223,2.3703,3.1844,2.2957,2.6437,0 
-0.5121,6.9466,1.3447,0.7219,2.423,1.905,0 
0.2542,8.1195,1.0463,3.832,1.8215,2.7866,0 
0.0283,8.5128,1.2407,1.1591,3.4332,1.788,0 
-0.2835,8.037,1.5833,1.6798,2.234,2.0566,0 
-0.2621,9.0997,2.4489,1.1982,0.8066,3.0566,0 
1.4374,6.4742,2.7101,1.8563,2.2094,1.8079,0 
-1.6645,8.9444,2.484,3.5302,1.5041,1.719,0 
0.9631,7.7934,4.3572,3.8889,2.1628,2.1607,0 
-2.3738,8.184,1.9394,1.4912,0.3249,2.1562,0 
-0.2833,9.4927,0.9471,2.998,1.5494,0.6213,0 
-1.6828,8.7452,1.0331,0.3489,1.7048,2.1734,0 
0.4014,7.5091,2.3464,1.3857,2.624,1.0118,0 
2.0121,8.4477,1.2624,1.3859,3.4036,2.6202,0 
-3.163,7.7012,0.7982,2.4956,0.3847,2.1135,0 
0.4284,10.3976,1.9943,2.3511,1.5148,2.6832,0 
0.5939,7.4559,1.5048,4.3138,1.8711,2.8835,0 
3.2082,7.3857,2.1821,0.858,1.184,2.5929,0 
1.798,8.9571,2.4064,4.0627,2.1203,3.1156,0 
1.6877,9.1041,1.2825,0.4745,1.7521,3.4234,0 
1.2641,9.1805,0.9003,2.1193,1.2403,1.3291,0 
-1.3354,8.6754,1.9246,1.5225,3.0858,2.9178,0 
-1.1599,8.0488,1.7589,1.6445,2.377,1.7421,0 
-1.009,7.8642,0.9632,-0.49,1.7064,2.2622,0 
-0.9957,8.8987,1.6867,1.9015,2.6818,0.8497,0 
-1.2552,6.4605,3.5946,0.3425,1.7739,3.0418,0 
1.6424,8.0171,0.7144,1.4417,1.9086,1.687,0 
2.0659,10.7888,0.9742,1.8408,2.075,2.5672,0 
-0.4372,10.5065,0.4454,2.1533,1.1958,2.2159,0 
0.9851,7.8372,1.497,1.2598,1.531,1.6829,0 
0.2692,6.9915,2.241,0.3751,2.1208,3.8291,0 
-0.8055,6.1651,3.5079,-0.2073,3.7072,2.3729,0 
-0.7858,7.7413,1.4509,1.2834,2.1965,3.13,0 
0.6981,9.5859,2.5333,0.5659,0.734,2.3884,0 
-0.8517,9.4013,1.7302,1.4504,3.0185,0.4962,0 
-0.7272,7.2013,1.0596,1.3055,3.1288,2.5206,0 
-2.2056,9.551,3.073,1.1012,2.1851,4.413,0 
0.2025,8.2964,2.3259,2.7035,1.4649,0.6469,0 
0.101,7.4492,1.1237,0.5295,1.8452,2.2993,0 
-0.563,6.5055,0.131,2.3164,1.2498,-0.0138,0 
-0.6604,8.2521,1.5346,2.9681,1.5408,2.4883,0 
0.4912,7.2386,0.9309,0.9305,2.3087,3.2004,0 
0.9905,7.2241,4.7408,1.6816,0.8364,1.8702,0 
-0.4513,9.845,0.6188,1.7454,0.462,0.3135,0 
-1.9078,7.6283,1.6192,2.1668,2.5054,1.9204,0 
0.2869,8.3688,0.7187,1.7538,1.5417,0.3941,0 
1.2711,9.0262,3.3391,0.9606,0.0648,1.2734,0 
0.4828,7.1357,3.0283,1.7538,1.2757,1.2277,0 
-1.8026,6.0572,2.7604,2.4927,2.1238,1.0606,0 
1.1612,9.5901,2.404,0.2518,2.2604,0.8159,0 
1.9803,8.2399,1.8783,0.8135,2.7859,1.6632,0 
-0.5793,7.6339,2.329,2.1458,3.2183,2.6288,0 
* 
8.9519,8.5991,1.8748,1.8649,1.3278,0.9989,1 
6.6626,7.324,0.7955,0.2153,2.0028,-0.0114,1 
8.4563,8.5043,1.3055,1.4359,2.8628,2.054,1 
7.2746,9.4038,1.9276,2.4421,1.7819,0.1202,1 
5.7132,8.954,1.9843,1.0661,2.3657,3.1678,1 
7.7486,7.6407,1.3437,0.9952,1.4857,2.0397,1 
7.0816,7.4421,2.3198,1.5315,1.9463,2.5414,1 
7.7633,8.7744,1.5924,1.5619,2.3743,2.223,1 
7.5458,8.9448,2.5925,2.4746,1.3335,3.169,1 
7.6994,8.2313,2.6865,0.3171,0.8251,2.0599,1 
7.9402,7.3614,0.9955,2.9207,3.4345,2.1147,1 
6.7501,7.9236,1.2557,1.5339,3.0066,2.8314,1 
8.2658,8.4504,1.1249,1.8403,2.0567,1.8584,1 
9.6134,6.9959,1.3784,1.8065,4.2915,1.9572,1 
7.0755,7.4735,1.2833,3.5944,-0.3947,1.1759,1 
9.3749,8.6631,2.9591,1.534,2.4483,1.3693,1 
7.3622,7.105,3.0636,1.6597,0.6094,3.0483,1 
8.135,7.2573,1.4876,-0.7316,1.5612,3.1837,1 
8.3541,7.1216,3.0832,1.2385,2.7673,0.4987,1 
6.6994,8.5748,2.2299,1.614,0.6549,2.6877,1 
7.4889,8.1454,1.9009,2.7971,3.2605,1.9209,1 
8.4601,8.2817,3.0823,2.8561,1.7927,0.9095,1 
7.6686,7.6546,1.8612,3.9982,0.0754,1.6521,1 
7.924,9.6332,1.3835,3.9699,1.8758,2.1306,1 
8.5738,8.1286,1.539,2.5063,3.6091,2.0701,1 
7.0805,7.9156,3.4143,3.3774,1.0263,0.7095,1 
9.6608,8.7817,3.9529,1.0027,3.8683,-0.0996,1 
7.3073,7.7383,2.8867,2.937,2.482,1.9027,1 
7.2251,6.8436,1.7689,2.3833,3.4747,2.0505,1 
8.1995,9.5185,4.4047,3.5841,2.4162,0.6448,1 
9.6574,8.9297,1.8577,4.1238,1.7419,2.893,1 
8.3876,7.8257,-0.1014,1.0642,2.4115,2.9727,1 
8.1207,6.034,2.499,-1.3464,1.8788,1.3583,1 
8.3024,6.6905,1.19,2.0065,1.1334,3.3418,1 
8.8338,8.3812,2.8258,2.3508,1.7466,1.7883,1 
8.0116,8.2519,1.5518,2.6464,2.8275,2.219,1 
8.7868,8.8397,1.9067,0.7752,0.7966,2.0204,1 
8.2388,7.4315,1.718,3.4781,0.3641,0.5879,1 
9.4113,7.0435,3.1016,2.437,2.762,3.05,1 
8.6095,7.046,2.1746,2.1047,0.9779,3.3878,1 
7.6996,7.9324,2.8097,3.5786,1.7586,1.1366,1 
8.714,6.9,3.9555,2.5046,1.199,2.026,1 
9.4367,8.3919,2.2378,2.6506,2.6846,3.321,1 
8.6904,9.041,0.9294,1.2999,2.6117,1.4139,1 
8.14,9.3862,1.9026,2.3223,0.7246,3.2355,1 
6.4811,7.7883,2.9087,-0.0074,2.4035,2.1395,1 
9.4138,6.3797,3.0032,-0.0755,2.9409,2.1018,1 
7.188,7.4975,3.2037,3.0795,3.0614,3.0181,1 
7.5965,8.9257,2.1038,1.2579,0.7745,3.9332,1 
9.3719,7.6966,2.5314,1.1312,1.3395,-0.0762,1 
8.821,8.32,1.2369,1.7066,1.8922,1.6334,1 
7.1807,9.1339,1.9906,1.84,1.9185,2.3617,1 
7.6014,8.0403,1.0803,2.9762,1.0653,2.9035,1 
7.1525,7.3256,2.3765,2.0718,0.8384,2.1299,1 
6.7954,9.0878,2.5344,2.8396,1.2367,2.9138,1 
8.7,7.9343,1.6628,2.9011,0.9333,1.8246,1 
6.7784,8.0447,2.5941,1.3487,3.1315,3.1166,1 
7.536,7.4803,2.6886,2.2074,1.7372,1.7382,1 
6.4122,8.6735,2.5165,3.77,1.3514,1.1162,1 
8.8173,6.7787,1.0662,1.2744,0.0444,2.5587,1 
6.1199,7.3066,2.0345,1.6175,2.9302,2.3319,1 
7.8567,7.3467,1.6903,3.3807,2.4194,0.7724,1 
8.3428,7.7212,3.3752,2.5719,1.4287,3.6832,1 
6.4705,7.9381,2.3938,0.5989,1.6134,1.8251,1 
8.8589,5.8934,0.4261,2.338,3.491,2.784,1 
7.6756,7.7317,1.6424,0.1356,-0.2055,3.2776,1 
9.1299,7.4602,2.0446,1.8889,1.8479,0.8074,1 
8.4784,6.9866,2.6906,4.2144,3.3232,1.0906,1 
6.3521,7.2765,2.6218,2.9336,1.9343,2.3265,1 
8.1755,8.7956,2.4983,3.4457,-0.2211,1.4358,1 
8.9719,9.4045,1.1502,1.9147,2.9548,3.541,1 
7.6516,6.1178,1.4643,2.8796,3.2355,1.694,1 
8.8453,8.5748,0.0655,0.5769,2.9629,0.7128,1 
8.4965,9.5019,3.1599,1.3007,1.0818,1.6427,1 
8.0579,7.7904,2.8803,1.8156,1.3546,3.7744,1 
8.5203,5.5574,3.6135,2.9623,1.345,1.6593,1 
8.7382,8.9036,1.741,2.041,2.6237,0.967,1 
6.8267,7.8406,1.2402,1.2579,2.2444,4.1324,1 
8.2463,8.9031,1.779,1.8889,0.7992,2.025,1 
7.3683,6.2421,2.65,1.5965,2.8712,1.703,1 
7.7639,6.1796,1.3097,1.7311,2.7089,0.5267,1 
8.3804,8.8366,1.9683,2.799,2.1552,2.3417,1 
8.8092,9.0993,3.5924,3.3924,2.3928,0.0273,1 
9.1538,10.9269,2.077,1.6159,1.8341,3.7616,1 
7.9333,6.9964,2.1517,1.8956,2.2771,-0.0396,1 
8.7071,8.341,0.2194,1.8485,3.1465,2.7777,1 
8.3574,7.3267,0.118,2.6781,3.0532,3.4364,1 
7.3448,8.0641,0.7172,3.1687,2.1174,2.4465,1 
7.673,9.3067,1.8114,2.1548,3.2077,2.3247,1 
7.5642,7.6848,1.3595,0.3131,1.9386,1.9666,1 
9.5097,6.5509,1.4892,1.6655,1.6337,2.5468,1 
8.6069,9.2466,1.6007,2.3395,0.6574,1.1652,1 
6.328,6.1059,1.5705,3.1513,0.6295,2.0424,1 
8.1955,7.9048,0.5159,2.905,0.8244,2.9245,1 
8.2212,7.8413,2.0683,2.0926,2.9619,1.0129,1 
8.0421,8.8901,1.7182,1.6032,1.0361,1.5426,1 
7.0635,7.5197,2.2148,2.6571,3.8335,0.6879,1 
7.2478,9.2976,0.9519,3.1377,2.9916,3.0493,1 
6.5156,9.5833,0.8606,0.198,2.8054,0.8342,1 
9.8039,6.8787,2.8319,0.4143,2.0576,3.185,1 
7.2328,10.7244,2.9825,2.2122,1.5714,2.4156,1 
7.9886,7.0148,3.0488,1.4074,1.5097,1.7068,1 
6.7598,9.2866,1.354,1.7652,2.4306,1.8572,1 
6.8562,7.2762,1.0108,2.6476,1.9236,2.0231,1 
5.9238,9.12,1.7682,1.9578,3.9678,2.9129,1 
9.0158,8.4395,1.566,1.2521,2.0481,2.1975,1 
8.4301,8.194,1.4372,1.3533,1.8321,2.179,1 
5.6327,8.4103,2.8841,2.1684,2.3423,2.9104,1 
9.4032,8.4677,2.4243,2.3,1.7423,2.4301,1 
8.2688,8.4389,1.8529,2.3558,1.4696,2.3385,1 
8.8008,7.6663,0.8029,4.2666,2.4148,2.8796,1 
7.0046,6.3672,2.0836,0.5479,-0.7137,2.2709,1 
7.4113,8.1074,0.7534,1.2816,1.2794,2.2247,1 
6.6797,8.3459,0.6406,1.9184,1.0505,2.3708,1 
7.5183,6.8602,2.8664,0.6917,2.304,2.352,1 
7.5575,8.5045,1.378,2.0807,2.3784,1.3316,1 
9.2104,6.9453,2.9624,3.1179,2.0595,3.2875,1 
8.196,7.8909,2.713,1.8925,1.52,1.6802,1 
7.8927,7.7383,2.0796,2.1697,1.0627,1.7061,1 
6.0609,6.5788,2.5828,0.2829,2.6576,1.1073,1 
7.8906,7.3024,3.7853,2.3534,0.5775,1.8172,1 
8.1601,8.5477,1.6953,2.0438,1.5783,1.2547,1 
6.8415,8.7311,0.7989,2.2491,0.6118,0.8077,1 
6.9433,7.5833,2.1401,2.3622,4.2696,2.1318,1 
7.3888,7.761,1.2584,0.3961,2.6553,1.3258,1 
8.2703,7.6928,1.5648,2.2435,1.9281,0.1915,1 
7.2259,7.6675,0.2682,2.0427,3.4927,1.5725,1 
11.7482,7.9403,2.487,1.2567,1.3345,4.5422,1 
9.7994,7.349,2.7668,1.2876,3.3619,1.8179,1 
7.0494,6.5668,1.1907,0.8415,0.4939,1.8253,1 
10.28,6.8035,2.7651,2.0095,3.0382,1.8389,1 
6.2521,8.6341,3.0402,3.4272,2.0507,1.5991,1 
8.9262,8.1888,0.5545,1.7763,3.0486,-0.4703,1 
6.8646,7.6012,1.3616,1.9424,2.6988,1.1192,1 
6.8907,8.1716,0.4371,2.6893,2.0718,1.7296,1 
8.8007,7.1754,2.2133,0.3288,1.8674,3.9283,1 
6.8989,7.0599,2.9784,2.356,4.3371,2.0888,1 
7.3549,6.605,4.3634,4.3679,1.7269,2.27,1 
8.241,7.0761,1.3169,0.9812,1.8163,1.283,1 
7.7232,6.9204,1.6123,2.1082,0.7183,1.8156,1 
6.062,8.7816,1.7123,1.8668,1.9074,3.0482,1 
9.0742,7.477,4.4474,1.0942,0.7113,3.8687,1 
6.8453,7.6285,3.3804,0.9704,2.7397,2.7541,1 
8.1606,7.6923,0.6804,0.3859,3.2665,2.0702,1 
6.8279,7.1006,3.5082,3.4012,0.0585,1.9844,1 
8.7747,8.0396,-0.3512,3.9804,3.02,1.9968,1 
8.5237,8.9458,3.8032,2.0082,0.6993,1.5055,1 
7.2186,9.3632,1.9635,2.873,1.1905,2.7752,1 
6.546,7.208,1.1661,1.8884,3.2753,1.7309,1 
9.4736,7.2224,2.2726,2.4488,2.2134,1.7695,1 
7.1441,7.1944,1.4107,1.8014,2.5109,1.2772,1 
7.1814,7.223,0.9963,1.8386,2.3836,2.3747,1 
7.0073,8.2187,3.1913,1.1579,3.025,0.639,1 
9.9192,7.7892,1.6597,1.9459,1.8422,2.7704,1 
8.5576,9.3069,2.4934,2.1649,0.8645,2.4241,1 
9.035,7.9965,2.8714,1.6713,2.4627,0.7644,1 
6.9253,7.9065,0.3662,3.4913,2.7405,2.0021,1 
8.837,7.3529,2.3511,2.0796,0.7726,1.9936,1 
7.9189,7.7932,1.7297,2.1137,2.7662,1.5276,1 
9.033,8.7981,2.9141,0.4951,3.0519,4.0678,1 
8.0484,7.7763,2.5782,1.894,2.0355,0.2541,1 
8.8996,7.0344,2.4404,4.409,2.5197,2.4274,1 
8.2289,8.2636,0.7882,1.8534,1.6497,0.7507,1 
6.3816,7.6231,1.5264,2.1507,2.5396,1.135,1 
10.1806,7.6763,1.4609,0.3705,1.2577,2.7228,1 
7.8354,7.7694,1.6028,3.0754,2.1062,0.8686,1 
8.4217,5.956,1.3673,3.8102,0.8935,1.6866,1 
7.7524,7.5259,0.382,2.0113,2.4332,2.8913,1 
7.9713,7.5437,2.3917,0.5118,1.3975,4.2109,1 
8.2229,8.6024,1.0859,4.7701,1.3281,1.5984,1 
9.541,7.9847,0.4848,2.0659,1.9439,1.1462,1 
8.7317,9.7237,0.629,2.3627,2.1856,2.4243,1 
6.6981,8.0641,1.3445,2.1709,0.0087,1.4423,1 
7.0774,8.9613,4.2936,3.1442,1.482,0.0413,1 
8.2816,8.3094,1.8631,1.7119,1.8853,2.9979,1 
8.0818,7.5232,-0.2663,2.9603,2.0442,1.8579,1 
7.9708,8.9158,3.2648,1.4824,1.6354,1.3373,1 
9.3679,8.6168,2.8885,1.1093,2.3608,1.8526,1 
8.5359,7.7201,0.3039,3.1267,2.0466,2.3826,1 
9.1582,8.6516,3.4037,2.6225,2.393,1.2179,1 
7.9155,8.7463,2.3809,0.9143,0.734,1.2431,1 
8.4352,7.619,2.0945,2.1233,1.9265,0.1304,1 
7.5467,7.4987,1.5991,1.0564,2.8764,2.3754,1 
8.2233,7.2919,1.1309,1.0624,1.4679,4.1796,1 
6.9233,9.163,1.8262,3.0895,1.6471,1.183,1 
9.5889,6.6785,2.1546,3.7758,0.9112,1.4461,1 
10.2021,10.0344,2.6033,2.9724,3.4869,1.3256,1 
7.1757,7.9037,1.2004,1.565,3.9008,0.7739,1 
8.9054,9.3646,2.0177,3.4977,3.0723,1.6593,1 
8.8527,8.5903,2.5015,1.8869,3.9571,2.3061,1 
9.6328,6.2148,2.606,0.715,1.0045,2.0499,1 
9.4601,7.6971,2.2742,0.649,2.2181,2.0682,1 
7.0155,7.89,3.2305,-0.0207,1.5436,3.0811,1 
8.3248,8.4818,1.7884,3.2154,1.1638,2.3604,1 
7.8181,10.3491,2.3107,0.8078,2.2469,1.2988,1 
8.9577,7.6131,3.3668,1.0586,2.3867,1.9611,1 
8.7827,8.1971,-0.2887,2.043,-0.4261,2.2424,1 
7.3469,8.4226,1.4562,2.9191,1.9332,2.6841,1 
8.7726,8.2805,2.5423,2.7102,3.0864,1.822,1 
8.861,9.2527,2.7776,3.4477,1.1731,2.3665,1 
7.5534,7.9061,3.4641,2.7064,1.6743,2.3575,1 
8.4535,7.3994,1.5629,3.0632,3.1616,1.5928,1 
9.3582,6.8189,1.3342,2.3979,1.1205,1.173,1 
7.8087,7.7385,3.079,2.4284,3.0097,1.7636,1 
8.0205,9.3573,1.8116,3.2926,0.7656,2.141,1 
7.99,7.3509,2.9506,2.8766,4.2548,1.9307,1 
6.5053,7.1176,1.7766,1.9856,2.007,3.0217,1 
7.8953,6.7128,2.2439,1.4792,1.5066,3.0142,1 
7.4411,7.4188,1.5445,1.8229,0.9807,1.6736,1 
8.2758,8.8398,1.4194,2.4079,1.0433,2.8512,1 
9.6045,8.8489,2.8191,0.8796,2.2287,2.6425,1 
8.2329,7.2458,2.4676,2.6716,1.5325,2.9056,1 
5.6052,6.6342,0.6435,2.4932,2.7349,0.7915,1 
7.7597,7.7637,0.4019,2.4346,1.5795,0.5969,1 
9.1836,9.6092,3.8444,2.0456,2.3078,3.4082,1 
7.9048,9.1753,1.59,1.5547,4.5787,2.0623,1 
8.9449,8.5239,0.354,1.7948,2.9732,0.9566,1 
7.2675,8.404,1.3984,1.5439,1.8692,4.705,1 
5.1716,7.0509,2.2652,1.6908,2.4274,1.9334,1 
4.7308,9.1284,2.1841,3.1663,1.436,0.5386,1 
6.4927,7.3579,2.4014,1.398,2.3256,1.3584,1 
6.4854,7.5555,2.006,1.9824,1.2959,-0.4463,1 
8.2359,6.3444,2.7323,0.8335,1.8906,2.3227,1 
8.8578,9.2086,0.1552,2.2724,-0.1528,2.644,1 
8.2313,9.6392,0.9647,2.2258,1.6064,2.2748,1 
9.0188,9.2178,1.6343,1.1954,3.443,1.5532,1 
7.1722,7.8576,2.0619,1.2976,1.721,2.0663,1 
8.7387,7.885,1.9689,2.4246,2.5715,1.974,1 
7.1238,6.5655,3.0775,2.0366,1.3296,2.012,1 
7.7909,6.5291,0.7048,2.1285,2.1161,2.5737,1 
6.4036,6.4681,0.6233,1.7432,3.1334,3.016,1 
7.2489,7.7263,1.1748,0.6195,1.8213,2.8953,1 
7.4769,8.579,2.0916,1.5681,2.6439,0.8302,1 
8.5484,8.6334,1.6699,3.1227,3.0503,1.7855,1 
6.6435,8.1594,2.7861,1.7524,2.7227,0.7948,1 
8.8198,8.1397,2.2843,3.3482,1.7026,1.3905,1 
8.8713,7.2051,3.3509,2.0721,1.1417,3.6467,1 
7.1975,6.4921,1.8503,4.0141,1.5713,1.7488,1 
7.5695,8.144,2.7345,2.9424,2.9177,2.4216,1 
8.3888,8.5094,0.6644,2.9359,-0.1271,2.9873,1 
9.1625,9.8682,3.252,1.1095,1.256,1.7329,1 
9.1781,7.4189,3.2018,3.2769,2.7395,0.2459,1 
7.0857,8.6039,2.5231,1.4076,2.0378,2.6305,1 
7.5093,7.0419,2.1826,2.3898,2.4241,4.2167,1 
7.991,8.3333,1.9559,2.0256,1.402,1.9066,1 
10.3667,8.209,1.8911,0.8698,1.9114,2.4694,1 
7.9701,5.56,3.2408,1.4636,4.6974,2.2094,1 
7.3022,7.4783,2.4781,1.7749,1.9295,2.374,1 
7.5561,8.7381,2.0827,0.5335,2.321,1.6744,1 
8.9896,6.83,2.3389,0.593,0.687,2.9178,1 
8.3969,8.6875,3.4171,2.4443,0.8145,1.8867,1 
8.8049,9.8434,3.3935,4.0911,1.729,2.1315,1 
8.9203,8.6429,1.4622,1.3298,3.2216,0.5718,1 
8.4379,8.2974,1.5234,1.0674,1.7062,1.5614,1 
8.0915,9.2436,2.0393,1.9362,2.5156,2.6148,1 
8.5693,7.9963,2.2913,2.6656,2.7992,-0.8588,1 
8.1106,8.2526,1.96,0.7895,1.5102,1.2476,1 
8.8362,7.46,0.3606,1.1069,3.941,2.6789,1 
7.0186,7.8011,3.4379,3.8922,0.8224,2.6785,1 
8.512,7.2175,2.9491,0.6835,4.4155,2.4134,1 
7.6708,8.8696,2.1007,1.3244,2.597,1.4462,1 
7.7825,9.045,2.0778,2.5286,3.1337,2.5127,1 
6.8903,8.0554,4.2323,2.2965,3.1737,2.9848,1 
6.9735,8.2028,1.9555,-0.5068,3.1775,2.0923,1 
7.5462,8.6784,0.937,1.8295,1.1998,1.2196,1 
8.4557,8.1764,2.3499,2.584,1.3626,0.1551,1 
6.859,6.8655,1.197,3.6554,2.6378,3.3585,1 
8.5051,8.65,2.5868,2.3605,3.3436,3.1016,1 
6.7254,8.3504,2.2302,1.9602,1.9479,1.3536,1 
7.6514,7.6213,3.0579,0.6448,2.153,1.03,1 
8.4918,8.4102,2.3162,2.7275,2.0775,4.3411,1 
6.4914,8.158,3.1841,1.9374,3.6318,1.2967,1 
7.4288,7.0514,3.582,2.9994,2.0263,0.1885,1 
8.0906,5.726,2.3913,4.0476,1.1917,3.5684,1 
9.1882,7.7593,1.9099,2.2024,1.1472,0.4454,1 
6.6323,7.0344,0.8203,2.8052,3.2703,2.1433,1 
8.1962,7.7416,2.2573,1.4485,-0.6554,1.6277,1 
8.4554,6.8942,4.1386,2.9397,1.6799,0.598,1 
7.5219,8.1019,2.4647,3.2088,1.241,0.9954,1 
7.9367,7.432,0.8794,2.735,2.0055,2.551,1 
8.8058,8.3049,1.9495,3.0497,1.406,1.4935,1 
7.9263,8.1866,1.1553,2.609,1.4518,2.8273,1 
8.7892,8.3861,2.4101,2.4647,1.837,0.1887,1 
8.5159,8.7384,2.1668,2.11,1.4132,3.306,1 
8.7128,7.9915,2.131,3.2337,3.7358,1.3639,1 
8.3766,7.9743,4.5063,2.1845,2.0708,1.5387,1 
7.8522,7.8304,2.5555,3.8251,1.2324,1.7833,1 
7.8202,7.0837,1.3438,1.1237,1.4687,3.406,1 
8.3374,8.9144,2.7425,1.5759,2.6748,-0.7852,1 
8.8788,7.9612,1.7554,2.7118,1.6277,2.3022,1 
7.6029,7.6604,1.2968,5.464,-0.1695,4.5151,1 
7.6792,8.7631,2.5198,2.2202,3.2541,1.2211,1 
8.6412,8.3723,1.5607,3.1745,0.1249,0.9508,1 
7.4288,7.4301,1.8899,1.3146,3.9654,1.7995,1 
6.9657,9.445,1.0767,2.5707,2.916,1.9346,1 
7.4691,8.3284,1.6309,1.555,0.985,2.4732,1 
6.6101,7.325,3.7196,2.1469,1.1479,3.1089,1 
8.4308,8.5743,2.2055,1.5145,2.9618,2.8327,1 
8.112,10.3953,1.2706,1.4464,2.184,2.7467,1 
6.8168,7.0767,0.9063,2.135,2.2084,1.4956,1 
7.9078,7.8087,3.2246,0.7396,1.6863,2.7527,1 
8.1699,8.8209,2.1786,1.7027,2.9296,1.7489,1 
9.9603,7.9045,1.9139,1.9091,2.4609,0.0931,1 
6.4935,8.6234,0.6448,1.7402,1.9918,1.0199,1 
7.1969,8.8232,1.7323,2.8099,0.8537,2.0282,1 
10.063,7.6501,2.6913,1.0384,3.2579,1.6804,1 
7.6506,7.972,1.9562,2.3199,-0.6817,0.2348,1 
7.6747,7.7033,2.8615,2.012,1.7721,1.2779,1 
9.4334,8.0822,1.8184,1.0543,2.9437,2.6985,1 
8.996,8.8508,0.2893,3.0194,2.3541,3.0691,1 
6.331,8.5906,2.0096,1.6408,0.883,2.6475,1 
7.5347,8.1976,3.1423,2.3481,1.8486,1.9324,1 
9.6792,8.0698,2.0556,2.6446,1.7833,0.8779,1 
8.6277,7.9679,1.8365,1.4728,2.6658,2.1192,1 
8.4541,7.9665,0.9026,0.3368,-0.4048,0.586,1 
7.8538,8.7327,0.4894,3.2003,2.4363,2.2589,1 
7.2065,7.5799,2.1083,0.5898,2.2518,1.1262,1 
7.171,9.4495,1.8345,1.7019,1.465,0.3756,1 
6.7719,8.8339,0.0674,4.2445,2.5796,2.4072,1 
8.0415,6.4182,3.1471,3.2087,0.6994,3.6427,1 
9.4864,6.9688,2.1489,-0.1153,3.1524,3.7723,1 
8.8385,9.2809,2.682,3.8753,1.6809,0.4624,1 
8.3006,7.0256,1.3307,1.3782,1.4028,2.4446,1 
8.0127,9.8767,1.8885,3.2965,1.3111,3.69,1 
10.172,7.3212,3.0481,-0.0413,3.8262,3.1219,1 
8.3471,9.4234,3.2212,0.2907,2.761,1.6066,1 
7.4403,8.221,1.7231,2.4333,2.5897,2.4667,1 
8.1843,8.0535,2.3084,-1.1168,1.264,2.788,1 
7.8669,9.0618,1.2059,3.432,2.312,2.0898,1 
7.5343,7.6298,3.2683,1.7043,3.4012,2.4039,1 
8.7872,7.0531,0.9299,1.2606,1.3663,2.4276,1 
6.691,8.3361,0.9911,2.5602,0.3219,0.7293,1 
8.1519,6.8931,2.0977,0.072,2.0983,1.0813,1 
9.0543,7.0829,0.6967,1.7408,2.9173,1.8244,1 
8.5395,6.6462,2.01,3.0221,2.279,1.306,1 
7.9577,9.5989,1.0095,0.1726,3.0376,0.8513,1 
6.2995,7.8679,1.0253,2.271,1.4403,3.6354,1 
6.7333,8.2583,1.9435,-0.1655,2.5394,3.3912,1 
6.1749,10.2876,0.4316,3.1074,2.334,0.7275,1 
7.8758,8.2069,1.7253,0.8098,1.3235,1.0586,1 
8.4454,8.4616,2.2198,0.9026,1.7154,1.7345,1 
6.9392,8.2966,0.4292,1.4197,2.4356,0.5901,1 
8.8099,8.6867,2.0851,3.0117,1.5304,2.6556,1 
6.3788,8.8341,2.7319,1.5752,1.6836,3.4966,1 
6.7948,8.7859,2.5783,1.3853,2.7307,2.6708,1 
7.3711,5.9505,3.0723,2.0228,3.1862,1.4111,1 
6.0431,8.3571,1.428,1.4367,3.3895,1.6674,1 
5.8922,9.0991,1.789,1.8801,2.8435,1.2769,1 
8.0708,9.7219,2.3089,2.6233,2.7626,1.6959,1 
7.7931,8.4721,1.4894,2.2079,0.9884,2.3503,1 
7.398,7.346,2.3912,0.8168,2.5787,2.8544,1 
9.132,8.3197,2.638,0.4057,2.4052,1.0241,1 
8.2589,8.0075,1.2612,2.3828,2.9795,2.1443,1 
8.6073,7.474,2.2112,2.4985,2.1425,2.7249,1 
8.1322,9.0651,2.7082,2.5025,1.3053,2.7663,1 
7.4064,7.9112,0.844,1.7981,2.9784,1.1966,1 
8.5798,8.148,2.586,2.3095,2.079,2.9405,1 
7.825,7.8356,2.7777,1.7266,0.5631,1.9166,1 
8.7485,9.1477,2.825,2.2485,1.5912,0.3401,1 
7.5542,8.2829,1.5677,1.5036,3.2925,1.822,1 
8.5201,5.4164,0.7356,1.4468,2.3487,2.4269,1 
7.7921,9.9784,2.8912,1.0581,4.3182,2.8389,1 
7.5673,7.7185,3.0916,1.3616,2.1751,1.9804,1 
8.7561,8.0372,0.9344,3.7384,0.7578,2.428,1 
8.8899,8.1048,2.0074,0.9544,2.0004,2.4096,1 
8.1772,7.818,0.6957,2.0261,0.7986,2.2581,1 
8.4451,8.8164,2.6959,1.1022,1.7053,2.2366,1 
8.6894,8.246,1.1086,2.0142,1.6864,1.5606,1 
7.0145,7.5738,2.2363,1.4241,1.2175,1.9303,1 
8.8797,8.671,2.2773,2.3368,1.0557,3.3622,1 
7.5308,7.473,1.9409,2.0087,0.3031,2.9024,1 
9.5268,6.3562,2.6982,1.2567,1.9364,1.6071,1 
8.5661,9.1133,2.9447,1.0154,3.949,2.4305,1 
9.3071,9.0719,1.8657,2.9205,3.1599,2.3271,1 
7.833,8.811,3.0614,1.8804,1.1658,1.3806,1 
7.9882,7.0164,2.2045,2.3155,3.4112,3.0638,1 
7.9315,5.934,1.7818,2.6839,2.715,1.8638,1 
9.1564,9.2535,2.501,1.9913,0.7521,4.5824,1 
9.7579,6.7368,0.4138,2.5277,2.2679,3.2953,1 
6.896,9.8769,2.6245,1.813,3.1866,2.7869,1 
8.2028,8.1357,1.0664,2.0964,1.4903,2.8034,1 
8.4354,7.8223,2.5686,0.2244,1.7819,2.4935,1 
6.9277,8.3336,1.3976,2.6394,2.3126,1.9268,1 
7.1442,7.8643,2.6992,2.0002,1.4571,2.9485,1 
8.6958,7.1609,2.7032,2.3572,2.4522,1.3994,1 
8.8767,7.7628,0.9434,1.7419,2.2972,1.8252,1 
7.8883,8.2098,1.8393,1.5205,2.9869,1.7906,1 
7.5596,6.3413,1.8409,1.8251,2.0648,3.042,1 
8.3128,7.6938,2.5114,1.6092,2.8149,1.8036,1 
8.2696,8.9104,2.0329,2.3293,3.3128,0.7717,1 
6.3929,7.9106,1.4524,1.4449,2.6503,0.3875,1 
10.1243,8.0304,2.1934,0.7183,0.5884,2.2346,1 
7.976,7.2807,0.9858,2.9111,1.3585,4.6028,1 
10.0168,7.8153,3.9371,0.9731,2.5708,1.7912,1 
8.7787,9.3209,-0.1775,1.9479,2.5448,2.8648,1 
8.0213,8.9295,2.4269,1.3948,2.6419,2.5706,1 
6.1583,9.0092,1.0184,1.3375,0.702,1.2362,1 
7.6276,9.7392,1.4854,2.2816,0.6525,0.6402,1 
8.4969,8.0519,1.7912,2.8835,1.2104,1.2887,1 
7.2954,7.8263,1.0132,2.727,0.6551,2.5344,1 
7.0919,7.6627,2.2596,1.903,1.649,3.1897,1 
9.5019,7.7467,1.8653,3.3593,2.168,3.1542,1 
8.1965,7.7715,1.8101,3.8691,-0.2857,2.6688,1 
8.2805,9.2674,0.7028,1.6285,0.9596,0.747,1 
9.2692,8.5573,1.7956,2.6875,1.8496,2.1215,1 
8.7751,9.3686,3.086,1.9844,2.6112,2.9424,1 
9.281,7.274,2.9051,3.4358,2.8836,1.711,1 
9.6326,8.3537,2.4947,2.3016,1.1252,3.4403,1 
7.7083,7.1397,3.1901,2.402,3.6165,1.7736,1 
7.7861,9.7098,0.0365,2.5571,0.994,2.1124,1 
6.8492,7.68,1.5852,1.0047,1.9457,1.5319,1 
7.3135,8.6974,2.1652,1.1424,2.8647,2.7096,1 
8.4506,9.4724,3.6794,0.8199,1.4635,1.4402,1 
9.6328,5.9875,1.6013,3.2526,1.1873,3.4567,1 
7.6277,7.1034,3.1651,2.3572,2.8767,1.8129,1 
5.3512,8.2852,1.4683,3.3064,1.9224,1.1487,1 
8.7694,7.9222,0.6276,1.4687,2.1186,2.9285,1 
6.8793,7.256,2.7753,1.7714,1.7959,2.3458,1 
8.1036,8.083,0.6221,0.9442,1.1252,1.6321,1 
7.7763,6.7262,3.1211,1.6121,1.7767,1.5975,1 
6.8857,7.7029,1.9318,2.4986,1.172,3.2318,1 
8.674,9.4229,2.586,2.6733,2.8545,2.5739,1 
6.873,7.5856,2.4582,2.4651,3.4223,2.2598,1 
8.4058,8.8135,1.9651,2.2836,1.4311,1.9679,1 
7.06,9.1013,4.2923,3.6106,0.5898,3.909,1 
7.0768,7.0327,1.7788,0.689,3.4815,3.1872,1 
7.7182,9.1212,2.7205,0.3029,2.0149,3.1356,1 
5.6825,8.0851,1.8545,3.7584,1.2991,2.4096,1 
7.3478,8.0577,1.6851,3.4409,-0.0231,1.9742,1 
7.8754,6.3804,2.8512,0.2345,1.7298,2.2959,1 
8.7569,10.364,1.1707,2.0786,1.0562,1.8926,1 
7.9903,8.3146,1.0788,1.9841,2.7287,0.5792,1 
8.4167,7.2193,3.3054,2.1088,2.5885,2.5714,1 
9.3166,9.517,1.2635,2.4573,2.4956,0.7521,1 
6.699,9.5634,2.5335,2.4205,-0.1178,2.8092,1 
7.7981,7.9218,1.7215,2.8833,2.0399,0.9928,1 
9.4304,7.9229,3.5816,2.0097,2.0998,1.2759,1 
6.9252,8.1646,0.5255,0.9488,3.7351,0.1233,1 
6.0402,7.1902,2.5875,2.4942,3.1049,2.3024,1 
7.9123,8.5223,0.7369,3.3947,0.9222,1.4784,1 
7.4364,7.575,3.4401,2.1738,2.2783,1.5779,1 
7.5452,8.1162,2.5885,2.3557,1.72,0.9945,1 
9.0221,7.7211,1.3254,2.9283,3.5551,2.3521,1 
8.1219,8.5163,2.0758,1.8602,2.5942,1.8749,1 
9.8433,8.2474,-0.8246,3.3073,1.9438,1.6883,1 
8.9102,8.667,4.2368,2.2644,3.0942,2.6498,1 
7.4442,7.8487,0.3431,4.1973,1.4874,0.203,1 
8.5397,7.4452,2.1873,3.389,3.5875,2.5151,1 
8.7786,8.2241,0.8792,1.9874,1.6752,2.6651,1 
6.6472,8.3999,3.3905,3.013,3.0446,0.8295,1 
7.5298,6.8719,0.3884,1.9498,1.5908,1.9574,1 
8.41,7.5585,3.4036,3.0196,1.6936,4.477,1 
7.6645,5.9484,2.4765,2.3714,0.7059,1.8814,1 
8.4917,7.0906,1.8237,2.0886,2.5602,1.7227,1 
8.0928,8.4242,2.4757,3.3436,-0.5803,0.7265,1 
8.1019,8.7,0.2942,3.025,3.969,2.2604,1 
6.7597,8.2674,2.0658,2.0165,1.8331,2.8719,1 
8.1553,6.8247,0.6984,4.1677,2.4307,2.0714,1 
8.0188,8.515,2.2394,3.9772,3.8636,2.9871,1 
8.2851,8.8722,2.7941,0.7887,3.1682,2.5668,1 
8.3392,6.6985,2.4294,0.8782,2.333,1.505,1 
8.0914,9.2387,1.6212,2.9519,3.0179,1.3949,1 
8.6051,7.114,2.1025,2.3231,2.1536,1.1071,1 
7.8065,8.3736,2.1555,2.4272,1.9293,-0.152,1 
6.9601,6.1497,-0.5766,2.4579,1.7835,1.7099,1 
9.0668,8.3004,2.8897,3.3637,2.8597,1.6004,1 
7.3988,7.7148,1.8749,2.3781,2.6477,2.6689,1 
7.9038,7.8525,2.6415,4.0073,1.5432,0.4766,1 
6.4974,10.3282,2.0949,2.1136,2.6676,2.1567,1 
10.6839,7.5724,2.8172,2.3953,-1.1039,1.9378,1 
8.0153,9.1519,0.3236,2.6341,1.8886,2.3662,1 
8.7923,8.7303,0.4222,2.4943,2.1894,1.5436,1 
7.5085,7.9227,1.6249,2.8625,1.3919,0.8588,1 
8.0556,8.0543,2.637,0.9618,2.6493,2.9397,1 
6.653,8.6101,1.4976,3.297,2.5725,3.4729,1 
8.1346,9.5148,2.7378,1.9393,2.2418,1.8436,1 
8.0611,7.0923,3.3278,3.0681,2.8493,2.3663,1 
8.7852,7.8755,1.6551,1.7829,-0.4711,2.0712,1 
6.4266,9.2594,2.4465,1.2418,3.8128,2.1411,1 
8.1492,8.9234,3.0495,2.9135,2.7521,1.7531,1 
8.8097,7.3761,2.2463,2.4076,2.1198,3.3118,1 
7.4473,7.7015,3.8031,2.9477,1.2569,0.3603,1 
9.3653,7.2802,-0.3212,1.0721,0.9353,3.6498,1 
9.423,7.8343,1.7616,0.3568,2.2567,0.0699,1 
8.2316,8.7116,1.6852,2.5799,1.738,0.9203,1 
7.3618,7.1897,3.9473,2.5426,1.9913,2.093,1 
7.8484,7.4847,3.3006,3.9391,2.2873,1.7782,1 
6.8999,8.6541,1.5489,0.9959,0.7482,2.1506,1 
8.0358,8.7494,1.4874,2.1434,1.6264,2.1188,1 
8.5029,6.7338,1.9307,3.3793,1.5428,1.6627,1 
8.7265,7.0256,2.4314,2.449,1.8204,1.9807,1 
8.9122,8.1628,1.7246,3.0338,1.6301,2.2611,1 
9.1315,6.845,0.8337,3.2509,3.5517,2.6692,1 
8.8516,9.5399,-0.0208,1.3674,3.131,2.4996,1 
7.3199,6.5487,0.2296,1.4204,1.7941,2.4793,1 
9.8106,10.4486,1.9976,3.4746,2.4509,0.7411,1 
8.0977,8.2652,1.972,3.1022,3.5694,1.079,1 
7.6278,8.3315,1.357,0.9314,1.4136,4.1288,1 
7.1476,7.0955,4.4233,4.0765,1.8448,2.3824,1 
6.9609,7.3625,2.6067,2.5888,2.2073,0.8049,1 
* 
