0,0,8.3667 
0,1,-0.0796 
0,2,1.411 
0,3,1.8536 
0,4,1.3177 
0,5,1.8362 
0,6,0.2897 
1,0,8.235 
1,1,0.0859 
1,2,3.0315 
1,3,2.4416 
1,4,0.9404 
1,5,2.4698 
1,6,2.8302 
2,0,9.5008 
2,1,-0.3053 
2,2,1.5341 
2,3,1.319 
2,4,1.6219 
2,5,2.6934 
2,6,2.2672 
3,0,9.078 
3,1,0.7928 
3,2,0.5666 
3,3,2.7881 
3,4,2.1935 
3,5,1.3147 
3,6,2.47 
4,0,6.4865 
4,1,0.1876 
4,2,3.6893 
4,3,1.8964 
4,4,1.2379 
4,5,1.916 
4,6,2.2399 
5,0,8.4244 
5,1,-1.4936 
5,2,2.1856 
5,3,0.3199 
5,4,3.5275 
5,5,1.0501 
5,6,1.1032 
6,0,6.8516 
6,1,0.6856 
6,2,2.1758 
6,3,0.1852 
6,4,1.2519 
6,5,2.1444 
6,6,1.204 
7,0,8.3247 
7,1,-0.2887 
7,2,0.689 
7,3,2.441 
7,4,1.9466 
7,5,1.166 
7,6,-0.1352 
8,0,6.4877 
8,1,-1.547 
8,2,2.1321 
8,3,3.0864 
8,4,-0.2442 
8,5,2.9785 
8,6,0.7191 
9,0,7.3753 
9,1,-0.7942 
9,2,0.8207 
9,3,0.274 
9,4,1.4611 
9,5,1.5214 
9,6,3.4296 
10,0,7.3117 
10,1,0.0293 
10,2,1.0419 
10,3,2.2153 
10,4,2.9956 
10,5,2.3984 
10,6,0.8627 
11,0,8.9474 
11,1,-0.4411 
11,2,2.1071 
11,3,2.9192 
11,4,2.0491 
11,5,0.3484 
11,6,2.5518 
12,0,6.2931 
12,1,0.2029 
12,2,3.1236 
12,3,0.8605 
12,4,1.0179 
12,5,2.6091 
12,6,2.1167 
13,0,8.1697 
13,1,0.7236 
13,2,3.2025 
13,3,0.4155 
13,4,0.1271 
13,5,1.4845 
13,6,2.3017 
14,0,7.9712 
14,1,0.6287 
14,2,1.3075 
14,3,2.6914 
14,4,1.9128 
14,5,3.2604 
14,6,3.8817 
15,0,10.2142 
15,1,0.9822 
15,2,2.8734 
15,3,2.6326 
15,4,1.5685 
15,5,1.6694 
15,6,1.5241 
16,0,9.3003 
16,1,-0.329 
16,2,0.1254 
16,3,1.7478 
16,4,2.1752 
16,5,2.1659 
16,6,2.1548 
17,0,7.42 
17,1,-1.6576 
17,2,-0.096 
17,3,1.0718 
17,4,0.53 
17,5,0.734 
17,6,3.1192 
18,0,6.6298 
18,1,-0.7439 
18,2,2.4537 
18,3,0.8928 
18,4,3.017 
18,5,2.84 
18,6,2.4617 
19,0,7.5324 
19,1,-1.3229 
19,2,2.8981 
19,3,2.8767 
19,4,2.7893 
19,5,2.6022 
19,6,2.0203 
20,0,7.0911 
20,1,-1.4175 
20,2,2.6235 
20,3,3.1658 
20,4,2.5142 
20,5,1.5421 
20,6,1.6381 
21,0,7.7151 
21,1,-0.5554 
21,2,0.5978 
21,3,2.2196 
21,4,3.0701 
21,5,2.6067 
21,6,0.8476 
22,0,9.2686 
22,1,-1.5253 
22,2,2.1508 
22,3,0.7101 
22,4,0.6412 
22,5,0.6144 
22,6,3.0303 
23,0,8.1171 
23,1,0.0462 
23,2,2.3009 
23,3,3.1176 
23,4,1.9026 
23,5,3.2288 
23,6,3.0598 
24,0,7.7995 
24,1,0.039 
24,2,2.0351 
24,3,2.4597 
24,4,2.1486 
24,5,2.5171 
24,6,1.474 
25,0,8.2455 
25,1,-0.6538 
25,2,2.0717 
25,3,2.4806 
25,4,2.5153 
25,5,2.3933 
25,6,1.9087 
26,0,7.2839 
26,1,-0.2295 
26,2,2.5141 
26,3,0.8664 
26,4,3.0204 
26,5,2.1448 
26,6,1.7645 
27,0,8.7472 
27,1,-0.6048 
27,2,1.6334 
27,3,1.8158 
27,4,2.949 
27,5,4.2687 
27,6,2.3763 
28,0,8.4914 
28,1,0.3362 
28,2,2.7936 
28,3,2.3477 
28,4,2.3062 
28,5,2.1025 
28,6,1.1164 
29,0,7.9213 
29,1,-1.1903 
29,2,3.0989 
29,3,1.0208 
29,4,2.8133 
29,5,1.5825 
29,6,2.5928 
30,0,8.4787 
30,1,1.5112 
30,2,2.1523 
30,3,2.2633 
30,4,1.9354 
30,5,2.2748 
30,6,1.5745 
31,0,8.3186 
31,1,-0.9531 
31,2,1.0271 
31,3,2.5139 
31,4,1.5828 
31,5,1.8812 
31,6,2.6007 
32,0,8.0026 
32,1,-0.5298 
32,2,1.4378 
32,3,2.1795 
32,4,3.1369 
32,5,0.7554 
32,6,2.6979 
33,0,8.1235 
33,1,-0.7436 
33,2,1.62 
33,3,1.4899 
33,4,1.991 
33,5,2.2785 
33,6,1.8086 
34,0,8.0816 
34,1,-1.6408 
34,2,1.3343 
34,3,2.4687 
34,4,1.6499 
34,5,0.7296 
34,6,2.0315 
35,0,7.9035 
35,1,1.1318 
35,2,3.696 
35,3,2.227 
35,4,1.6988 
35,5,2.1534 
35,6,1.9488 
36,0,7.8964 
36,1,0.9512 
36,2,2.6092 
36,3,1.1718 
36,4,1.8326 
36,5,0.6789 
36,6,1.4099 
37,0,9.5853 
37,1,-1.581 
37,2,1.8187 
37,3,2.0003 
37,4,2.674 
37,5,1.5324 
37,6,2.8232 
38,0,7.7861 
38,1,0.6122 
38,2,1.4962 
38,3,1.8511 
38,4,2.3085 
38,5,3.0668 
38,6,2.1592 
39,0,6.8009 
39,1,0.0348 
39,2,1.335 
39,3,1.692 
39,4,2.0435 
39,5,3.0127 
39,6,2.0295 
40,0,9.2146 
40,1,0.017 
40,2,2.1926 
40,3,0.9718 
40,4,1.3539 
40,5,0.3594 
40,6,1.666 
41,0,7.5326 
41,1,-0.9337 
41,2,2.5088 
41,3,4.356 
41,4,3.7873 
41,5,2.5552 
41,6,3.6886 
42,0,7.9832 
42,1,-1.3067 
42,2,2.4001 
42,3,2.1944 
42,4,2.6798 
42,5,4.3909 
42,6,1.9611 
43,0,7.5199 
43,1,1.9767 
43,2,3.9642 
43,3,1.9354 
43,4,0.8559 
43,5,2.8757 
43,6,2.5862 
44,0,8.537 
44,1,-0.6844 
44,2,2.129 
44,3,1.9017 
44,4,1.6476 
44,5,2.2253 
44,6,2.8584 
45,0,8.4803 
45,1,1.8711 
45,2,3.784 
45,3,2.9912 
45,4,1.2825 
45,5,3.1039 
45,6,1.7968 
46,0,8.6552 
46,1,0.8832 
46,2,2.0872 
46,3,3.2512 
46,4,1.4448 
46,5,2.1473 
46,6,3.7415 
47,0,8.6512 
47,1,1.8074 
47,2,0.8042 
47,3,2.7644 
47,4,2.5173 
47,5,1.3785 
47,6,3.5367 
48,0,6.6145 
48,1,-0.0236 
48,2,1.5401 
48,3,1.4454 
48,4,1.8286 
48,5,2.3626 
48,6,2.3802 
49,0,8.2266 
49,1,-1.2803 
49,2,3.0169 
49,3,2.1907 
49,4,2.6006 
49,5,4.3799 
49,6,4.2669 
50,0,8.1493 
50,1,0.633 
50,2,0.6392 
50,3,2.1312 
50,4,2.4117 
50,5,3.2198 
50,6,2.2553 
51,0,8.7865 
51,1,0.9738 
51,2,1.3614 
51,3,2.2135 
51,4,1.6025 
51,5,-0.2269 
51,6,1.6213 
52,0,8.7794 
52,1,0.1835 
52,2,2.6515 
52,3,1.5072 
52,4,1.8673 
52,5,1.6811 
52,6,0.7077 
53,0,7.8115 
53,1,1.491 
53,2,1.4504 
53,3,1.2676 
53,4,3.4522 
53,5,3.1472 
53,6,0.4246 
54,0,7.3357 
54,1,1.401 
54,2,2.4802 
54,3,0.3632 
54,4,2.496 
54,5,0.9585 
54,6,1.2994 
55,0,7.2569 
55,1,-0.8458 
55,2,2.765 
55,3,2.5416 
55,4,1.2819 
55,5,0.3198 
55,6,1.9418 
56,0,8.6177 
56,1,-0.0703 
56,2,1.6291 
56,3,1.6949 
56,4,3.1759 
56,5,1.6172 
56,6,2.2253 
57,0,8.4171 
57,1,-0.8108 
57,2,1.4704 
57,3,2.6706 
57,4,1.7234 
57,5,0.7302 
57,6,1.6959 
58,0,7.1428 
58,1,0.0687 
58,2,3.4123 
58,3,2.8514 
58,4,1.8863 
58,5,3.0978 
58,6,2.4422 
59,0,8.7156 
59,1,-0.0791 
59,2,1.9424 
59,3,1.8838 
59,4,0.2916 
59,5,2.1819 
59,6,3.2574 
60,0,7.5246 
60,1,0.2816 
60,2,3.31 
60,3,1.9756 
60,4,1.3596 
60,5,1.6299 
60,6,1.8213 
61,0,7.2748 
61,1,1.196 
61,2,2.4922 
61,3,1.3618 
61,4,3.5919 
61,5,1.0548 
61,6,0.926 
62,0,7.3706 
62,1,0.6797 
62,2,2.7914 
62,3,1.343 
62,4,0.1618 
62,5,2.3258 
62,6,3.5357 
63,0,8.9891 
63,1,1.361 
63,2,1.0968 
63,3,2.1555 
63,4,2.2779 
63,5,2.7104 
63,6,3.3153 
64,0,8.2503 
64,1,1.3844 
64,2,0.8728 
64,3,1.5363 
64,4,2.9434 
64,5,2.1486 
64,6,3.5547 
65,0,7.5367 
65,1,1.8251 
65,2,1.7905 
65,3,4.3261 
65,4,2.3673 
65,5,2.2543 
65,6,2.2403 
66,0,7.5269 
66,1,1.8661 
66,2,1.3621 
66,3,1.6173 
66,4,2.6076 
66,5,-0.0209 
66,6,1.9757 
67,0,8.3214 
67,1,-0.7814 
67,2,2.2667 
67,3,2.2128 
67,4,2.6055 
67,5,1.2254 
67,6,2.7909 
68,0,7.3046 
68,1,0.4261 
68,2,1.7342 
68,3,1.6338 
68,4,3.7607 
68,5,2.7084 
68,6,1.4618 
69,0,7.8284 
69,1,0.5656 
69,2,3.0327 
69,3,0.8484 
69,4,1.9631 
69,5,0.0387 
69,6,2.4232 
70,0,8.7743 
70,1,-0.729 
70,2,2.105 
70,3,2.6358 
70,4,2.7952 
70,5,2.8706 
70,6,1.8601 
71,0,7.188 
71,1,-0.627 
71,2,2.558 
71,3,1.3352 
71,4,1.142 
71,5,2.4148 
71,6,1.6362 
72,0,7.8678 
72,1,0.3043 
72,2,1.616 
72,3,1.6808 
72,4,3.0879 
72,5,1.3971 
72,6,3.4963 
73,0,8.6925 
73,1,-0.5827 
73,2,1.7394 
73,3,3.5658 
73,4,-0.2209 
73,5,1.3806 
73,6,4.2583 
74,0,7.8594 
74,1,2.4976 
74,2,1.3263 
74,3,1.412 
74,4,4.516 
74,5,3.3719 
74,6,1.4905 
75,0,7.3384 
75,1,-1.1499 
75,2,1.5329 
75,3,1.4902 
75,4,3.3193 
75,5,3.4109 
75,6,0.3968 
76,0,9.8571 
76,1,-0.7961 
76,2,3.2974 
76,3,1.4878 
76,4,1.9724 
76,5,2.9337 
76,6,0.8642 
77,0,6.1652 
77,1,1.3901 
77,2,0.1152 
77,3,2.4421 
77,4,1.4625 
77,5,0.6858 
77,6,2.1373 
78,0,8.22 
78,1,1.0693 
78,2,3.1986 
78,3,0.91 
78,4,1.1275 
78,5,1.5846 
78,6,3.2545 
79,0,7.516 
79,1,0.7786 
79,2,0.2439 
79,3,0.8413 
79,4,1.6861 
79,5,1.4449 
79,6,1.1651 
80,0,8.071 
80,1,1.756 
80,2,2.2882 
80,3,1.0125 
80,4,2.0469 
80,5,3.4947 
80,6,1.23 
81,0,7.7978 
81,1,0.9474 
81,2,1.7112 
81,3,1.1292 
81,4,1.5693 
81,5,2.7214 
81,6,1.5788 
82,0,7.2673 
82,1,-0.7299 
82,2,2.3711 
82,3,1.2405 
82,4,2.0562 
82,5,3.0803 
82,6,1.8069 
83,0,8.7395 
83,1,0.4223 
83,2,1.8056 
83,3,1.9835 
83,4,0.8136 
83,5,4.6665 
83,6,2.7845 
84,0,9.7224 
84,1,-0.5789 
84,2,2.3009 
84,3,1.6293 
84,4,3.2918 
84,5,0.3788 
84,6,-0.0684 
85,0,5.805 
85,1,-1.3363 
85,2,3.7769 
85,3,3.3701 
85,4,1.9615 
85,5,2.1439 
85,6,1.3614 
86,0,8.1779 
86,1,-0.5381 
86,2,-0.2873 
86,3,1.4746 
86,4,3.9441 
86,5,1.09 
86,6,2.9332 
87,0,8.4834 
87,1,-0.5126 
87,2,1.978 
87,3,1.3168 
87,4,0.4364 
87,5,1.8337 
87,6,2.275 
88,0,7.9777 
88,1,-0.1166 
88,2,1.0593 
88,3,2.7394 
88,4,0.776 
88,5,2.7602 
88,6,2.4683 
89,0,7.09 
89,1,0.3717 
89,2,2.8744 
89,3,3.8338 
89,4,1.4397 
89,5,1.4597 
89,6,2.8569 
90,0,7.2442 
90,1,-0.1553 
90,2,3.5166 
90,3,-0.1176 
90,4,3.3845 
90,5,3.217 
90,6,1.1306 
91,0,9.6059 
91,1,-0.4052 
91,2,1.9979 
91,3,1.7646 
91,4,1.1789 
91,5,2.7821 
91,6,3.0495 
92,0,7.384 
92,1,0.6557 
92,2,-0.2614 
92,3,3.2199 
92,4,2.0756 
92,5,3.9343 
92,6,1.4247 
93,0,8.1563 
93,1,0.6996 
93,2,2.9399 
93,3,1.2744 
93,4,2.0002 
93,5,2.4051 
93,6,1.4289 
94,0,6.8281 
94,1,-0.5449 
94,2,1.0377 
94,3,2.2258 
94,4,2.7156 
94,5,1.5316 
94,6,2.3688 
95,0,7.549 
95,1,-1.7203 
95,2,3.163 
95,3,0.8182 
95,4,1.3063 
95,5,2.7138 
95,6,2.8467 
96,0,7.6166 
96,1,1.3638 
96,2,1.2319 
96,3,2.0202 
96,4,2.0099 
96,5,3.2961 
96,6,2.7016 
97,0,7.387 
97,1,-2.3159 
97,2,2.3542 
97,3,3.1915 
97,4,1.3807 
97,5,2.4749 
97,6,1.411 
98,0,8.7358 
98,1,-0.0726 
98,2,2.7065 
98,3,2.1279 
98,4,-0.4781 
98,5,0.7529 
98,6,2.8979 
99,0,7.3253 
99,1,-0.7812 
99,2,2.2303 
99,3,1.6686 
99,4,2.7022 
99,5,0.2025 
99,6,4.6895 
100,0,7.6892 
100,1,0.4066 
100,2,3.3286 
100,3,2.6162 
100,4,1.0424 
100,5,2.5603 
100,6,3.864 
101,0,7.796 
101,1,-0.339 
101,2,2.0481 
101,3,1.7557 
101,4,2.3751 
101,5,2.6893 
101,6,2.9173 
102,0,8.4461 
102,1,0.0182 
102,2,3.2325 
102,3,0.7533 
102,4,2.1863 
102,5,1.3753 
102,6,0.9721 
103,0,8.6467 
103,1,-1.2845 
103,2,2.0314 
103,3,1.8772 
103,4,1.7997 
103,5,1.1816 
103,6,1.8231 
104,0,7.9563 
104,1,0.117 
104,2,0.5073 
104,3,3.3517 
104,4,3.5836 
104,5,3.0257 
104,6,4.0322 
105,0,4.8756 
105,1,-1.361 
105,2,3.2411 
105,3,1.6384 
105,4,1.5493 
105,5,2.3106 
105,6,3.1147 
106,0,7.7243 
106,1,1.1493 
106,2,2.4464 
106,3,0.7413 
106,4,2.4018 
106,5,2.5992 
106,6,0.8222 
107,0,8.9901 
107,1,1.479 
107,2,1.0723 
107,3,2.8378 
107,4,1.5581 
107,5,2.3781 
107,6,2.0306 
108,0,11.5506 
108,1,-0.7205 
108,2,3.1289 
108,3,3.0304 
108,4,3.2272 
108,5,1.6965 
108,6,3.4604 
109,0,5.9001 
109,1,-0.0567 
109,2,0.7983 
109,3,-0.0998 
109,4,2.2021 
109,5,3.9225 
109,6,1.5149 
110,0,7.8615 
110,1,-0.6486 
110,2,1.9316 
110,3,1.7714 
110,4,2.0061 
110,5,1.9346 
110,6,3.3231 
111,0,8.084 
111,1,1.8606 
111,2,2.6819 
111,3,2.1492 
111,4,1.9309 
111,5,3.1894 
111,6,1.938 
112,0,7.9737 
112,1,-1.1381 
112,2,2.6671 
112,3,3.6528 
112,4,4.3448 
112,5,1.7387 
112,6,2.2297 
113,0,7.6772 
113,1,-1.91 
113,2,3.4155 
113,3,2.4202 
113,4,2.843 
113,5,3.2066 
113,6,2.576 
114,0,7.909 
114,1,0.393 
114,2,1.3194 
114,3,1.8105 
114,4,2.7833 
114,5,0.7012 
114,6,2.1187 
115,0,7.375 
115,1,0.2068 
115,2,-0.2038 
115,3,2.7779 
115,4,1.296 
115,5,1.6867 
115,6,1.7051 
116,0,8.7007 
116,1,0.4946 
116,2,0.1483 
116,3,0.8842 
116,4,2.3058 
116,5,1.7038 
116,6,2.911 
117,0,8.3255 
117,1,-0.4725 
117,2,3.8791 
117,3,1.8929 
117,4,0.2667 
117,5,0.429 
117,6,2.4262 
118,0,8.207 
118,1,-0.9525 
118,2,2.071 
118,3,1.6333 
118,4,2.3848 
118,5,2.7218 
118,6,2.1847 
119,0,8.2867 
119,1,-0.4326 
119,2,1.2493 
119,3,0.6547 
119,4,1.2324 
119,5,0.1485 
119,6,2.1777 
120,0,7.0692 
120,1,-1.8597 
120,2,2.2063 
120,3,1.4846 
120,4,2.8296 
120,5,2.1994 
120,6,3.1662 
121,0,7.4355 
121,1,-1.4489 
121,2,3.8673 
121,3,1.1211 
121,4,2.9501 
121,5,1.5997 
121,6,3.887 
122,0,7.7307 
122,1,0.452 
122,2,2.6862 
122,3,1.7824 
122,4,2.1338 
122,5,3.407 
122,6,2.7012 
123,0,6.8566 
123,1,-0.3391 
123,2,1.7202 
123,3,1.5003 
123,4,2.163 
123,5,2.5361 
123,6,0.1214 
124,0,6.2236 
124,1,0.3301 
124,2,2.8344 
124,3,0.7126 
124,4,2.7491 
124,5,3.5664 
124,6,2.8345 
125,0,8.3979 
125,1,-0.0239 
125,2,2.2478 
125,3,1.9832 
125,4,2.5563 
125,5,3.3961 
125,6,0.7055 
126,0,7.4183 
126,1,-0.7342 
126,2,1.2159 
126,3,1.9954 
126,4,3.0132 
126,5,2.6528 
126,6,4.1862 
127,0,10.6223 
127,1,0.4403 
127,2,3.3737 
127,3,3.9828 
127,4,0.8019 
127,5,1.0094 
127,6,3.0022 
128,0,8.7886 
128,1,0.0164 
128,2,3.0197 
128,3,1.8628 
128,4,1.1002 
128,5,2.9753 
128,6,1.1497 
129,0,9.8389 
129,1,0.562 
129,2,2.2409 
129,3,1.7114 
129,4,1.0344 
129,5,2.1573 
129,6,1.3017 
130,0,7.2835 
130,1,-0.2909 
130,2,2.0542 
130,3,0.7743 
130,4,2.8487 
130,5,2.671 
130,6,0.985 
131,0,7.3394 
131,1,0.2713 
131,2,2.4305 
131,3,1.6838 
131,4,2.5263 
131,5,2.5638 
131,6,1.6461 
132,0,9.3275 
132,1,0.0094 
132,2,1.5919 
132,3,-0.1438 
132,4,3.4762 
132,5,0.5553 
132,6,0.6804 
133,0,7.7444 
133,1,-0.5121 
133,2,1.4897 
133,3,1.4455 
133,4,1.4956 
133,5,3.7871 
133,6,0.794 
134,0,6.8596 
134,1,0.2 
134,2,1.0538 
134,3,1.5221 
134,4,2.3034 
134,5,0.9801 
134,6,2.1654 
135,0,7.837 
135,1,-2.1745 
135,2,1.576 
135,3,3.5203 
135,4,1.6734 
135,5,0.8984 
135,6,1.6179 
136,0,7.129 
136,1,-0.9885 
136,2,2.3493 
136,3,2.3638 
136,4,2.7472 
136,5,0.91 
136,6,1.8061 
137,0,7.5616 
137,1,1.0477 
137,2,2.6261 
137,3,3.2165 
137,4,1.9526 
137,5,2.3218 
137,6,1.441 
138,0,7.0819 
138,1,-0.5403 
138,2,2.4237 
138,3,1.2866 
138,4,1.0737 
138,5,2.5313 
138,6,1.1379 
139,0,7.2 
139,1,0.9477 
139,2,0.0208 
139,3,-0.4519 
139,4,1.1534 
139,5,1.4736 
139,6,1.3496 
140,0,9.467 
140,1,-0.415 
140,2,2.1424 
140,3,1.9428 
140,4,0.3202 
140,5,1.9785 
140,6,3.367 
141,0,5.3233 
141,1,-0.4855 
141,2,2.0768 
141,3,0.8564 
141,4,2.567 
141,5,2.3276 
141,6,3.737 
142,0,7.8534 
142,1,-0.4995 
142,2,1.1135 
142,3,1.1978 
142,4,1.2965 
142,5,1.8293 
142,6,0.4325 
143,0,8.3517 
143,1,-2.0607 
143,2,1.9247 
143,3,1.3551 
143,4,2.4822 
143,5,3.1819 
143,6,0.7553 
144,0,9.5447 
144,1,0.1945 
144,2,2.4595 
144,3,1.3626 
144,4,1.1408 
144,5,2.5353 
144,6,2.4418 
145,0,7.0303 
145,1,0.65 
145,2,0.8176 
145,3,2.4915 
145,4,1.5241 
145,5,2.3078 
145,6,0.4388 
146,0,7.2601 
146,1,2.0383 
146,2,1.9174 
146,3,1.2806 
146,4,-0.6984 
146,5,0.2869 
146,6,1.1411 
147,0,7.6366 
147,1,-1.2802 
147,2,3.4207 
147,3,1.8842 
147,4,2.1585 
147,5,1.7655 
147,6,2.8623 
148,0,7.3558 
148,1,-0.0379 
148,2,1.2733 
148,3,2.5378 
148,4,3.0443 
148,5,3.1665 
148,6,2.8951 
149,0,7.7856 
149,1,-0.2537 
149,2,1.3849 
149,3,1.1171 
149,4,3.6821 
149,5,1.6927 
149,6,1.9487 
150,0,8.5253 
150,1,1.0794 
150,2,0.3663 
150,3,0.1113 
150,4,2.3889 
150,5,1.8724 
150,6,2.931 
151,0,6.873 
151,1,0.017 
151,2,1.4196 
151,3,3.2921 
151,4,2.3587 
151,5,2.1785 
151,6,1.7631 
152,0,8.6136 
152,1,2.228 
152,2,1.916 
152,3,1.0577 
152,4,1.4264 
152,5,1.8104 
152,6,2.2834 
153,0,8.212 
153,1,0.3983 
153,2,-0.7632 
153,3,2.9713 
153,4,3.4686 
153,5,1.5976 
153,6,3.0622 
154,0,6.0961 
154,1,1.2431 
154,2,3.0595 
154,3,1.5854 
154,4,1.7156 
154,5,0.3598 
154,6,2.4826 
155,0,9.3029 
155,1,-1.9449 
155,2,1.4958 
155,3,1.2078 
155,4,0.3714 
155,5,2.1357 
155,6,0.7314 
156,0,9.0127 
156,1,-0.983 
156,2,3.1253 
156,3,3.2163 
156,4,1.3703 
156,5,1.1539 
156,6,1.6876 
157,0,8.4588 
157,1,-0.269 
157,2,1.7517 
157,3,1.9148 
157,4,0.2972 
157,5,-0.4075 
157,6,1.5517 
158,0,8.8554 
158,1,-0.9382 
158,2,2.1773 
158,3,0.5204 
158,4,4.5686 
158,5,2.9758 
158,6,1.7012 
159,0,5.2661 
159,1,1.7299 
159,2,2.6684 
159,3,3.5369 
159,4,1.3707 
159,5,2.9629 
159,6,1.3502 
160,0,7.4285 
160,1,-0.2136 
160,2,0.1825 
160,3,2.3575 
160,4,1.931 
160,5,1.5408 
160,6,0.7948 
161,0,7.1156 
161,1,1.4883 
161,2,2.6013 
161,3,2.5841 
161,4,1.9363 
161,5,0.587 
161,6,3.6304 
162,0,9.6485 
162,1,0.2941 
162,2,3.4552 
162,3,1.4801 
162,4,2.4166 
162,5,1.8506 
162,6,3.0728 
163,0,8.2663 
163,1,2.8339 
163,2,2.144 
163,3,-0.7271 
163,4,2.6645 
163,5,2.3282 
163,6,2.3716 
164,0,7.5172 
164,1,-0.4683 
164,2,1.0354 
164,3,1.9351 
164,4,1.9465 
164,5,0.8436 
164,6,3.1168 
165,0,7.7751 
165,1,-0.4924 
165,2,0.9299 
165,3,0.9582 
165,4,2.0109 
165,5,0.3814 
165,6,0.7341 
166,0,8.2715 
166,1,1.1047 
166,2,2.0387 
166,3,4.1016 
166,4,1.3085 
166,5,1.5387 
166,6,2.516 
167,0,7.3888 
167,1,0.7651 
167,2,2.4435 
167,3,1.9291 
167,4,1.8921 
167,5,1.349 
167,6,1.7028 
168,0,6.8818 
168,1,0.8167 
168,2,0.2908 
168,3,2.0939 
168,4,0.6039 
168,5,2.4452 
168,6,1.3511 
169,0,7.3243 
169,1,0.7234 
169,2,1.6031 
169,3,3.1898 
169,4,1.3293 
169,5,2.49 
169,6,2.5325 
170,0,6.977 
170,1,0.3563 
170,2,1.4328 
170,3,1.8369 
170,4,2.7383 
170,5,1.5076 
170,6,0.8247 
171,0,8.7494 
171,1,-2.3662 
171,2,0.8952 
171,3,2.2406 
171,4,0.8828 
171,5,0.1519 
171,6,1.5889 
172,0,7.682 
172,1,-0.079 
172,2,0.3699 
172,3,3.5332 
172,4,2.6482 
172,5,-0.3666 
172,6,0.558 
173,0,5.9562 
173,1,-1.1238 
173,2,2.9923 
173,3,1.6127 
173,4,1.4369 
173,5,2.6782 
173,6,0.4916 
174,0,9.6025 
174,1,1.6416 
174,2,1.918 
174,3,2.4201 
174,4,2.6813 
174,5,3.1133 
174,6,1.4408 
175,0,10.0306 
175,1,1.9727 
175,2,1.3483 
175,3,3.9652 
175,4,0.6937 
175,5,0.6903 
175,6,3.7854 
176,0,7.7194 
176,1,1.3299 
176,2,1.8206 
176,3,2.5966 
176,4,2.8118 
176,5,2.3142 
176,6,1.0181 
177,0,8.1063 
177,1,-0.1963 
177,2,1.8607 
177,3,1.835 
177,4,0.116 
177,5,2.8177 
177,6,1.2951 
178,0,7.4377 
178,1,2.584 
178,2,1.209 
178,3,3.3909 
178,4,0.2391 
178,5,1.0434 
178,6,2.5594 
179,0,9.3445 
179,1,-0.3407 
179,2,1.0513 
179,3,2.312 
179,4,0.1559 
179,5,2.0511 
179,6,3.7624 
180,0,8.9024 
180,1,0.4489 
180,2,2.3724 
180,3,1.699 
180,4,-1.8447 
180,5,1.9191 
180,6,2.8812 
181,0,8.2235 
181,1,0.9753 
181,2,1.4285 
181,3,1.8325 
181,4,1.9747 
181,5,2.3921 
181,6,1.8013 
182,0,5.8248 
182,1,0.8705 
182,2,2.5203 
182,3,1.1528 
182,4,1.3111 
182,5,2.8442 
182,6,3.3933 
183,0,7.7966 
183,1,-0.0674 
183,2,2.4433 
183,3,0.9397 
183,4,-0.8751 
183,5,0.1175 
183,6,3.5785 
184,0,8.3336 
184,1,0.8548 
184,2,1.0907 
184,3,1.5178 
184,4,1.3415 
184,5,1.9123 
184,6,1.6789 
185,0,7.0628 
185,1,0.9861 
185,2,0.2672 
185,3,3.008 
185,4,1.5886 
185,5,2.8918 
185,6,0.981 
186,0,5.8827 
186,1,-0.559 
186,2,2.8231 
186,3,2.3074 
186,4,3.0203 
186,5,3.8801 
186,6,1.829 
187,0,8.0664 
187,1,-1.1497 
187,2,0.3356 
187,3,1.1728 
187,4,3.1197 
187,5,2.5931 
187,6,3.2772 
188,0,7.8992 
188,1,-1.8203 
188,2,3.4134 
188,3,2.9353 
188,4,1.9634 
188,5,2.315 
188,6,2.4658 
189,0,8.0049 
189,1,-2.4622 
189,2,3.6643 
189,3,1.125 
189,4,-0.2256 
189,5,3.7856 
189,6,3.5573 
190,0,7.8978 
190,1,-0.7004 
190,2,1.5635 
190,3,2.3002 
190,4,3.1052 
190,5,0.2837 
190,6,0.9895 
191,0,8.0005 
191,1,1.2866 
191,2,2.53 
191,3,1.4201 
191,4,2.5878 
191,5,1.9125 
191,6,3.629 
192,0,7.6329 
192,1,0.9679 
192,2,1.5045 
192,3,3.5585 
192,4,1.3972 
192,5,2.8106 
192,6,1.9966 
193,0,8.0035 
193,1,0.3132 
193,2,2.8116 
193,3,0.8086 
193,4,1.6566 
193,5,1.0629 
193,6,1.6187 
194,0,8.6022 
194,1,-0.2763 
194,2,3.828 
194,3,0.3672 
194,4,0.9713 
194,5,1.7129 
194,6,2.2514 
195,0,8.2828 
195,1,1.9056 
195,2,2.0609 
195,3,1.6242 
195,4,1.3401 
195,5,1.6125 
195,6,1.73 
196,0,7.1953 
196,1,1.7725 
196,2,3.2017 
196,3,2.6268 
196,4,4.255 
196,5,0.3248 
196,6,1.7483 
197,0,9.0635 
197,1,-0.411 
197,2,0.9148 
197,3,1.6817 
197,4,1.2373 
197,5,1.5126 
197,6,2.4591 
198,0,9.0039 
198,1,-1.1763 
198,2,2.5267 
198,3,4.0666 
198,4,2.2371 
198,5,1.8711 
198,6,1.2667 
199,0,7.1238 
199,1,0.8974 
199,2,1.8683 
199,3,1.9487 
199,4,2.7276 
199,5,3.4083 
199,6,1.0632 
200,0,6.9258 
200,1,1.2823 
200,2,1.1914 
200,3,2.9497 
200,4,0.5371 
200,5,1.2369 
200,6,2.4812 
201,0,8.4106 
201,1,-0.9493 
201,2,0.9264 
201,3,1.3789 
201,4,0.6591 
201,5,2.3904 
201,6,1.9469 
202,0,7.5109 
202,1,-1.4974 
202,2,1.0164 
202,3,2.9879 
202,4,-0.3945 
202,5,1.3603 
202,6,2.6094 
203,0,9.8271 
203,1,1.046 
203,2,2.1166 
203,3,2.8671 
203,4,3.3305 
203,5,3.0002 
203,6,2.611 
204,0,8.708 
204,1,0.1955 
204,2,0.9481 
204,3,2.4776 
204,4,2.7224 
204,5,2.1236 
204,6,2.6135 
205,0,10.8667 
205,1,-0.503 
205,2,1.6304 
205,3,1.4042 
205,4,2.1428 
205,5,1.7654 
205,6,3.0409 
206,0,10.9421 
206,1,0.0155 
206,2,2.3997 
206,3,3.3811 
206,4,2.83 
206,5,2.7305 
206,6,3.1142 
207,0,6.3266 
207,1,-0.3177 
207,2,1.3644 
207,3,3.0154 
207,4,-0.0474 
207,5,4.4774 
207,6,0.336 
208,0,9.1431 
208,1,0.7375 
208,2,1.8144 
208,3,2.7498 
208,4,1.7937 
208,5,0.9178 
208,6,2.3034 
209,0,7.8929 
209,1,0.9747 
209,2,1.6721 
209,3,0.5663 
209,4,0.9611 
209,5,1.1497 
209,6,1.2866 
210,0,9.139 
210,1,-0.1463 
210,2,2.9225 
210,3,2.2246 
210,4,0.5333 
210,5,1.8027 
210,6,2.1623 
211,0,5.2142 
211,1,0.4956 
211,2,1.8677 
211,3,1.4045 
211,4,2.3046 
211,5,2.9256 
211,6,2.7701 
212,0,7.7966 
212,1,0.6123 
212,2,2.2548 
212,3,3.139 
212,4,2.5534 
212,5,1.2905 
212,6,1.3653 
213,0,10.6341 
213,1,0.4249 
213,2,3.6078 
213,3,4.0974 
213,4,0.9426 
213,5,2.5747 
213,6,1.4313 
214,0,8.0836 
214,1,-0.381 
214,2,0.8643 
214,3,2.2014 
214,4,1.7948 
214,5,3.1028 
214,6,0.2608 
215,0,10.2865 
215,1,-0.6813 
215,2,1.083 
215,3,2.233 
215,4,1.8404 
215,5,1.7857 
215,6,1.6786 
216,0,10.253 
216,1,1.0321 
216,2,1.2441 
216,3,-0.1918 
216,4,1.6053 
216,5,2.7577 
216,6,0.6359 
217,0,8.2975 
217,1,-0.068 
217,2,4.1568 
217,3,2.7032 
217,4,4.1565 
217,5,2.2866 
217,6,0.7184 
218,0,9.4824 
218,1,0.0191 
218,2,2.1894 
218,3,0.5979 
218,4,2.583 
218,5,3.1733 
218,6,0.7564 
219,0,7.9285 
219,1,-2.6487 
219,2,1.7447 
219,3,1.2362 
219,4,2.842 
219,5,0.5829 
219,6,-0.1567 
220,0,5.8738 
220,1,1.4401 
220,2,1.0464 
220,3,1.7932 
220,4,0.3687 
220,5,0.4438 
220,6,0.7633 
221,0,6.9432 
221,1,0.7406 
221,2,3.6383 
221,3,1.8285 
221,4,1.3108 
221,5,2.3833 
221,6,3.512 
222,0,7.9545 
222,1,-0.3114 
222,2,0.9527 
222,3,2.059 
222,4,2.6833 
222,5,0.0395 
222,6,1.6375 
223,0,10.0704 
223,1,-1.7455 
223,2,1.3727 
223,3,0.8335 
223,4,-1.0086 
223,5,0.4218 
223,6,3.0021 
224,0,8.2137 
224,1,-0.2298 
224,2,2.5383 
224,3,1.227 
224,4,3.207 
224,5,1.649 
224,6,0.5372 
225,0,7.9763 
225,1,2.7324 
225,2,0.9604 
225,3,3.1969 
225,4,0.696 
225,5,2.5646 
225,6,1.9561 
226,0,7.8903 
226,1,1.2575 
226,2,2.0345 
226,3,1.8022 
226,4,2.6229 
226,5,1.1935 
226,6,3.5173 
227,0,7.6386 
227,1,2.3868 
227,2,2.071 
227,3,-0.3266 
227,4,4.2758 
227,5,1.5267 
227,6,2.8655 
228,0,6.7667 
228,1,0.0561 
228,2,0.4766 
228,3,1.5119 
228,4,2.6156 
228,5,2.3172 
228,6,2.11 
229,0,6.8676 
229,1,-0.9137 
229,2,3.5573 
229,3,1.8966 
229,4,3.0332 
229,5,0.704 
229,6,2.7452 
230,0,8.75 
230,1,-1.2774 
230,2,1.3491 
230,3,2.2073 
230,4,3.7791 
230,5,2.2772 
230,6,-0.3009 
231,0,7.8721 
231,1,1.5774 
231,2,2.332 
231,3,1.6741 
231,4,2.2493 
231,5,0.1582 
231,6,1.4724 
232,0,7.4053 
232,1,0.6151 
232,2,3.0878 
232,3,2.6175 
232,4,1.9521 
232,5,2.5592 
232,6,0.1356 
233,0,8.8187 
233,1,-0.0324 
233,2,1.4693 
233,3,3.1903 
233,4,2.1337 
233,5,1.2695 
233,6,-0.4661 
234,0,7.8164 
234,1,0.1537 
234,2,2.273 
234,3,2.0148 
234,4,2.2703 
234,5,0.6751 
234,6,1.4221 
235,0,7.3229 
235,1,-0.1682 
235,2,1.4792 
235,3,3.4532 
235,4,1.7566 
235,5,1.7632 
235,6,2.7541 
236,0,7.1452 
236,1,0.5481 
236,2,2.3552 
236,3,1.9236 
236,4,1.7503 
236,5,1.3265 
236,6,0.8417 
237,0,7.9843 
237,1,-1.1699 
237,2,0.0372 
237,3,1.2274 
237,4,3.3373 
237,5,0.9787 
237,6,3.0006 
238,0,9.9046 
238,1,3.3795 
238,2,2.0798 
238,3,0.6296 
238,4,2.4512 
238,5,0.921 
238,6,2.2981 
239,0,7.7463 
239,1,-0.5741 
239,2,2.3567 
239,3,0.8676 
239,4,0.5013 
239,5,2.3254 
239,6,3.6108 
240,0,8.8074 
240,1,-1.1299 
240,2,1.6154 
240,3,0.043 
240,4,3.4941 
240,5,1.6877 
240,6,3.0973 
241,0,8.2632 
241,1,0.6868 
241,2,3.7285 
241,3,3.4501 
241,4,1.4155 
241,5,2.1773 
241,6,0.8406 
242,0,8.1347 
242,1,0.2717 
242,2,2.1236 
242,3,2.9545 
242,4,3.6949 
242,5,3.427 
242,6,1.6032 
243,0,7.2213 
243,1,-1.5964 
243,2,0.5423 
243,3,1.6525 
243,4,2.6047 
243,5,2.4887 
243,6,2.4163 
244,0,8.4009 
244,1,0.1449 
244,2,1.0279 
244,3,1.9811 
244,4,4.1166 
244,5,1.5556 
244,6,3.6397 
245,0,7.565 
245,1,0.9875 
245,2,2.0278 
245,3,0.6156 
245,4,1.6375 
245,5,2.0091 
245,6,2.7672 
246,0,8.0562 
246,1,-0.1929 
246,2,2.6411 
246,3,1.788 
246,4,3.1984 
246,5,1.7793 
246,6,1.3165 
247,0,6.3084 
247,1,-0.2859 
247,2,3.3532 
247,3,0.8674 
247,4,1.3569 
247,5,4.3464 
247,6,-0.1817 
248,0,8.1484 
248,1,0.3414 
248,2,1.733 
248,3,0.873 
248,4,1.5031 
248,5,2.1189 
248,6,0.3833 
249,0,7.3949 
249,1,0.9263 
249,2,1.4305 
249,3,1.5441 
249,4,3.3458 
249,5,0.4866 
249,6,2.3261 
250,0,7.6723 
250,1,0.718 
250,2,3.7972 
250,3,1.6622 
250,4,0.6151 
250,5,2.5099 
250,6,1.7833 
251,0,6.9664 
251,1,-0.1263 
251,2,4.6872 
251,3,0.7151 
251,4,1.2797 
251,5,3.6335 
251,6,2.4894 
252,0,7.4887 
252,1,0.0698 
252,2,0.7531 
252,3,1.2059 
252,4,1.6601 
252,5,1.7058 
252,6,0.6054 
253,0,9.9961 
253,1,0.0387 
253,2,3.0481 
253,3,1.6362 
253,4,1.7821 
253,5,2.0996 
253,6,-0.0793 
254,0,7.4791 
254,1,-0.3699 
254,2,1.68 
254,3,1.2439 
254,4,1.9865 
254,5,2.0167 
254,6,1.4563 
255,0,7.9096 
255,1,0.6879 
255,2,2.2331 
255,3,0.8942 
255,4,0.376 
255,5,2.2964 
255,6,2.9493 
256,0,7.7894 
256,1,-0.83 
256,2,0.9664 
256,3,3.2385 
256,4,2.434 
256,5,1.6216 
256,6,0.935 
257,0,7.6809 
257,1,-0.023 
257,2,4.2869 
257,3,4.1562 
257,4,1.7256 
257,5,-0.2572 
257,6,1.8694 
258,0,8.3833 
258,1,0.7097 
258,2,2.6702 
258,3,-0.1118 
258,4,-0.1348 
258,5,3.4343 
258,6,2.6375 
259,0,9.6037 
259,1,-0.4494 
259,2,1.4186 
259,3,4.2127 
259,4,1.4073 
259,5,1.3401 
259,6,3.2097 
260,0,9.7387 
260,1,-0.7376 
260,2,1.459 
260,3,1.94 
260,4,2.2729 
260,5,2.4029 
260,6,1.6892 
261,0,8.765 
261,1,0.1963 
261,2,1.1053 
261,3,2.7143 
261,4,2.4267 
261,5,2.2224 
261,6,3.8871 
262,0,7.9331 
262,1,-1.8006 
262,2,2.389 
262,3,-0.1497 
262,4,1.0269 
262,5,0.9137 
262,6,2.6091 
263,0,6.2012 
263,1,-0.1892 
263,2,3.3895 
263,3,1.956 
263,4,1.0726 
263,5,2.5361 
263,6,1.855 
264,0,8.5394 
264,1,0.0206 
264,2,2.1377 
264,3,2.0196 
264,4,1.9416 
264,5,2.3437 
264,6,2.7153 
265,0,8.0831 
265,1,0.1441 
265,2,1.1149 
265,3,3.4932 
265,4,1.6554 
265,5,2.0905 
265,6,1.1189 
266,0,9.9491 
266,1,0.9016 
266,2,0.8205 
266,3,2.1959 
266,4,2.4674 
266,5,2.7903 
266,6,3.8093 
267,0,7.5244 
267,1,0.3727 
267,2,1.1614 
267,3,1.634 
267,4,1.8863 
267,5,3.3576 
267,6,2.2208 
268,0,8.5736 
268,1,0.67 
268,2,0.0647 
268,3,1.9361 
268,4,2.5654 
268,5,4.6363 
268,6,1.3888 
269,0,8.9876 
269,1,-0.2998 
269,2,2.0303 
269,3,2.1123 
269,4,0.0115 
269,5,1.3722 
269,6,2.886 
270,0,7.6113 
270,1,0.3343 
270,2,3.6564 
270,3,1.4992 
270,4,1.8431 
270,5,1.1486 
270,6,3.2367 
271,0,7.7936 
271,1,-1.3017 
271,2,3.0396 
271,3,4.3145 
271,4,2.2225 
271,5,2.3499 
271,6,2.3283 
272,0,8.1453 
272,1,0.8182 
272,2,0.8575 
272,3,1.9865 
272,4,2.7893 
272,5,2.7418 
272,6,1.9159 
273,0,9.2669 
273,1,-0.0179 
273,2,4.2407 
273,3,3.1376 
273,4,3.1472 
273,5,1.8578 
273,6,2.0177 
274,0,8.404 
274,1,1.9611 
274,2,2.1063 
274,3,3.3993 
274,4,2.8956 
274,5,0.9188 
274,6,1.5441 
275,0,9.416 
275,1,-0.3236 
275,2,2.1474 
275,3,3.1712 
275,4,1.1719 
275,5,2.3752 
275,6,0.3746 
276,0,7.8033 
276,1,1.2135 
276,2,1.5451 
276,3,2.704 
276,4,3.9817 
276,5,4.5484 
276,6,-0.1625 
277,0,7.3044 
277,1,-1.6444 
277,2,2.5367 
277,3,3.7367 
277,4,3.0168 
277,5,3.0922 
277,6,3.5214 
278,0,5.9697 
278,1,-0.05 
278,2,0.3864 
278,3,2.4469 
278,4,3.4881 
278,5,1.9108 
278,6,1.701 
279,0,7.0478 
279,1,0.07 
279,2,2.9761 
279,3,2.5491 
279,4,2.4154 
279,5,2.6091 
279,6,1.4821 
280,0,8.3774 
280,1,-0.0737 
280,2,2.7927 
280,3,1.1805 
280,4,4.8434 
280,5,1.9117 
280,6,1.6748 
281,0,8.3169 
281,1,-0.3813 
281,2,2.6596 
281,3,2.9467 
281,4,2.4541 
281,5,3.1046 
281,6,3.2478 
282,0,8.298 
282,1,-0.6887 
282,2,2.6831 
282,3,1.881 
282,4,1.9852 
282,5,1.044 
282,6,2.0171 
283,0,6.7151 
283,1,-0.7248 
283,2,1.4638 
283,3,1.1814 
283,4,0.3474 
283,5,2.5559 
283,6,2.0742 
284,0,8.9693 
284,1,-0.2709 
284,2,2.7883 
284,3,1.7458 
284,4,2.8283 
284,5,0.9807 
284,6,1.2766 
285,0,7.1812 
285,1,2.1912 
285,2,1.525 
285,3,-0.0759 
285,4,1.7065 
285,5,1.8824 
285,6,2.7457 
286,0,7.8362 
286,1,-1.3855 
286,2,0.2872 
286,3,3.0556 
286,4,3.1088 
286,5,2.3462 
286,6,2.5146 
287,0,9.091 
287,1,0.1601 
287,2,2.5794 
287,3,3.0518 
287,4,3.4702 
287,5,1.3174 
287,6,2.7525 
288,0,6.3898 
288,1,-1.8939 
288,2,1.5824 
288,3,2.6818 
288,4,3.6576 
288,5,1.982 
288,6,2.1888 
289,0,8.3955 
289,1,0.1173 
289,2,3.2866 
289,3,1.389 
289,4,3.062 
289,5,1.4266 
289,6,1.5069 
290,0,7.7929 
290,1,0.5618 
290,2,1.0761 
290,3,2.5031 
290,4,2.8734 
290,5,1.4125 
290,6,2.3393 
291,0,9.1734 
291,1,0.279 
291,2,2.4586 
291,3,3.4284 
291,4,3.0425 
291,5,1.0084 
291,6,1.6304 
292,0,7.3767 
292,1,0.7763 
292,2,1.0445 
292,3,2.2399 
292,4,0.9204 
292,5,1.4513 
292,6,2.9251 
293,0,8.1241 
293,1,0.7996 
293,2,1.0705 
293,3,1.5395 
293,4,1.0726 
293,5,2.2794 
293,6,0.979 
294,0,6.5085 
294,1,-0.4336 
294,2,3.1071 
294,3,1.8729 
294,4,0.7677 
294,5,1.558 
294,6,4.1068 
295,0,6.884 
295,1,-0.3335 
295,2,1.1481 
295,3,-0.293 
295,4,1.2566 
295,5,2.1904 
295,6,1.1519 
296,0,7.4903 
296,1,-2.0697 
296,2,1.9833 
296,3,1.9183 
296,4,2.5949 
296,5,0.6264 
296,6,0.8707 
297,0,9.0314 
297,1,1.336 
297,2,2.4566 
297,3,1.0122 
297,4,0.9404 
297,5,1.1323 
297,6,0.0339 
298,0,7.3848 
298,1,1.2215 
298,2,1.7927 
298,3,1.6881 
298,4,2.6338 
298,5,1.9377 
298,6,1.845 
299,0,5.6449 
299,1,1.5015 
299,2,0.8208 
299,3,1.1911 
299,4,1.8199 
299,5,1.5676 
299,6,1.3756 
300,0,6.2557 
300,1,0.035 
300,2,1.4993 
300,3,0.914 
300,4,1.1319 
300,5,2.6082 
300,6,2.6629 
301,0,8.7886 
301,1,0.1914 
301,2,1.0502 
301,3,2.791 
301,4,1.7965 
301,5,0.9162 
301,6,2.6751 
302,0,8.8448 
302,1,0.4168 
302,2,2.486 
302,3,2.9539 
302,4,1.8083 
302,5,2.2209 
302,6,1.0982 
303,0,8.1847 
303,1,-0.2511 
303,2,2.006 
303,3,1.5843 
303,4,0.5666 
303,5,1.1475 
303,6,0.891 
304,0,8.1334 
304,1,0.223 
304,2,0.1212 
304,3,2.6468 
304,4,0.1843 
304,5,1.8987 
304,6,3.0656 
305,0,8.3108 
305,1,1.1719 
305,2,2.6817 
305,3,-0.573 
305,4,1.6906 
305,5,0.5506 
305,6,1.6985 
306,0,6.2595 
306,1,0.944 
306,2,1.3621 
306,3,1.9576 
306,4,1.4568 
306,5,3.1403 
306,6,0.3048 
307,0,7.0377 
307,1,0.4036 
307,2,2.9344 
307,3,2.3662 
307,4,3.4407 
307,5,2.1683 
307,6,0.4883 
308,0,7.4602 
308,1,0.7173 
308,2,2.5938 
308,3,2.553 
308,4,0.7496 
308,5,0.9837 
308,6,1.2282 
309,0,6.9529 
309,1,-0.6409 
309,2,1.0517 
309,3,1.8167 
309,4,1.701 
309,5,1.6864 
309,6,0.5318 
310,0,8.3294 
310,1,-1.9685 
310,2,1.2583 
310,3,2.8492 
310,4,1.1021 
310,5,3.018 
310,6,3.2616 
311,0,7.3881 
311,1,0.5777 
311,2,1.8081 
311,3,2.885 
311,4,1.0098 
311,5,3.2011 
311,6,1.9219 
312,0,7.233 
312,1,-3.2874 
312,2,0.7468 
312,3,2.5277 
312,4,2.7226 
312,5,2.3764 
312,6,1.8566 
313,0,9.2651 
313,1,-1.6805 
313,2,2.2213 
313,3,1.295 
313,4,2.3493 
313,5,1.1552 
313,6,1.3144 
314,0,8.259 
314,1,0.8179 
314,2,2.3574 
314,3,1.7681 
314,4,1.3552 
314,5,1.1971 
314,6,2.2049 
315,0,6.6564 
315,1,2.296 
315,2,1.3926 
315,3,0.7456 
315,4,1.539 
315,5,3.4495 
315,6,1.5441 
316,0,8.7216 
316,1,-1.6576 
316,2,1.495 
316,3,1.8498 
316,4,3.4201 
316,5,3.0581 
316,6,2.8453 
317,0,8.4349 
317,1,-0.4114 
317,2,1.097 
317,3,2.4821 
317,4,2.3636 
317,5,0.4341 
317,6,2.9761 
318,0,8.681 
318,1,0.4542 
318,2,2.8196 
318,3,1.8854 
318,4,2.3706 
318,5,2.0158 
318,6,0.1065 
319,0,7.929 
319,1,0.9133 
319,2,1.7478 
319,3,3.7109 
319,4,1.7688 
319,5,3.0685 
319,6,3.2557 
320,0,5.7656 
320,1,0.4396 
320,2,1.2963 
320,3,3.9563 
320,4,3.6824 
320,5,2.9611 
320,6,1.6375 
321,0,6.4514 
321,1,-1.7522 
321,2,1.2757 
321,3,2.1033 
321,4,1.6845 
321,5,2.6039 
321,6,1.913 
322,0,8.7609 
322,1,-0.1194 
322,2,1.3218 
322,3,2.6452 
322,4,1.9944 
322,5,1.1045 
322,6,4.4901 
323,0,8.6772 
323,1,-0.5518 
323,2,0.6086 
323,3,0.7918 
323,4,0.6019 
323,5,2.6182 
323,6,0.981 
324,0,7.7917 
324,1,0.1724 
324,2,2.8382 
324,3,1.516 
324,4,2.193 
324,5,0.7741 
324,6,2.765 
325,0,8.2104 
325,1,-0.6129 
325,2,0.7513 
325,3,1.9672 
325,4,2.2164 
325,5,4.5897 
325,6,2.8848 
326,0,8.4271 
326,1,1.3069 
326,2,2.494 
326,3,3.9473 
326,4,1.4227 
326,5,1.1888 
326,6,1.4372 
327,0,7.2947 
327,1,0.0104 
327,2,-0.053 
327,3,2.3796 
327,4,1.0695 
327,5,1.5983 
327,6,3.4951 
328,0,8.9287 
328,1,0.2859 
328,2,1.5423 
328,3,2.3519 
328,4,2.0535 
328,5,2.2745 
328,6,0.9726 
329,0,8.7411 
329,1,1.6551 
329,2,2.6263 
329,3,2.1111 
329,4,3.6174 
329,5,0.9087 
329,6,1.3445 
330,0,7.3456 
330,1,-0.1604 
330,2,1.8011 
330,3,2.8794 
330,4,1.084 
330,5,1.5889 
330,6,1.4918 
331,0,9.1294 
331,1,0.5309 
331,2,1.2668 
331,3,2.1195 
331,4,0.6398 
331,5,3.0661 
331,6,1.3412 
332,0,7.6026 
332,1,0.6882 
332,2,1.1006 
332,3,1.8591 
332,4,2.2525 
332,5,1.508 
332,6,2.0197 
333,0,6.8445 
333,1,-1.1748 
333,2,0.778 
333,3,1.7309 
333,4,1.5157 
333,5,3.3233 
333,6,0.0837 
334,0,10.632 
334,1,-0.2574 
334,2,1.3434 
334,3,2.2883 
334,4,2.1441 
334,5,1.9606 
334,6,1.9898 
335,0,7.1025 
335,1,0.8873 
335,2,2.2919 
335,3,1.8925 
335,4,3.333 
335,5,0.3329 
335,6,2.5286 
336,0,8.8623 
336,1,-0.7072 
336,2,0.7947 
336,3,1.9577 
336,4,1.5068 
336,5,0.3924 
336,6,2.9275 
337,0,7.183 
337,1,0.5371 
337,2,4.3008 
337,3,5.5388 
337,4,2.4304 
337,5,1.7574 
337,6,1.2807 
338,0,8.1862 
338,1,0.0741 
338,2,1.497 
338,3,1.6164 
338,4,4.2928 
338,5,1.73 
338,6,1.7607 
339,0,7.4644 
339,1,-0.0946 
339,2,1.7618 
339,3,0.0573 
339,4,0.0292 
339,5,4.9427 
339,6,1.8904 
340,0,6.9533 
340,1,-0.6457 
340,2,2.6769 
340,3,1.1413 
340,4,1.8005 
340,5,2.2693 
340,6,3.4897 
341,0,7.6278 
341,1,-1.0866 
341,2,1.157 
341,3,1.919 
341,4,0.4283 
341,5,2.1228 
341,6,2.2573 
342,0,8.7669 
342,1,0.3333 
342,2,2.5144 
342,3,1.3984 
342,4,1.7673 
342,5,2.5395 
342,6,2.9263 
343,0,8.2027 
343,1,-2.1763 
343,2,0.9594 
343,3,2.7217 
343,4,2.8116 
343,5,0.924 
343,6,2.6775 
344,0,8.1964 
344,1,-0.1839 
344,2,2.8157 
344,3,1.915 
344,4,2.7054 
344,5,2.8996 
344,6,1.8375 
345,0,7.7046 
345,1,-0.0766 
345,2,2.3458 
345,3,2.0274 
345,4,2.27 
345,5,0.9927 
345,6,0.7895 
346,0,7.9401 
346,1,1.0369 
346,2,1.1653 
346,3,1.9034 
346,4,2.525 
346,5,3.626 
346,6,3.4665 
347,0,7.036 
347,1,-1.3139 
347,2,2.0555 
347,3,2.7065 
347,4,0.3233 
347,5,1.2207 
347,6,1.6477 
348,0,10.7143 
348,1,-0.4712 
348,2,1.3351 
348,3,2.0285 
348,4,3.1708 
348,5,0.8494 
348,6,0.3655 
349,0,7.9523 
349,1,-1.0559 
349,2,1.1099 
349,3,2.6187 
349,4,0.8417 
349,5,0.0583 
349,6,1.3368 
350,0,7.9037 
350,1,-1.3677 
350,2,1.8566 
350,3,2.7187 
350,4,2.2215 
350,5,2.4587 
350,6,0.8268 
351,0,8.6783 
351,1,0.7876 
351,2,2.2408 
351,3,1.7068 
351,4,2.9032 
351,5,2.6569 
351,6,1.4729 
352,0,7.3455 
352,1,-0.3196 
352,2,1.1353 
352,3,0.083 
352,4,2.0327 
352,5,1.5755 
352,6,2.5731 
353,0,9.7051 
353,1,-0.2161 
353,2,0.8527 
353,3,0.7359 
353,4,1.7484 
353,5,2.5977 
353,6,3.6695 
354,0,7.2064 
354,1,0.2735 
354,2,0.5283 
354,3,3.1423 
354,4,2.2154 
354,5,2.3461 
354,6,1.1316 
355,0,8.4556 
355,1,0.8718 
355,2,1.0957 
355,3,3.4904 
355,4,0.0066 
355,5,1.3368 
355,6,0.537 
356,0,7.5643 
356,1,-0.0614 
356,2,2.1458 
356,3,2.0897 
356,4,1.7991 
356,5,2.3101 
356,6,2.3016 
357,0,8.6412 
357,1,0.7337 
357,2,2.3319 
357,3,0.6115 
357,4,1.5475 
357,5,1.6411 
357,6,2.1845 
358,0,7.3611 
358,1,1.2098 
358,2,0.5821 
358,3,1.9195 
358,4,0.9597 
358,5,1.3898 
358,6,0.9568 
359,0,7.2023 
359,1,0.4833 
359,2,4.7459 
359,3,2.312 
359,4,2.418 
359,5,3.6428 
359,6,1.8038 
360,0,7.5357 
360,1,0.1814 
360,2,1.6138 
360,3,3.4842 
360,4,1.5617 
360,5,2.0241 
360,6,2.6972 
361,0,7.5752 
361,1,1.1897 
361,2,1.2406 
361,3,2.439 
361,4,3.8013 
361,5,2.6907 
361,6,1.0933 
362,0,6.7237 
362,1,-2.2125 
362,2,2.1168 
362,3,2.4773 
362,4,2.7568 
362,5,3.1556 
362,6,2.4169 
363,0,7.2805 
363,1,-0.7346 
363,2,1.718 
363,3,1.2818 
363,4,2.2178 
363,5,2.4857 
363,6,1.8903 
364,0,6.0071 
364,1,2.4667 
364,2,0.1697 
364,3,1.1009 
364,4,2.0332 
364,5,0.6984 
364,6,1.6295 
365,0,8.0191 
365,1,2.1321 
365,2,2.4158 
365,3,0.9641 
365,4,2.0288 
365,5,1.3753 
365,6,1.4089 
366,0,6.7785 
366,1,0.5008 
366,2,2.6119 
366,3,2.1207 
366,4,1.3768 
366,5,1.8898 
366,6,0.9333 
367,0,7.3195 
367,1,0.5668 
367,2,2.7479 
367,3,-0.0876 
367,4,3.6966 
367,5,2.54 
367,6,0.2143 
368,0,7.0094 
368,1,-0.1517 
368,2,1.6283 
368,3,2.6126 
368,4,1.8972 
368,5,3.4039 
368,6,2.5372 
369,0,6.7421 
369,1,1.2867 
369,2,2.5681 
369,3,2.1898 
369,4,2.3026 
369,5,3.6489 
369,6,1.669 
370,0,8.4061 
370,1,-0.0281 
370,2,2.4928 
370,3,0.601 
370,4,1.9564 
370,5,1.0503 
370,6,2.3546 
371,0,8.651 
371,1,1.1126 
371,2,2.0974 
371,3,4.1518 
371,4,0.0642 
371,5,2.6731 
371,6,2.2148 
372,0,9.2086 
372,1,0.4023 
372,2,1.1013 
372,3,0.589 
372,4,2.1108 
372,5,2.1892 
372,6,2.4353 
373,0,7.6536 
373,1,0.8824 
373,2,0.0511 
373,3,3.2019 
373,4,3.0543 
373,5,1.8266 
373,6,2.3782 
374,0,7.6029 
374,1,0.2931 
374,2,1.9187 
374,3,1.3452 
374,4,2.3599 
374,5,1.9114 
374,6,1.2886 
375,0,9.1251 
375,1,-1.8241 
375,2,2.2108 
375,3,1.1209 
375,4,2.3925 
375,5,1.2972 
375,6,3.2804 
376,0,7.7834 
376,1,-0.4497 
376,2,1.7032 
376,3,2.8638 
376,4,1.8093 
376,5,2.3049 
376,6,1.7106 
377,0,6.9418 
377,1,0.3826 
377,2,2.5322 
377,3,2.5355 
377,4,2.2654 
377,5,2.8908 
377,6,2.9565 
378,0,7.3128 
378,1,0.5674 
378,2,-0.0094 
378,3,1.8787 
378,4,0.9314 
378,5,2.125 
378,6,2.113 
379,0,6.1881 
379,1,0.9596 
379,2,0.5411 
379,3,1.4201 
379,4,2.9177 
379,5,1.2358 
379,6,2.8138 
380,0,7.0935 
380,1,0.4439 
380,2,4.3424 
380,3,2.7862 
380,4,1.2911 
380,5,3.2283 
380,6,1.5071 
381,0,9.3433 
381,1,-0.1453 
381,2,2.1413 
381,3,2.3591 
381,4,1.8363 
381,5,3.726 
381,6,2.9691 
382,0,6.4221 
382,1,1.2009 
382,2,1.5729 
382,3,1.1031 
382,4,2.6869 
382,5,1.8246 
382,6,0.5287 
383,0,6.3342 
383,1,0.0609 
383,2,2.4108 
383,3,1.829 
383,4,1.0885 
383,5,3.0362 
383,6,0.4528 
384,0,9.7941 
384,1,-0.3857 
384,2,0.9978 
384,3,2.1667 
384,4,1.2873 
384,5,1.6361 
384,6,1.0571 
385,0,7.6675 
385,1,0.1203 
385,2,1.7632 
385,3,2.7979 
385,4,1.5653 
385,5,0.917 
385,6,2.6767 
386,0,8.397 
386,1,-0.1536 
386,2,1.8199 
386,3,1.9484 
386,4,2.1636 
386,5,3.0213 
386,6,1.8409 
387,0,8.4426 
387,1,1.5441 
387,2,3.6378 
387,3,3.0742 
387,4,2.1799 
387,5,2.1836 
387,6,0.3868 
388,0,7.2252 
388,1,-1.1171 
388,2,2.1238 
388,3,1.1858 
388,4,2.7214 
388,5,3.1756 
388,6,2.4138 
389,0,6.988 
389,1,1.9237 
389,2,1.5596 
389,3,1.8659 
389,4,1.8776 
389,5,4.2228 
389,6,1.323 
390,0,8.0042 
390,1,0.9251 
390,2,3.0226 
390,3,3.9437 
390,4,2.3216 
390,5,1.5258 
390,6,3.7433 
391,0,9.9514 
391,1,0.8823 
391,2,2.2456 
391,3,1.1961 
391,4,2.8199 
391,5,1.9163 
391,6,3.4158 
392,0,8.2187 
392,1,1.7628 
392,2,2.1678 
392,3,2.5791 
392,4,3.965 
392,5,0.6202 
392,6,0.8307 
393,0,6.4866 
393,1,1.6879 
393,2,1.0659 
393,3,1.1603 
393,4,2.8812 
393,5,0.1839 
393,6,2.0626 
394,0,7.1375 
394,1,0.4248 
394,2,3.1175 
394,3,0.2693 
394,4,3.3671 
394,5,1.7068 
394,6,1.8291 
395,0,8.2981 
395,1,-1.0732 
395,2,2.8116 
395,3,2.1589 
395,4,3.1156 
395,5,3.5183 
395,6,2.6724 
396,0,7.2624 
396,1,1.7293 
396,2,1.2684 
396,3,0.0027 
396,4,2.8292 
396,5,-1.2546 
396,6,1.6709 
397,0,9.0834 
397,1,0.0276 
397,2,4.3967 
397,3,2.5994 
397,4,2.1611 
397,5,2.1887 
397,6,1.6486 
398,0,7.5785 
398,1,0.0669 
398,2,2.3807 
398,3,2.4876 
398,4,1.555 
398,5,1.8797 
398,6,3.4891 
399,0,7.9422 
399,1,-0.8501 
399,2,2.3536 
399,3,3.5164 
399,4,2.0843 
399,5,1.8838 
399,6,1.4248 
400,0,9.2564 
400,1,0.0144 
400,2,1.3244 
400,3,1.7177 
400,4,1.3995 
400,5,1.1157 
400,6,2.4576 
401,0,7.8998 
401,1,0.5366 
401,2,2.5401 
401,3,0.5887 
401,4,1.406 
401,5,1.7247 
401,6,2.2954 
402,0,9.6581 
402,1,0.5535 
402,2,3.1458 
402,3,1.2983 
402,4,1.2047 
402,5,2.4225 
402,6,1.6424 
403,0,7.3288 
403,1,-0.8925 
403,2,1.4574 
403,3,1.8345 
403,4,1.213 
403,5,2.956 
403,6,0.4834 
404,0,8.3582 
404,1,-0.0213 
404,2,2.0851 
404,3,2.8009 
404,4,2.7022 
404,5,2.2671 
404,6,1.0511 
405,0,6.7831 
405,1,1.0576 
405,2,0.9838 
405,3,0.5063 
405,4,2.3525 
405,5,2.5085 
405,6,1.5087 
406,0,9.8486 
406,1,-0.4959 
406,2,0.8544 
406,3,1.1821 
406,4,1.5567 
406,5,1.482 
406,6,3.0795 
407,0,8.372 
407,1,-0.9353 
407,2,2.4634 
407,3,3.297 
407,4,3.807 
407,5,2.2033 
407,6,3.7295 
408,0,6.7381 
408,1,-0.2516 
408,2,3.2212 
408,3,0.94 
408,4,3.187 
408,5,1.7702 
408,6,2.614 
409,0,7.2123 
409,1,-0.9971 
409,2,1.3624 
409,3,2.0847 
409,4,2.4089 
409,5,3.5006 
409,6,1.508 
410,0,8.596 
410,1,-0.1674 
410,2,0.5088 
410,3,1.2765 
410,4,1.8679 
410,5,1.3901 
410,6,3.1455 
411,0,7.8794 
411,1,0.6789 
411,2,3.8022 
411,3,1.7338 
411,4,1.1837 
411,5,3.3533 
411,6,3.0872 
412,0,7.0004 
412,1,-0.4445 
412,2,2.0491 
412,3,-0.0032 
412,4,1.0573 
412,5,2.1008 
412,6,1.3336 
413,0,7.0731 
413,1,-1.302 
413,2,1.8435 
413,3,2.1179 
413,4,2.0052 
413,5,2.6173 
413,6,2.3694 
414,0,7.9405 
414,1,1.1203 
414,2,1.5943 
414,3,2.6553 
414,4,1.487 
414,5,1.0656 
414,6,1.92 
415,0,9.4913 
415,1,-0.0337 
415,2,0.7531 
415,3,2.295 
415,4,2.4799 
415,5,0.3693 
415,6,0.889 
416,0,9.1071 
416,1,-0.7267 
416,2,4.6751 
416,3,2.5792 
416,4,2.5458 
416,5,2.0466 
416,6,1.2776 
417,0,7.7368 
417,1,-1.8833 
417,2,0.5242 
417,3,3.1032 
417,4,1.9903 
417,5,2.3627 
417,6,2.1057 
418,0,8.9593 
418,1,0.7889 
418,2,0.3127 
418,3,2.7589 
418,4,1.2297 
418,5,1.6937 
418,6,1.5819 
419,0,6.0656 
419,1,2.208 
419,2,2.1008 
419,3,1.9801 
419,4,3.0503 
419,5,0.4153 
419,6,2.2171 
420,0,8.4232 
420,1,0.5273 
420,2,1.7911 
420,3,2.1131 
420,4,1.7495 
420,5,0.4641 
420,6,0.5299 
421,0,8.2743 
421,1,-0.2563 
421,2,1.5825 
421,3,1.8302 
421,4,0.6788 
421,5,4.1412 
421,6,0.4861 
422,0,8.6963 
422,1,1.2599 
422,2,2.6782 
422,3,2.1157 
422,4,1.9439 
422,5,2.2357 
422,6,2.3934 
423,0,6.3386 
423,1,0.0822 
423,2,1.4739 
423,3,1.9666 
423,4,0.9919 
423,5,2.9986 
423,6,0.975 
424,0,6.9864 
424,1,-0.3923 
424,2,3.0635 
424,3,0.8797 
424,4,2.7632 
424,5,1.4378 
424,6,1.2129 
425,0,7.8695 
425,1,0.169 
425,2,4.1922 
425,3,3.6464 
425,4,3.6018 
425,5,2.2694 
425,6,2.9521 
426,0,7.1019 
426,1,0.0192 
426,2,-0.431 
426,3,1.0586 
426,4,-0.0821 
426,5,1.448 
426,6,0.4789 
427,0,8.5346 
427,1,2.0145 
427,2,1.3391 
427,3,3.2461 
427,4,2.3344 
427,5,1.2616 
427,6,3.4325 
428,0,8.4042 
428,1,-0.7013 
428,2,0.6557 
428,3,1.8892 
428,4,1.8885 
428,5,1.3621 
428,6,3.7704 
429,0,8.8458 
429,1,1.4059 
429,2,0.8397 
429,3,1.3403 
429,4,2.3644 
429,5,1.1096 
429,6,3.3145 
430,0,7.8631 
430,1,1.9308 
430,2,2.576 
430,3,2.1585 
430,4,2.0748 
430,5,2.5033 
430,6,2.2998 
431,0,8.7486 
431,1,-0.9478 
431,2,1.0876 
431,3,0.9363 
431,4,3.9651 
431,5,2.6567 
431,6,2.3076 
432,0,9.0002 
432,1,-0.7052 
432,2,3.9728 
432,3,2.0014 
432,4,1.945 
432,5,2.9494 
432,6,2.1331 
433,0,7.8686 
433,1,-1.5434 
433,2,-0.0737 
433,3,2.689 
433,4,2.5263 
433,5,2.4009 
433,6,3.5135 
434,0,6.3674 
434,1,2.6051 
434,2,0.9098 
434,3,1.6641 
434,4,3.9836 
434,5,2.2392 
434,6,0.5328 
435,0,8.3058 
435,1,-0.0813 
435,2,1.3948 
435,3,3.1519 
435,4,1.8441 
435,5,0.3212 
435,6,1.6635 
436,0,8.4186 
436,1,0.47 
436,2,2.1945 
436,3,2.1333 
436,4,2.032 
436,5,3.2912 
436,6,0.9136 
437,0,5.6575 
437,1,-0.0832 
437,2,1.5592 
437,3,2.3433 
437,4,1.5478 
437,5,2.167 
437,6,3.8592 
438,0,8.7397 
438,1,0.7569 
438,2,3.4335 
438,3,-0.3805 
438,4,1.1318 
438,5,2.1952 
438,6,2.1635 
439,0,9.2677 
439,1,1.6328 
439,2,4.0343 
439,3,-0.08 
439,4,3.1266 
439,5,2.8629 
439,6,1.2056 
440,0,8.7483 
440,1,0.7337 
440,2,1.9724 
440,3,3.2389 
440,4,1.8314 
440,5,2.0215 
440,6,3.8819 
441,0,8.5193 
441,1,0.9946 
441,2,0.6696 
441,3,1.9381 
441,4,1.9531 
441,5,0.9742 
441,6,1.3706 
442,0,8.545 
442,1,-0.5553 
442,2,0.4522 
442,3,3.8766 
442,4,2.0416 
442,5,2.4328 
442,6,0.6653 
443,0,8.9781 
443,1,0.5453 
443,2,2.3622 
443,3,1.38 
443,4,2.4117 
443,5,2.5647 
443,6,1.9577 
444,0,6.6746 
444,1,0.9101 
444,2,0.2656 
444,3,2.7857 
444,4,0.8681 
444,5,3.0418 
444,6,2.9283 
445,0,8.323 
445,1,0.6421 
445,2,3.4228 
445,3,2.1413 
445,4,2.1116 
445,5,-0.2584 
445,6,2.89 
446,0,9.4535 
446,1,0.375 
446,2,2.1654 
446,3,-0.0627 
446,4,4.0788 
446,5,1.3409 
446,6,1.5515 
447,0,8.2263 
447,1,-1.0303 
447,2,1.7043 
447,3,1.4009 
447,4,-1.0394 
447,5,2.4261 
447,6,2.8988 
448,0,6.9173 
448,1,0.6415 
448,2,1.4212 
448,3,2.0898 
448,4,1.7938 
448,5,0.1491 
448,6,2.3517 
449,0,9.4418 
449,1,1.8998 
449,2,2.1872 
449,3,1.3112 
449,4,1.5259 
449,5,1.7518 
449,6,2.8782 
450,0,6.5709 
450,1,0.9922 
450,2,1.2763 
450,3,1.1467 
450,4,1.6025 
450,5,1.2405 
450,6,4.1145 
451,0,7.2511 
451,1,-0.2798 
451,2,0.9863 
451,3,0.4076 
451,4,2.5482 
451,5,2.8783 
451,6,2.4861 
452,0,9.5326 
452,1,0.6978 
452,2,1.3357 
452,3,1.1722 
452,4,1.7142 
452,5,2.7941 
452,6,2.3191 
453,0,8.0308 
453,1,1.913 
453,2,1.0927 
453,3,2.0101 
453,4,3.209 
453,5,0.268 
453,6,2.2832 
454,0,8.739 
454,1,0.781 
454,2,1.5691 
454,3,1.8737 
454,4,0.5703 
454,5,0.8996 
454,6,1.6496 
455,0,9.6764 
455,1,0.0791 
455,2,2.1041 
455,3,2.4076 
455,4,0.597 
455,5,1.5578 
455,6,1.9649 
456,0,8.5085 
456,1,-0.7155 
456,2,2.235 
456,3,2.5682 
456,4,0.069 
456,5,1.7876 
456,6,1.5719 
457,0,7.3807 
457,1,-2.1021 
457,2,1.3364 
457,3,2.7783 
457,4,2.5545 
457,5,1.7201 
457,6,0.0356 
458,0,7.0171 
458,1,1.4845 
458,2,1.8343 
458,3,3.4809 
458,4,2.2493 
458,5,3.0615 
458,6,1.9185 
459,0,7.6052 
459,1,-1.4995 
459,2,3.61 
459,3,1.0478 
459,4,1.8356 
459,5,2.7212 
459,6,2.003 
460,0,8.7012 
460,1,0.8615 
460,2,2.1488 
460,3,1.053 
460,4,2.7263 
460,5,3.3352 
460,6,1.456 
461,0,9.6344 
461,1,0.4336 
461,2,2.8815 
461,3,3.575 
461,4,1.5389 
461,5,2.9419 
461,6,-0.1091 
462,0,8.5461 
462,1,0.5054 
462,2,1.5297 
462,3,2.2372 
462,4,3.8601 
462,5,0.3658 
462,6,2.007 
463,0,6.7199 
463,1,-0.4517 
463,2,0.9369 
463,3,1.9718 
463,4,3.9914 
463,5,2.187 
463,6,3.4224 
464,0,8.4073 
464,1,0.3473 
464,2,1.5549 
464,3,2.0417 
464,4,3.4916 
464,5,2.9883 
464,6,3.1628 
465,0,10.0633 
465,1,-0.9968 
465,2,2.9889 
465,3,0.1554 
465,4,0.9264 
465,5,4.5905 
465,6,3.2423 
466,0,7.2601 
466,1,-0.837 
466,2,1.5387 
466,3,1.4353 
466,4,1.4218 
466,5,1.2727 
466,6,1.9876 
467,0,8.8638 
467,1,-1.7804 
467,2,1.8793 
467,3,2.5123 
467,4,2.1356 
467,5,1.9704 
467,6,2.0722 
468,0,8.6089 
468,1,1.1225 
468,2,2.2184 
468,3,2.1298 
468,4,2.9475 
468,5,2.1475 
468,6,1.4263 
469,0,8.3967 
469,1,-2.0484 
469,2,1.1523 
469,3,1.9792 
469,4,1.1323 
469,5,2.335 
469,6,0.9473 
470,0,6.6865 
470,1,-0.3688 
470,2,2.8282 
470,3,1.0098 
470,4,1.3079 
470,5,2.8722 
470,6,1.0736 
471,0,9.2816 
471,1,0.3965 
471,2,2.4913 
471,3,3.7794 
471,4,1.618 
471,5,0.9643 
471,6,1.692 
472,0,7.8564 
472,1,1.0237 
472,2,1.5323 
472,3,1.4785 
472,4,1.6754 
472,5,1.762 
472,6,3.4534 
473,0,8.5242 
473,1,-0.3069 
473,2,2.4912 
473,3,2.4634 
473,4,2.3224 
473,5,2.8168 
473,6,2.3268 
474,0,9.3142 
474,1,0.4222 
474,2,1.8234 
474,3,2.6826 
474,4,1.379 
474,5,1.6539 
474,6,2.8698 
475,0,7.1483 
475,1,-0.6378 
475,2,1.5502 
475,3,3.2196 
475,4,2.3136 
475,5,-0.4183 
475,6,3.238 
476,0,7.7289 
476,1,-1.5944 
476,2,1.4952 
476,3,2.3945 
476,4,1.3749 
476,5,1.3499 
476,6,1.7672 
477,0,9.6166 
477,1,0.7366 
477,2,3.3266 
477,3,2.4946 
477,4,1.4524 
477,5,3.0226 
477,6,2.3099 
478,0,8.5157 
478,1,-2.2481 
478,2,1.5437 
478,3,1.8289 
478,4,1.3247 
478,5,0.2393 
478,6,3.4212 
479,0,5.8663 
479,1,-1.2796 
479,2,0.961 
479,3,1.9292 
479,4,0.0321 
479,5,2.3453 
479,6,3.2906 
480,0,8.2828 
480,1,-0.6361 
480,2,1.0838 
480,3,2.6143 
480,4,1.4767 
480,5,2.8088 
480,6,2.7182 
481,0,8.2334 
481,1,-0.3077 
481,2,2.6776 
481,3,1.2411 
481,4,1.0532 
481,5,1.7646 
481,6,3.1771 
482,0,8.4435 
482,1,-0.7397 
482,2,0.67 
482,3,1.6241 
482,4,3.6551 
482,5,1.8342 
482,6,1.5743 
483,0,7.0492 
483,1,-1.6512 
483,2,1.8896 
483,3,1.1251 
483,4,1.7044 
483,5,2.6642 
483,6,0.9193 
484,0,7.5324 
484,1,0.6663 
484,2,3.2253 
484,3,1.2055 
484,4,2.6369 
484,5,1.7717 
484,6,1.5078 
485,0,8.1191 
485,1,0.623 
485,2,2.9925 
485,3,2.7966 
485,4,1.5398 
485,5,0.992 
485,6,-0.1675 
486,0,7.1432 
486,1,-0.7988 
486,2,0.9117 
486,3,-0.3523 
486,4,2.753 
486,5,2.4007 
486,6,2.38 
487,0,9.6515 
487,1,0.3969 
487,2,2.7569 
487,3,2.7952 
487,4,1.1817 
487,5,0.7485 
487,6,2.8453 
488,0,8.0335 
488,1,0.4574 
488,2,0.7528 
488,3,1.7429 
488,4,4.1077 
488,5,1.8072 
488,6,1.7551 
489,0,8.0115 
489,1,-0.8952 
489,2,2.2735 
489,3,2.452 
489,4,2.3846 
489,5,2.108 
489,6,1.4857 
490,0,6.4851 
490,1,-0.5779 
490,2,1.7442 
490,3,3.9306 
490,4,3.905 
490,5,2.5487 
490,6,0.9084 
491,0,9.7676 
491,1,1.1392 
491,2,2.3381 
491,3,5.3362 
491,4,2.5857 
491,5,1.9611 
491,6,1.0133 
492,0,9.5809 
492,1,-0.4926 
492,2,1.6336 
492,3,1.6106 
492,4,2.0511 
492,5,1.6289 
492,6,2.3182 
493,0,6.5314 
493,1,0.113 
493,2,0.5291 
493,3,2.692 
493,4,0.7578 
493,5,2.0386 
493,6,1.6314 
494,0,8.7633 
494,1,1.2876 
494,2,1.6957 
494,3,1.7687 
494,4,1.622 
494,5,1.0298 
494,6,1.6992 
495,0,7.6788 
495,1,-0.005 
495,2,4.1643 
495,3,1.6987 
495,4,2.3022 
495,5,2.8691 
495,6,2.9742 
496,0,8.3955 
496,1,-0.3788 
496,2,1.86 
496,3,1.6137 
496,4,1.0805 
496,5,2.9579 
496,6,0.5247 
497,0,7.9399 
497,1,0.3896 
497,2,3.3319 
497,3,3.0487 
497,4,1.4198 
497,5,2.4008 
497,6,1.6694 
498,0,8.0013 
498,1,-0.0391 
498,2,1.3667 
498,3,2.8109 
498,4,4.3121 
498,5,0.43 
498,6,-0.1353 
499,0,6.4423 
499,1,-0.7557 
499,2,2.9911 
499,3,0.6877 
499,4,0.4703 
499,5,1.3009 
499,6,1.8785 
500,0,1.3182 
500,1,7.2643 
500,2,2.4779 
500,3,1.0487 
500,4,1.3064 
500,5,3.9097 
500,6,1.7431 
501,0,-2.1298 
501,1,8.1413 
501,2,3.346 
501,3,0.7236 
501,4,2.2089 
501,5,1.7632 
501,6,1.7102 
502,0,-2.0058 
502,1,6.3989 
502,2,2.3358 
502,3,2.1414 
502,4,1.049 
502,5,2.1119 
502,6,2.6943 
503,0,1.2434 
503,1,10.1419 
503,2,2.4323 
503,3,2.0714 
503,4,2.2442 
503,5,3.8106 
503,6,2.0382 
504,0,-0.8433 
504,1,11.0652 
504,2,0.6333 
504,3,2.6874 
504,4,1.7339 
504,5,0.8307 
504,6,3.535 
505,0,0.1103 
505,1,7.198 
505,2,2.2581 
505,3,1.4301 
505,4,0.9875 
505,5,2.0423 
505,6,1.8518 
506,0,0.64 
506,1,8.3257 
506,2,1.2237 
506,3,2.2158 
506,4,1.6963 
506,5,1.6955 
506,6,3.1491 
507,0,-1.089 
507,1,7.9621 
507,2,2.6587 
507,3,3.0274 
507,4,1.529 
507,5,2.1596 
507,6,1.4465 
508,0,0.9045 
508,1,8.3229 
508,2,1.4116 
508,3,1.8618 
508,4,2.8964 
508,5,0.0603 
508,6,1.7362 
509,0,-0.5969 
509,1,6.6791 
509,2,3.6157 
509,3,1.4982 
509,4,3.0974 
509,5,2.8859 
509,6,2.0917 
510,0,-0.2765 
510,1,8.3642 
510,2,2.1364 
510,3,2.9236 
510,4,1.9529 
510,5,2.4345 
510,6,1.0803 
511,0,0.6975 
511,1,6.7217 
511,2,0.9427 
511,3,2.4312 
511,4,2.4365 
511,5,2.1649 
511,6,1.0208 
512,0,-0.0316 
512,1,7.0552 
512,2,3.5856 
512,3,2.2779 
512,4,2.5281 
512,5,1.3058 
512,6,1.5115 
513,0,-0.446 
513,1,9.1958 
513,2,3.7532 
513,3,0.8432 
513,4,1.8605 
513,5,2.3211 
513,6,2.5405 
514,0,-0.733 
514,1,9.1997 
514,2,1.0236 
514,3,2.6089 
514,4,3.8532 
514,5,2.9739 
514,6,1.0409 
515,0,-0.789 
515,1,8.0542 
515,2,1.2111 
515,3,0.2965 
515,4,2.4773 
515,5,2.6298 
515,6,2.4213 
516,0,0.3532 
516,1,7.9375 
516,2,0.6744 
516,3,1.6894 
516,4,2.2734 
516,5,1.5085 
516,6,3.3245 
517,0,-0.6676 
517,1,7.7995 
517,2,0.9276 
517,3,-0.128 
517,4,2.9059 
517,5,1.4599 
517,6,2.2912 
518,0,-0.3816 
518,1,9.131 
518,2,2.9066 
518,3,2.5026 
518,4,3.0259 
518,5,3.6626 
518,6,3.0455 
519,0,-1.2604 
519,1,8.2497 
519,2,1.8866 
519,3,2.3467 
519,4,1.5784 
519,5,1.9355 
519,6,1.7663 
520,0,1.6022 
520,1,9.3188 
520,2,1.9469 
520,3,1.6034 
520,4,2.7322 
520,5,3.2924 
520,6,2.9195 
521,0,0.1405 
521,1,9.076 
521,2,1.7046 
521,3,1.1848 
521,4,3.3405 
521,5,3.009 
521,6,1.2483 
522,0,0.9354 
522,1,7.8879 
522,2,3.7736 
522,3,1.85 
522,4,2.6292 
522,5,1.6728 
522,6,1.6203 
523,0,0.0265 
523,1,7.1899 
523,2,3.6855 
523,3,1.5035 
523,4,2.6675 
523,5,1.0133 
523,6,0.9013 
524,0,0.9649 
524,1,8.5532 
524,2,3.2055 
524,3,1.5497 
524,4,2.6215 
524,5,0.0379 
524,6,3.2183 
525,0,-0.1314 
525,1,6.1345 
525,2,2.3624 
525,3,1.4027 
525,4,1.8333 
525,5,2.8584 
525,6,1.2604 
526,0,0.7825 
526,1,6.2001 
526,2,2.8977 
526,3,1.0096 
526,4,2.9142 
526,5,3.1694 
526,6,1.8064 
527,0,-1.2777 
527,1,8.7343 
527,2,0.5282 
527,3,2.0119 
527,4,1.1936 
527,5,1.8932 
527,6,0.9751 
528,0,0.5945 
528,1,8.7277 
528,2,2.3712 
528,3,0.6468 
528,4,1.5814 
528,5,2.8227 
528,6,1.9391 
529,0,-0.7765 
529,1,7.2549 
529,2,2.7979 
529,3,1.3551 
529,4,3.611 
529,5,2.5941 
529,6,3.025 
530,0,-0.2867 
530,1,9.4124 
530,2,1.0317 
530,3,1.1974 
530,4,1.6418 
530,5,3.4963 
530,6,2.2627 
531,0,-1.1185 
531,1,7.7116 
531,2,1.4565 
531,3,1.4312 
531,4,2.7199 
531,5,1.5385 
531,6,2.3731 
532,0,0.1559 
532,1,7.4297 
532,2,2.2359 
532,3,2.4258 
532,4,2.9235 
532,5,1.7493 
532,6,4.1243 
533,0,0.3071 
533,1,7.2569 
533,2,1.3536 
533,3,0.7378 
533,4,3.9708 
533,5,1.1398 
533,6,2.8796 
534,0,0.3245 
534,1,7.2877 
534,2,2.4005 
534,3,0.2159 
534,4,1.2551 
534,5,-0.4814 
534,6,3.3448 
535,0,3.1193 
535,1,7.036 
535,2,3.7764 
535,3,0.7064 
535,4,-0.8673 
535,5,1.6762 
535,6,2.6503 
536,0,0.9497 
536,1,8.9921 
536,2,0.6516 
536,3,1.4412 
536,4,3.6892 
536,5,3.07 
536,6,3.0658 
537,0,-0.669 
537,1,9.6532 
537,2,1.7562 
537,3,2.4256 
537,4,1.1815 
537,5,2.2141 
537,6,0.7082 
538,0,0.2056 
538,1,10.2889 
538,2,1.2864 
538,3,2.3863 
538,4,2.1563 
538,5,2.9095 
538,6,1.6424 
539,0,-0.7298 
539,1,7.9983 
539,2,1.2201 
539,3,1.3639 
539,4,3.1664 
539,5,1.0311 
539,6,2.6951 
540,0,-0.947 
540,1,6.3185 
540,2,1.9544 
540,3,2.4655 
540,4,0.6086 
540,5,1.089 
540,6,3.1699 
541,0,-0.524 
541,1,7.159 
541,2,1.9978 
541,3,0.9454 
541,4,1.0181 
541,5,2.2151 
541,6,0.5687 
542,0,-0.9737 
542,1,8.4195 
542,2,2.112 
542,3,-0.0181 
542,4,1.9437 
542,5,0.8718 
542,6,3.1318 
543,0,-2.4622 
543,1,6.5147 
543,2,1.5387 
543,3,3.3555 
543,4,1.3599 
543,5,1.2411 
543,6,2.4358 
544,0,1.7486 
544,1,7.2438 
544,2,1.3504 
544,3,2.7656 
544,4,1.9533 
544,5,2.5554 
544,6,-0.3733 
545,0,-0.3103 
545,1,8.1436 
545,2,1.9183 
545,3,1.8267 
545,4,3.0542 
545,5,1.3448 
545,6,2.4855 
546,0,0.3557 
546,1,9.8476 
546,2,1.8817 
546,3,3.2857 
546,4,2.6048 
546,5,1.3607 
546,6,2.4184 
547,0,0.4806 
547,1,7.2372 
547,2,2.6946 
547,3,-0.3793 
547,4,2.3334 
547,5,0.2601 
547,6,1.9058 
548,0,0.0404 
548,1,8.0756 
548,2,2.3917 
548,3,3.1665 
548,4,1.8819 
548,5,1.0706 
548,6,3.0129 
549,0,0.4393 
549,1,7.3162 
549,2,2.5776 
549,3,1.7747 
549,4,2.1257 
549,5,1.9743 
549,6,1.7154 
550,0,-1.914 
550,1,6.2157 
550,2,1.3309 
550,3,2.359 
550,4,2.9321 
550,5,1.7589 
550,6,1.9753 
551,0,0.4697 
551,1,7.2696 
551,2,3.1013 
551,3,0.9421 
551,4,1.6595 
551,5,1.2665 
551,6,2.3569 
552,0,0.4719 
552,1,8.7172 
552,2,1.058 
552,3,2.8298 
552,4,0.6036 
552,5,1.1247 
552,6,0.9436 
553,0,-1.2281 
553,1,7.5718 
553,2,1.8698 
553,3,2.6568 
553,4,2.5526 
553,5,0.3325 
553,6,1.3277 
554,0,0.882 
554,1,8.1103 
554,2,3.0514 
554,3,0.231 
554,4,2.0182 
554,5,1.0445 
554,6,2.888 
555,0,-1.0766 
555,1,6.7918 
555,2,2.6292 
555,3,0.9367 
555,4,2.2941 
555,5,2.0373 
555,6,3.412 
556,0,-0.0374 
556,1,8.5359 
556,2,1.2243 
556,3,2.0722 
556,4,1.0786 
556,5,1.8564 
556,6,1.5039 
557,0,-0.7469 
557,1,8.8586 
557,2,1.0544 
557,3,0.485 
557,4,3.2569 
557,5,0.8163 
557,6,3.5245 
558,0,1.8233 
558,1,8.1828 
558,2,2.2898 
558,3,2.9631 
558,4,3.712 
558,5,1.9039 
558,6,3.6897 
559,0,1.1689 
559,1,7.7961 
559,2,1.4215 
559,3,2.7759 
559,4,2.2963 
559,5,0.5469 
559,6,2.5886 
560,0,-1.6388 
560,1,7.2612 
560,2,2.8145 
560,3,2.9447 
560,4,2.5758 
560,5,1.5113 
560,6,1.0258 
561,0,-0.6369 
561,1,9.1475 
561,2,0.264 
561,3,1.6346 
561,4,3.5694 
561,5,2.655 
561,6,2.1982 
562,0,1.2868 
562,1,6.238 
562,2,1.4532 
562,3,2.157 
562,4,2.0673 
562,5,1.0912 
562,6,2.0883 
563,0,-1.1881 
563,1,7.8747 
563,2,1.4414 
563,3,1.712 
563,4,0.7333 
563,5,2.615 
563,6,2.8313 
564,0,-0.4192 
564,1,6.1014 
564,2,1.5563 
564,3,2.5466 
564,4,1.424 
564,5,1.9561 
564,6,2.7306 
565,0,-0.5016 
565,1,8.3367 
565,2,1.1846 
565,3,1.511 
565,4,4.3725 
565,5,0.4602 
565,6,1.6205 
566,0,-0.2703 
566,1,9.0563 
566,2,0.074 
566,3,-0.0217 
566,4,1.4476 
566,5,1.2404 
566,6,1.4062 
567,0,-0.9268 
567,1,8.3285 
567,2,-0.1149 
567,3,2.2871 
567,4,1.8363 
567,5,1.1921 
567,6,0.2032 
568,0,-0.3085 
568,1,6.694 
568,2,2.2382 
568,3,-0.3812 
568,4,1.6022 
568,5,2.265 
568,6,0.6551 
569,0,1.029 
569,1,8.2493 
569,2,2.2591 
569,3,1.0723 
569,4,0.2768 
569,5,1.7466 
569,6,0.816 
570,0,0.8432 
570,1,8.0072 
570,2,3.371 
570,3,2.1696 
570,4,3.1777 
570,5,-0.3003 
570,6,1.3733 
571,0,-0.201 
571,1,9.0906 
571,2,2.3664 
571,3,0.8361 
571,4,0.7129 
571,5,1.7277 
571,6,2.7085 
572,0,-0.6813 
572,1,9.0847 
572,2,2.992 
572,3,1.9036 
572,4,1.6135 
572,5,1.5914 
572,6,1.4608 
573,0,-0.7265 
573,1,8.2436 
573,2,1.4839 
573,3,1.7228 
573,4,2.1103 
573,5,2.6093 
573,6,2.3288 
574,0,0.2057 
574,1,8.6713 
574,2,1.8424 
574,3,1.9693 
574,4,3.3157 
574,5,1.8673 
574,6,0.5909 
575,0,0.8749 
575,1,7.176 
575,2,2.0586 
575,3,0.1986 
575,4,2.8205 
575,5,0.8896 
575,6,1.2722 
576,0,-0.8422 
576,1,9.1911 
576,2,1.614 
576,3,1.0932 
576,4,2.0257 
576,5,2.0443 
576,6,0.3488 
577,0,0.2738 
577,1,7.0424 
577,2,3.7405 
577,3,2.583 
577,4,0.5161 
577,5,3.8931 
577,6,1.8374 
578,0,-1.0906 
578,1,6.1445 
578,2,2.9995 
578,3,1.8233 
578,4,3.2783 
578,5,3.5879 
578,6,0.1644 
579,0,-0.1865 
579,1,6.6961 
579,2,0.9016 
579,3,1.8524 
579,4,2.0787 
579,5,-0.322 
579,6,1.9527 
580,0,0.5437 
580,1,7.8014 
580,2,1.4125 
580,3,0.0847 
580,4,1.7156 
580,5,2.7447 
580,6,1.7257 
581,0,-0.5086 
581,1,7.0524 
581,2,3.5214 
581,3,1.1404 
581,4,2.9028 
581,5,1.6042 
581,6,2.075 
582,0,-0.035 
582,1,8.7386 
582,2,3.755 
582,3,2.2522 
582,4,0.7326 
582,5,1.5204 
582,6,-0.6477 
583,0,-0.5114 
583,1,8.7622 
583,2,2.1915 
583,3,1.9854 
583,4,0.6448 
583,5,1.7977 
583,6,0.4041 
584,0,-0.8613 
584,1,8.7876 
584,2,2.2802 
584,3,1.7073 
584,4,1.0428 
584,5,3.2455 
584,6,3.2168 
585,0,-0.35 
585,1,7.0096 
585,2,1.9855 
585,3,2.7127 
585,4,2.6347 
585,5,2.4453 
585,6,3.1256 
586,0,0.5321 
586,1,8.8003 
586,2,2.2368 
586,3,1.8754 
586,4,1.7313 
586,5,2.1392 
586,6,1.2361 
587,0,1.0804 
587,1,5.9133 
587,2,2.1443 
587,3,1.5587 
587,4,1.1334 
587,5,4.0067 
587,6,3.0141 
588,0,-0.7806 
588,1,8.6074 
588,2,1.2978 
588,3,0.0203 
588,4,2.7016 
588,5,1.2673 
588,6,2.0284 
589,0,-0.3582 
589,1,8.24 
589,2,2.8663 
589,3,2.5914 
589,4,1.6833 
589,5,2.4056 
589,6,0.3699 
590,0,-1.2471 
590,1,8.1545 
590,2,1.0463 
590,3,2.3854 
590,4,1.7813 
590,5,1.5852 
590,6,0.3198 
591,0,0.5783 
591,1,7.6777 
591,2,3.5403 
591,3,2.4619 
591,4,3.3505 
591,5,1.1091 
591,6,1.7559 
592,0,0.5475 
592,1,8.2344 
592,2,1.9058 
592,3,1.6325 
592,4,1.8281 
592,5,3.4411 
592,6,3.1337 
593,0,-0.1433 
593,1,7.6508 
593,2,3.5676 
593,3,-0.198 
593,4,1.9886 
593,5,2.4102 
593,6,2.2395 
594,0,-0.0781 
594,1,9.4918 
594,2,2.658 
594,3,2.1423 
594,4,0.1464 
594,5,-0.6165 
594,6,-0.1463 
595,0,-0.7731 
595,1,7.6186 
595,2,2.2687 
595,3,1.44 
595,4,3.2541 
595,5,3.2896 
595,6,2.7801 
596,0,-0.812 
596,1,7.7142 
596,2,1.4739 
596,3,2.055 
596,4,0.241 
596,5,0.767 
596,6,3.1171 
597,0,-0.2134 
597,1,8.0486 
597,2,0.7339 
597,3,0.1443 
597,4,3.1168 
597,5,1.1733 
597,6,2.7556 
598,0,0.1843 
598,1,8.1773 
598,2,0.8564 
598,3,1.5305 
598,4,1.7294 
598,5,2.077 
598,6,1.8706 
599,0,-0.2248 
599,1,8.4527 
599,2,1.4911 
599,3,3.2911 
599,4,0.9948 
599,5,1.4275 
599,6,1.946 
600,0,1.4562 
600,1,7.515 
600,2,2.2173 
600,3,1.9116 
600,4,2.8015 
600,5,0.8445 
600,6,2.5268 
601,0,-1.3105 
601,1,8.2081 
601,2,0.6711 
601,3,2.4126 
601,4,3.6908 
601,5,2.836 
601,6,1.7286 
602,0,-0.4163 
602,1,6.7375 
602,2,0.7872 
602,3,2.6711 
602,4,2.9664 
602,5,1.425 
602,6,0.9225 
603,0,0.3678 
603,1,8.2813 
603,2,0.7622 
603,3,3.049 
603,4,1.7872 
603,5,0.4614 
603,6,2.0191 
604,0,1.209 
604,1,7.0092 
604,2,3.0589 
604,3,2.9972 
604,4,0.9685 
604,5,3.4807 
604,6,2.5137 
605,0,0.8015 
605,1,7.1192 
605,2,3.5759 
605,3,1.7196 
605,4,3.5467 
605,5,1.1893 
605,6,0.4434 
606,0,-1.4752 
606,1,8.7373 
606,2,2.6906 
606,3,1.8589 
606,4,1.2217 
606,5,2.3418 
606,6,2.6077 
607,0,1.901 
607,1,8.0837 
607,2,3.0409 
607,3,1.4035 
607,4,1.751 
607,5,1.5038 
607,6,2.9814 
608,0,-1.3923 
608,1,8.6108 
608,2,0.8972 
608,3,1.4899 
608,4,3.205 
608,5,3.6914 
608,6,2.3552 
609,0,0.1548 
609,1,7.9741 
609,2,4.7928 
609,3,1.4838 
609,4,2.1886 
609,5,3.6447 
609,6,1.5082 
610,0,-0.1734 
610,1,8.0815 
610,2,1.0414 
610,3,2.0441 
610,4,2.0698 
610,5,2.0707 
610,6,2.8699 
611,0,1.0567 
611,1,9.0917 
611,2,2.6074 
611,3,1.2708 
611,4,4.9087 
611,5,3.4806 
611,6,2.7843 
612,0,0.596 
612,1,6.6262 
612,2,2.6142 
612,3,2.0272 
612,4,2.1691 
612,5,1.8776 
612,6,1.8325 
613,0,1.0524 
613,1,8.0078 
613,2,2.0711 
613,3,1.4065 
613,4,1.2719 
613,5,0.6688 
613,6,2.2389 
614,0,-0.2077 
614,1,7.4529 
614,2,1.4673 
614,3,1.6419 
614,4,0.044 
614,5,2.8036 
614,6,0.4478 
615,0,0.9218 
615,1,8.0997 
615,2,0.0458 
615,3,0.4904 
615,4,1.6039 
615,5,2.5199 
615,6,2.5306 
616,0,-1.1429 
616,1,7.2023 
616,2,2.8028 
616,3,3.077 
616,4,0.2134 
616,5,2.2696 
616,6,1.061 
617,0,-1.1667 
617,1,7.1122 
617,2,3.0814 
617,3,1.5291 
617,4,0.7801 
617,5,3.4524 
617,6,2.089 
618,0,-0.1315 
618,1,8.1528 
618,2,3.4009 
618,3,1.4296 
618,4,1.9244 
618,5,1.4201 
618,6,2.1359 
619,0,1.0389 
619,1,7.0258 
619,2,2.6722 
619,3,2.0396 
619,4,1.979 
619,5,-0.0097 
619,6,1.1651 
620,0,1.5634 
620,1,9.1066 
620,2,2.5075 
620,3,1.2646 
620,4,0.8692 
620,5,3.7391 
620,6,2.8424 
621,0,-0.6181 
621,1,8.2415 
621,2,1.1616 
621,3,2.5465 
621,4,2.6576 
621,5,2.3508 
621,6,0.4354 
622,0,-1.0762 
622,1,7.9012 
622,2,1.9888 
622,3,1.7689 
622,4,1.931 
622,5,1.7255 
622,6,1.6431 
623,0,-0.9088 
623,1,8.3292 
623,2,2.9415 
623,3,2.4173 
623,4,1.4181 
623,5,1.232 
623,6,0.8463 
624,0,0.1179 
624,1,7.0768 
624,2,3.7278 
624,3,5.0306 
624,4,-0.0019 
624,5,2.088 
624,6,1.4641 
625,0,-0.1547 
625,1,8.8358 
625,2,3.2608 
625,3,1.4864 
625,4,0.0123 
625,5,0.4595 
625,6,3.1487 
626,0,-0.4459 
626,1,7.6909 
626,2,0.6366 
626,3,-1.0339 
626,4,2.4334 
626,5,1.7429 
626,6,1.4503 
627,0,1.2581 
627,1,8.8328 
627,2,1.4326 
627,3,0.5783 
627,4,1.0489 
627,5,2.3532 
627,6,2.7609 
628,0,0.2445 
628,1,7.8237 
628,2,2.4381 
628,3,0.6353 
628,4,3.6402 
628,5,0.4117 
628,6,1.2989 
629,0,0.889 
629,1,6.7658 
629,2,2.8353 
629,3,1.0115 
629,4,1.0174 
629,5,2.3317 
629,6,2.529 
630,0,-2.1837 
630,1,7.2012 
630,2,3.6394 
630,3,2.1091 
630,4,3.3204 
630,5,1.9822 
630,6,1.2896 
631,0,-0.0317 
631,1,8.9106 
631,2,2.2967 
631,3,2.292 
631,4,1.8579 
631,5,0.3065 
631,6,2.0985 
632,0,-0.7701 
632,1,7.8006 
632,2,1.6759 
632,3,2.5456 
632,4,2.6219 
632,5,0.4129 
632,6,0.2328 
633,0,0.2942 
633,1,6.0819 
633,2,3.4602 
633,3,2.4202 
633,4,0.3935 
633,5,3.4963 
633,6,-0.5772 
634,0,-1.5081 
634,1,9.5978 
634,2,2.4792 
634,3,2.591 
634,4,3.5359 
634,5,1.2371 
634,6,3.2706 
635,0,0.8794 
635,1,7.2882 
635,2,3.7455 
635,3,2.5305 
635,4,2.2279 
635,5,1.0417 
635,6,3.438 
636,0,-1.0539 
636,1,9.5049 
636,2,1.7843 
636,3,1.6056 
636,4,3.0535 
636,5,1.6296 
636,6,2.1271 
637,0,-2.7178 
637,1,7.9409 
637,2,2.7384 
637,3,3.5571 
637,4,0.663 
637,5,1.6351 
637,6,1.5953 
638,0,0.5053 
638,1,8.9565 
638,2,3.1791 
638,3,1.1342 
638,4,1.8929 
638,5,1.7097 
638,6,0.8464 
639,0,0.3455 
639,1,8.2883 
639,2,2.8558 
639,3,2.4703 
639,4,1.5716 
639,5,1.7327 
639,6,2.8226 
640,0,0.0526 
640,1,6.0442 
640,2,0.695 
640,3,2.923 
640,4,0.5987 
640,5,3.1879 
640,6,0.9962 
641,0,-0.5992 
641,1,8.404 
641,2,1.1073 
641,3,2.6711 
641,4,1.0135 
641,5,2.4264 
641,6,1.9782 
642,0,1.0387 
642,1,8.0964 
642,2,1.6217 
642,3,2.3592 
642,4,2.9147 
642,5,2.0108 
642,6,1.6127 
643,0,0.9863 
643,1,8.3704 
643,2,1.49 
643,3,1.3491 
643,4,1.3974 
643,5,1.5519 
643,6,1.2613 
644,0,0.2141 
644,1,8.1392 
644,2,2.3188 
644,3,-0.0658 
644,4,0.9256 
644,5,2.0832 
644,6,0.1747 
645,0,-0.7182 
645,1,6.5814 
645,2,2.8657 
645,3,1.6229 
645,4,3.2527 
645,5,2.6629 
645,6,4.6285 
646,0,-0.9731 
646,1,7.4654 
646,2,1.4269 
646,3,4.8547 
646,4,-0.2841 
646,5,1.2072 
646,6,1.7372 
647,0,-0.6335 
647,1,7.6555 
647,2,2.2049 
647,3,3.5906 
647,4,3.9339 
647,5,2.7169 
647,6,1.5676 
648,0,-0.1765 
648,1,8.2555 
648,2,2.5851 
648,3,2.6293 
648,4,1.2005 
648,5,1.3155 
648,6,1.0928 
649,0,0.3605 
649,1,10.0184 
649,2,2.2756 
649,3,3.249 
649,4,1.07 
649,5,1.2127 
649,6,-0.1418 
650,0,2.0637 
650,1,7.3907 
650,2,0.7166 
650,3,2.3216 
650,4,1.8419 
650,5,2.6959 
650,6,2.9845 
651,0,-0.851 
651,1,5.979 
651,2,1.0746 
651,3,0.9288 
651,4,2.9618 
651,5,2.6723 
651,6,1.1718 
652,0,-0.6232 
652,1,8.17 
652,2,2.2039 
652,3,0.5792 
652,4,0.7491 
652,5,3.5744 
652,6,2.8816 
653,0,0.7872 
653,1,8.9899 
653,2,1.549 
653,3,2.0865 
653,4,1.7016 
653,5,1.037 
653,6,2.4268 
654,0,-1.7395 
654,1,8.4366 
654,2,2.1567 
654,3,1.7693 
654,4,1.3871 
654,5,2.3441 
654,6,2.3497 
655,0,-0.5583 
655,1,8.6832 
655,2,2.8702 
655,3,1.8001 
655,4,1.7834 
655,5,2.7873 
655,6,3.3568 
656,0,0.0397 
656,1,8.7072 
656,2,1.4198 
656,3,2.9821 
656,4,4.6816 
656,5,0.6521 
656,6,-0.0405 
657,0,-0.483 
657,1,8.2134 
657,2,2.9528 
657,3,1.7684 
657,4,2.6215 
657,5,-1.0764 
657,6,1.6374 
658,0,0.3189 
658,1,9.3661 
658,2,1.8068 
658,3,1.9682 
658,4,1.8543 
658,5,1.7059 
658,6,1.2754 
659,0,0.5691 
659,1,7.196 
659,2,3.2716 
659,3,0.1803 
659,4,2.1059 
659,5,1.9064 
659,6,1.3223 
660,0,-1.7694 
660,1,7.1455 
660,2,1.3179 
660,3,1.0326 
660,4,1.5038 
660,5,1.851 
660,6,2.331 
661,0,-0.2976 
661,1,7.7334 
661,2,1.733 
661,3,1.8086 
661,4,3.6046 
661,5,4.0899 
661,6,0.8754 
662,0,-0.3333 
662,1,8.7311 
662,2,1.2808 
662,3,3.7989 
662,4,3.2058 
662,5,1.5255 
662,6,1.1701 
663,0,-0.0623 
663,1,6.8935 
663,2,1.5727 
663,3,2.6868 
663,4,0.3524 
663,5,-0.7994 
663,6,1.12 
664,0,-0.5799 
664,1,8.8578 
664,2,0.3719 
664,3,1.7483 
664,4,2.1113 
664,5,1.155 
664,6,1.7046 
665,0,-0.8217 
665,1,8.6223 
665,2,3.0623 
665,3,1.5819 
665,4,2.0122 
665,5,2.8818 
665,6,0.3376 
666,0,0.8281 
666,1,7.9832 
666,2,3.9372 
666,3,4.1249 
666,4,2.0741 
666,5,4.1089 
666,6,2.6296 
667,0,-1.0136 
667,1,7.8135 
667,2,3.49 
667,3,1.6921 
667,4,0.7266 
667,5,2.3129 
667,6,2.0316 
668,0,-0.4615 
668,1,7.0711 
668,2,2.4622 
668,3,1.3707 
668,4,0.0917 
668,5,2.862 
668,6,0.812 
669,0,-0.5131 
669,1,6.3401 
669,2,1.1439 
669,3,0.8101 
669,4,1.1427 
669,5,1.3979 
669,6,1.3131 
670,0,-1.0174 
670,1,8.9586 
670,2,0.2357 
670,3,1.135 
670,4,3.78 
670,5,2.8816 
670,6,1.3449 
671,0,0.2086 
671,1,9.225 
671,2,1.9209 
671,3,1.0174 
671,4,1.8023 
671,5,2.3507 
671,6,0.5204 
672,0,0.3651 
672,1,7.2939 
672,2,1.6702 
672,3,2.2322 
672,4,2.6266 
672,5,1.1929 
672,6,-0.1143 
673,0,-1.0185 
673,1,8.2633 
673,2,-0.0856 
673,3,1.3714 
673,4,2.5185 
673,5,2.1063 
673,6,2.4795 
674,0,0.2608 
674,1,8.2434 
674,2,2.268 
674,3,1.6115 
674,4,3.325 
674,5,1.2014 
674,6,3.196 
675,0,1.2759 
675,1,9.5992 
675,2,1.1954 
675,3,2.6048 
675,4,0.5267 
675,5,3.0086 
675,6,2.7411 
676,0,0.7332 
676,1,6.4055 
676,2,1.6686 
676,3,1.7153 
676,4,2.4795 
676,5,2.8958 
676,6,0.9518 
677,0,0.9268 
677,1,8.4691 
677,2,0.8978 
677,3,0.9962 
677,4,2.5886 
677,5,1.9198 
677,6,2.0418 
678,0,0.5945 
678,1,6.4152 
678,2,1.8453 
678,3,1.9717 
678,4,2.9359 
678,5,2.5568 
678,6,2.1982 
679,0,1.4468 
679,1,6.7655 
679,2,3.8888 
679,3,0.7183 
679,4,2.4977 
679,5,2.2741 
679,6,2.7077 
680,0,-0.6971 
680,1,9.2249 
680,2,1.0218 
680,3,1.3464 
680,4,3.6924 
680,5,3.2097 
680,6,2.0456 
681,0,1.2027 
681,1,6.7729 
681,2,2.116 
681,3,1.6475 
681,4,3.3868 
681,5,2.3603 
681,6,0.4986 
682,0,-1.4517 
682,1,5.6809 
682,2,1.9191 
682,3,2.2377 
682,4,-0.2188 
682,5,0.6184 
682,6,1.8719 
683,0,-1.9572 
683,1,8.4586 
683,2,3.6691 
683,3,3.1648 
683,4,3.1806 
683,5,1.0585 
683,6,1.9303 
684,0,0.7176 
684,1,9.2172 
684,2,0.8592 
684,3,1.7776 
684,4,2.1889 
684,5,0.317 
684,6,3.2117 
685,0,-0.9452 
685,1,8.5972 
685,2,1.8933 
685,3,3.4123 
685,4,1.7427 
685,5,0.1123 
685,6,0.729 
686,0,1.3064 
686,1,8.4924 
686,2,1.7014 
686,3,1.6039 
686,4,1.4347 
686,5,0.9838 
686,6,1.8062 
687,0,-0.3585 
687,1,7.6232 
687,2,2.6655 
687,3,0.2403 
687,4,0.0916 
687,5,2.5291 
687,6,2.7225 
688,0,-0.7653 
688,1,9.0325 
688,2,1.1308 
688,3,3.0475 
688,4,1.3954 
688,5,0.2767 
688,6,1.2154 
689,0,0.3578 
689,1,6.2381 
689,2,-0.3668 
689,3,1.0135 
689,4,3.0822 
689,5,2.5181 
689,6,2.0202 
690,0,-1.0715 
690,1,7.3998 
690,2,4.4802 
690,3,1.0941 
690,4,1.6517 
690,5,1.6343 
690,6,1.4505 
691,0,-0.2013 
691,1,9.352 
691,2,3.0167 
691,3,0.2107 
691,4,0.8516 
691,5,2.5752 
691,6,1.8574 
692,0,-1.1506 
692,1,8.6324 
692,2,1.3589 
692,3,2.6855 
692,4,2.8924 
692,5,2.6439 
692,6,-0.6814 
693,0,-0.3386 
693,1,9.8006 
693,2,1.6738 
693,3,0.6078 
693,4,2.5015 
693,5,0.2559 
693,6,1.6104 
694,0,0.187 
694,1,6.828 
694,2,2.4468 
694,3,3.7432 
694,4,2.9228 
694,5,2.093 
694,6,1.0466 
695,0,1.6382 
695,1,6.402 
695,2,3.28 
695,3,1.2477 
695,4,1.9588 
695,5,2.4569 
695,6,3.3525 
696,0,2.0396 
696,1,8.7399 
696,2,2.2368 
696,3,3.7346 
696,4,1.2077 
696,5,3.7369 
696,6,1.5119 
697,0,0.7275 
697,1,9.0635 
697,2,1.1567 
697,3,2.1943 
697,4,2.1723 
697,5,2.4721 
697,6,3.2919 
698,0,-0.7608 
698,1,6.0517 
698,2,1.4845 
698,3,2.4915 
698,4,1.1571 
698,5,0.7895 
698,6,0.135 
699,0,-0.2735 
699,1,6.5116 
699,2,1.3236 
699,3,2.8853 
699,4,2.879 
699,5,-0.2415 
699,6,1.9618 
700,0,1.0853 
700,1,7.9361 
700,2,2.5347 
700,3,4.4127 
700,4,1.3558 
700,5,2.5483 
700,6,3.5615 
701,0,-0.9517 
701,1,6.999 
701,2,1.7613 
701,3,1.9351 
701,4,2.4445 
701,5,2.7291 
701,6,1.414 
702,0,1.2773 
702,1,7.3728 
702,2,1.6973 
702,3,2.8893 
702,4,2.8036 
702,5,4.2817 
702,6,0.4662 
703,0,-0.3673 
703,1,8.3536 
703,2,1.1467 
703,3,0.5873 
703,4,1.6617 
703,5,1.1078 
703,6,2.4234 
704,0,1.7943 
704,1,9.312 
704,2,2.1942 
704,3,2.228 
704,4,4.0933 
704,5,2.0338 
704,6,1.4881 
705,0,0.6919 
705,1,8.0543 
705,2,0.9048 
705,3,2.8965 
705,4,0.4046 
705,5,2.8086 
705,6,-0.0636 
706,0,-0.5032 
706,1,6.6315 
706,2,1.4169 
706,3,0.9313 
706,4,1.8909 
706,5,1.0361 
706,6,1.8256 
707,0,0.722 
707,1,9.3049 
707,2,1.2812 
707,3,1.7544 
707,4,1.3145 
707,5,1.7871 
707,6,2.3377 
708,0,-0.4901 
708,1,8.0068 
708,2,1.834 
708,3,0.371 
708,4,2.5509 
708,5,1.7918 
708,6,1.4888 
709,0,0.612 
709,1,9.191 
709,2,2.6135 
709,3,1.3571 
709,4,-0.1228 
709,5,1.8809 
709,6,1.5332 
710,0,1.5597 
710,1,9.5534 
710,2,1.329 
710,3,3.6825 
710,4,0.9686 
710,5,0.6526 
710,6,3.432 
711,0,-1.4817 
711,1,7.3213 
711,2,1.6928 
711,3,3.1835 
711,4,2.5421 
711,5,1.3418 
711,6,1.6015 
712,0,-0.7903 
712,1,6.4843 
712,2,2.6786 
712,3,2.6457 
712,4,2.2854 
712,5,2.302 
712,6,2.0087 
713,0,-0.1781 
713,1,8.123 
713,2,2.4381 
713,3,1.8196 
713,4,1.2584 
713,5,2.8807 
713,6,2.3844 
714,0,1.285 
714,1,8.8413 
714,2,2.84 
714,3,2.3816 
714,4,2.4551 
714,5,1.2543 
714,6,1.9394 
715,0,-1.4469 
715,1,6.695 
715,2,1.1165 
715,3,1.5099 
715,4,2.2658 
715,5,2.2352 
715,6,1.7986 
716,0,0.1661 
716,1,8.7166 
716,2,3.4367 
716,3,1.2963 
716,4,3.3479 
716,5,2.2308 
716,6,0.0993 
717,0,0.4218 
717,1,5.6696 
717,2,1.8003 
717,3,2.6656 
717,4,1.4556 
717,5,0.9446 
717,6,1.2788 
718,0,1.509 
718,1,7.2082 
718,2,1.9428 
718,3,1.9931 
718,4,2.1222 
718,5,3.2285 
718,6,1.8867 
719,0,-0.6323 
719,1,8.1554 
719,2,0.6937 
719,3,1.0614 
719,4,3.0656 
719,5,2.6305 
719,6,2.073 
720,0,0.1848 
720,1,8.4475 
720,2,3.0303 
720,3,1.9121 
720,4,0.5866 
720,5,2.1648 
720,6,0.8899 
721,0,1.0747 
721,1,7.7501 
721,2,1.5611 
721,3,-1.2767 
721,4,2.3918 
721,5,3.578 
721,6,2.4924 
722,0,0.6527 
722,1,7.5219 
722,2,1.6321 
722,3,2.3517 
722,4,2.9463 
722,5,3.1977 
722,6,1.2467 
723,0,1.4692 
723,1,6.1442 
723,2,-0.3348 
723,3,2.8563 
723,4,1.0135 
723,5,1.0387 
723,6,1.5748 
724,0,-0.0018 
724,1,6.7162 
724,2,2.548 
724,3,0.642 
724,4,2.451 
724,5,3.0455 
724,6,2.4529 
725,0,-0.1247 
725,1,7.3114 
725,2,2.6897 
725,3,3.4484 
725,4,2.5045 
725,5,2.3599 
725,6,3.9511 
726,0,1.3908 
726,1,7.3784 
726,2,1.2403 
726,3,4.5801 
726,4,3.2889 
726,5,4.1145 
726,6,3.4271 
727,0,0.6098 
727,1,7.5637 
727,2,3.1435 
727,3,2.0237 
727,4,4.1589 
727,5,1.4874 
727,6,3.0918 
728,0,-1.7847 
728,1,7.719 
728,2,0.7551 
728,3,2.6199 
728,4,3.1733 
728,5,2.2494 
728,6,2.6474 
729,0,0.153 
729,1,9.2073 
729,2,1.6224 
729,3,0.955 
729,4,1.7173 
729,5,1.782 
729,6,1.9231 
730,0,1.7081 
730,1,9.3065 
730,2,1.1872 
730,3,1.4212 
730,4,2.0434 
730,5,4.0082 
730,6,0.5694 
731,0,-1.0562 
731,1,8.5635 
731,2,0.7792 
731,3,3.2997 
731,4,1.7684 
731,5,2.79 
731,6,0.3714 
732,0,-2.1977 
732,1,8.5826 
732,2,0.0612 
732,3,2.0126 
732,4,1.3632 
732,5,1.8347 
732,6,0.9477 
733,0,0.179 
733,1,7.8235 
733,2,1.7494 
733,3,2.5137 
733,4,1.9074 
733,5,1.779 
733,6,2.9007 
734,0,-2.1842 
734,1,8.2609 
734,2,3.2665 
734,3,2.5084 
734,4,2.6503 
734,5,2.1439 
734,6,2.3619 
735,0,0.2003 
735,1,9.7367 
735,2,1.0072 
735,3,2.4827 
735,4,1.8863 
735,5,1.2724 
735,6,3.3414 
736,0,-0.2783 
736,1,10.1944 
736,2,1.6827 
736,3,3.6627 
736,4,4.2683 
736,5,1.9323 
736,6,4.6051 
737,0,-0.0996 
737,1,8.865 
737,2,1.0386 
737,3,0.877 
737,4,1.2796 
737,5,1.9046 
737,6,2.585 
738,0,-0.4331 
738,1,9.6738 
738,2,3.8796 
738,3,1.1214 
738,4,1.7267 
738,5,2.9862 
738,6,2.2844 
739,0,-1.6023 
739,1,7.2846 
739,2,1.6917 
739,3,0.6225 
739,4,0.7053 
739,5,-0.0883 
739,6,1.1181 
740,0,-0.1484 
740,1,7.7823 
740,2,3.79 
740,3,2.4834 
740,4,2.4406 
740,5,1.4792 
740,6,1.2404 
741,0,1.2576 
741,1,7.2577 
741,2,3.1119 
741,3,1.4096 
741,4,0.5028 
741,5,1.0514 
741,6,2.1851 
742,0,0.977 
742,1,8.7433 
742,2,2.1699 
742,3,2.5716 
742,4,2.9231 
742,5,1.0465 
742,6,2.1813 
743,0,0.1637 
743,1,10.117 
743,2,0.7221 
743,3,1.8864 
743,4,0.3504 
743,5,1.7835 
743,6,1.301 
744,0,-2.7519 
744,1,9.4018 
744,2,1.2878 
744,3,0.7757 
744,4,1.7127 
744,5,2.1158 
744,6,0.8756 
745,0,1.1078 
745,1,7.5021 
745,2,3.0627 
745,3,0.4337 
745,4,1.9341 
745,5,2.9438 
745,6,3.4146 
746,0,-0.7387 
746,1,7.9034 
746,2,1.7091 
746,3,1.5373 
746,4,2.9548 
746,5,1.9314 
746,6,4.2504 
747,0,-1.4219 
747,1,8.7465 
747,2,1.1105 
747,3,2.4148 
747,4,2.4594 
747,5,2.8958 
747,6,2.1557 
748,0,-1.6168 
748,1,7.5133 
748,2,2.9816 
748,3,2.1691 
748,4,2.1518 
748,5,2.9976 
748,6,1.6499 
749,0,1.0046 
749,1,8.2926 
749,2,0.798 
749,3,1.9087 
749,4,2.2352 
749,5,2.9559 
749,6,4.8068 
750,0,1.5996 
750,1,8.2844 
750,2,2.3795 
750,3,1.373 
750,4,1.6663 
750,5,0.9158 
750,6,1.4484 
751,0,0.5729 
751,1,7.4722 
751,2,2.6211 
751,3,1.8372 
751,4,2.4205 
751,5,3.1027 
751,6,2.0014 
752,0,0.8019 
752,1,7.6632 
752,2,4.03 
752,3,3.054 
752,4,2.8393 
752,5,3.6775 
752,6,2.1899 
753,0,1.3956 
753,1,8.3133 
753,2,1.3269 
753,3,2.3821 
753,4,2.8965 
753,5,0.233 
753,6,2.1908 
754,0,-0.9552 
754,1,8.286 
754,2,1.1074 
754,3,2.012 
754,4,3.4042 
754,5,1.3614 
754,6,2.6914 
755,0,-1.4787 
755,1,7.2889 
755,2,0.379 
755,3,0.8586 
755,4,3.0116 
755,5,3.0182 
755,6,0.6302 
756,0,0.2565 
756,1,8.2953 
756,2,3.0239 
756,3,2.9388 
756,4,2.2318 
756,5,4.3496 
756,6,1.7979 
757,0,1.4034 
757,1,7.5317 
757,2,2.5088 
757,3,1.5324 
757,4,1.2203 
757,5,2.1706 
757,6,2.7688 
758,0,1.0015 
758,1,9.8359 
758,2,1.9929 
758,3,2.2051 
758,4,1.5344 
758,5,1.1863 
758,6,1.3306 
759,0,-0.5223 
759,1,9.1559 
759,2,1.1213 
759,3,2.488 
759,4,1.4586 
759,5,1.9819 
759,6,1.1842 
760,0,-0.598 
760,1,6.6323 
760,2,2.2152 
760,3,1.3466 
760,4,2.6614 
760,5,0.0548 
760,6,2.1628 
761,0,-0.1107 
761,1,8.0864 
761,2,1.2091 
761,3,2.0797 
761,4,2.09 
761,5,2.9846 
761,6,3.2322 
762,0,-2.3226 
762,1,8.5712 
762,2,1.7453 
762,3,3.6533 
762,4,1.8647 
762,5,0.893 
762,6,1.894 
763,0,-0.3114 
763,1,9.7747 
763,2,2.5018 
763,3,3.2116 
763,4,1.1151 
763,5,2.0395 
763,6,2.3548 
764,0,1.5672 
764,1,7.4718 
764,2,1.9343 
764,3,3.4516 
764,4,2.2416 
764,5,0.7582 
764,6,3.8896 
765,0,1.3027 
765,1,8.1389 
765,2,1.6029 
765,3,2.1324 
765,4,1.1064 
765,5,1.1304 
765,6,2.3608 
766,0,-1.7641 
766,1,9.4246 
766,2,2.2228 
766,3,0.651 
766,4,1.4117 
766,5,3.2647 
766,6,2.086 
767,0,2.1664 
767,1,8.7 
767,2,2.2837 
767,3,2.9848 
767,4,2.8187 
767,5,2.1022 
767,6,1.9272 
768,0,-0.2698 
768,1,7.003 
768,2,2.452 
768,3,3.4731 
768,4,1.0931 
768,5,2.1812 
768,6,2.4287 
769,0,-0.9573 
769,1,7.2779 
769,2,2.8769 
769,3,1.8494 
769,4,2.5476 
769,5,0.1913 
769,6,0.5493 
770,0,-0.0881 
770,1,10.0672 
770,2,1.2923 
770,3,3.1321 
770,4,2.1427 
770,5,3.1992 
770,6,2.8924 
771,0,0.2257 
771,1,6.7397 
771,2,3.3675 
771,3,3.9577 
771,4,0.0424 
771,5,1.9144 
771,6,1.1075 
772,0,1.3097 
772,1,5.5832 
772,2,2.4814 
772,3,1.8027 
772,4,1.8251 
772,5,2.4654 
772,6,0.9259 
773,0,-0.3896 
773,1,8.2271 
773,2,2.3743 
773,3,2.0826 
773,4,3.4152 
773,5,0.1713 
773,6,1.7963 
774,0,-0.0678 
774,1,9.6376 
774,2,2.5786 
774,3,1.3183 
774,4,3.2467 
774,5,1.8812 
774,6,1.7003 
775,0,0.7202 
775,1,7.0421 
775,2,1.2203 
775,3,2.1367 
775,4,4.9322 
775,5,1.7893 
775,6,2.1951 
776,0,1.2417 
776,1,7.5629 
776,2,0.9315 
776,3,0.6056 
776,4,3.2599 
776,5,1.5895 
776,6,1.0178 
777,0,-0.2647 
777,1,8.1277 
777,2,3.2257 
777,3,0.9116 
777,4,0.0196 
777,5,1.2368 
777,6,2.1661 
778,0,-0.4432 
778,1,8.2475 
778,2,1.9814 
778,3,2.3867 
778,4,4.3761 
778,5,0.7518 
778,6,0.7317 
779,0,0.1203 
779,1,7.0531 
779,2,2.1194 
779,3,2.1944 
779,4,1.4351 
779,5,1.2975 
779,6,3.6318 
780,0,1.4129 
780,1,8.8413 
780,2,2.133 
780,3,3.2903 
780,4,1.0491 
780,5,3.5501 
780,6,3.2765 
781,0,0.5358 
781,1,9.5272 
781,2,2.7484 
781,3,0.7693 
781,4,3.112 
781,5,1.6695 
781,6,1.0596 
782,0,0.2072 
782,1,9.8229 
782,2,1.526 
782,3,1.7705 
782,4,1.7947 
782,5,0.4633 
782,6,2.8372 
783,0,0.1219 
783,1,9.4051 
783,2,1.2751 
783,3,1.0086 
783,4,1.2634 
783,5,3.7829 
783,6,1.8191 
784,0,-0.2687 
784,1,7.6289 
784,2,3.133 
784,3,3.097 
784,4,3.3624 
784,5,2.3571 
784,6,-0.1495 
785,0,-1.512 
785,1,8.0486 
785,2,3.858 
785,3,4.2112 
785,4,2.1755 
785,5,1.5485 
785,6,2.5302 
786,0,-0.4477 
786,1,8.8039 
786,2,3.6092 
786,3,3.3571 
786,4,4.545 
786,5,1.6305 
786,6,1.2949 
787,0,-0.4274 
787,1,8.6527 
787,2,0.4822 
787,3,1.0662 
787,4,2.8011 
787,5,0.9637 
787,6,2.3361 
788,0,-1.9666 
788,1,7.2444 
788,2,3.1371 
788,3,1.7958 
788,4,1.4578 
788,5,1.4212 
788,6,1.8808 
789,0,1.6819 
789,1,8.6194 
789,2,4.0133 
789,3,3.1129 
789,4,0.5081 
789,5,1.5873 
789,6,3.0701 
790,0,0.186 
790,1,8.8245 
790,2,2.7682 
790,3,2.4703 
790,4,2.8761 
790,5,0.5285 
790,6,0.2424 
791,0,-1.0308 
791,1,7.7657 
791,2,2.9531 
791,3,3.6336 
791,4,1.5935 
791,5,1.3018 
791,6,3.5681 
792,0,-0.3071 
792,1,9.097 
792,2,0.85 
792,3,0.3406 
792,4,0.1474 
792,5,2.6341 
792,6,3.563 
793,0,-0.3883 
793,1,7.66 
793,2,2.0965 
793,3,1.4706 
793,4,1.1906 
793,5,1.6069 
793,6,2.4968 
794,0,1.473 
794,1,9.289 
794,2,2.0272 
794,3,2.8671 
794,4,2.4015 
794,5,3.575 
794,6,0.3263 
795,0,0.3357 
795,1,6.791 
795,2,2.1734 
795,3,1.3121 
795,4,1.07 
795,5,2.8578 
795,6,2.4365 
796,0,0.795 
796,1,7.0802 
796,2,3.1335 
796,3,1.6155 
796,4,2.4902 
796,5,1.32 
796,6,2.1753 
797,0,-0.7023 
797,1,8.2647 
797,2,2.896 
797,3,2.2028 
797,4,1.7114 
797,5,0.7178 
797,6,1.7701 
798,0,0.1654 
798,1,6.8609 
798,2,3.3601 
798,3,2.4184 
798,4,1.7555 
798,5,1.7303 
798,6,2.4351 
799,0,1.8414 
799,1,6.3078 
799,2,4.3716 
799,3,2.0688 
799,4,0.785 
799,5,2.4088 
799,6,2.0538 
800,0,-0.7551 
800,1,8.1978 
800,2,3.8707 
800,3,1.396 
800,4,2.4382 
800,5,3.0712 
800,6,1.6308 
801,0,0.2852 
801,1,7.5914 
801,2,2.0242 
801,3,1.9804 
801,4,1.201 
801,5,1.1305 
801,6,2.3588 
802,0,0.1266 
802,1,8.3719 
802,2,1.1523 
802,3,2.0114 
802,4,1.5776 
802,5,1.428 
802,6,1.4575 
803,0,1.7611 
803,1,9.1297 
803,2,3.6148 
803,3,2.5925 
803,4,2.0874 
803,5,0.1802 
803,6,1.6902 
804,0,1.267 
804,1,8.7849 
804,2,0.0951 
804,3,3.0221 
804,4,1.726 
804,5,1.6855 
804,6,2.6109 
805,0,0.8515 
805,1,7.7468 
805,2,3.0252 
805,3,0.7792 
805,4,3.5605 
805,5,3.2452 
805,6,2.2105 
806,0,0.4657 
806,1,8.5075 
806,2,1.4852 
806,3,2.304 
806,4,0.8352 
806,5,1.1734 
806,6,1.3647 
807,0,1.0576 
807,1,9.0545 
807,2,2.3421 
807,3,3.9924 
807,4,1.097 
807,5,2.0892 
807,6,1.1402 
808,0,-0.3055 
808,1,5.573 
808,2,0.8959 
808,3,1.2402 
808,4,2.3423 
808,5,1.4207 
808,6,0.9699 
809,0,0.9452 
809,1,7.8602 
809,2,2.3455 
809,3,0.0304 
809,4,4.5538 
809,5,2.126 
809,6,2.6148 
810,0,-0.8611 
810,1,9.246 
810,2,2.8043 
810,3,2.4935 
810,4,1.9421 
810,5,2.5693 
810,6,3.0349 
811,0,0.1621 
811,1,9.9185 
811,2,1.2586 
811,3,1.4986 
811,4,1.7586 
811,5,1.9292 
811,6,2.3999 
812,0,-0.6467 
812,1,8.2864 
812,2,1.4573 
812,3,3.0612 
812,4,0.9959 
812,5,1.7438 
812,6,1.4778 
813,0,-1.5197 
813,1,7.2251 
813,2,1.2646 
813,3,1.4139 
813,4,1.0232 
813,5,0.6188 
813,6,1.6855 
814,0,-0.7984 
814,1,9.2771 
814,2,4.4781 
814,3,1.7162 
814,4,2.9766 
814,5,2.5644 
814,6,1.3791 
815,0,-0.5926 
815,1,7.6989 
815,2,1.2021 
815,3,1.8954 
815,4,2.7061 
815,5,3.6305 
815,6,3.8382 
816,0,-0.8658 
816,1,9.6802 
816,2,3.9364 
816,3,3.1379 
816,4,2.6257 
816,5,1.5069 
816,6,0.6509 
817,0,1.1051 
817,1,6.6664 
817,2,2.6709 
817,3,2.0869 
817,4,2.6964 
817,5,2.0004 
817,6,3.0306 
818,0,-0.5881 
818,1,8.8422 
818,2,2.338 
818,3,1.8967 
818,4,2.6583 
818,5,2.514 
818,6,3.1414 
819,0,-1.0629 
819,1,6.5841 
819,2,2.315 
819,3,4.3459 
819,4,0.1544 
819,5,2.3496 
819,6,1.9719 
820,0,-0.7782 
820,1,7.1814 
820,2,1.3364 
820,3,-0.0961 
820,4,2.0249 
820,5,1.9616 
820,6,0.8293 
821,0,0.0966 
821,1,10.1053 
821,2,2.1553 
821,3,1.8942 
821,4,2.3572 
821,5,1.1139 
821,6,1.0429 
822,0,1.0432 
822,1,9.651 
822,2,0.8178 
822,3,1.2877 
822,4,1.5202 
822,5,1.4977 
822,6,2.2943 
823,0,-0.4278 
823,1,7.7331 
823,2,1.4268 
823,3,1.9528 
823,4,2.5281 
823,5,0.5888 
823,6,1.9575 
824,0,-0.1068 
824,1,9.4599 
824,2,1.9467 
824,3,1.9061 
824,4,3.3455 
824,5,1.0257 
824,6,-0.1954 
825,0,0.2269 
825,1,6.0204 
825,2,3.288 
825,3,1.2073 
825,4,3.0216 
825,5,0.9164 
825,6,3.334 
826,0,-0.3216 
826,1,8.5464 
826,2,1.8695 
826,3,1.8067 
826,4,2.1121 
826,5,0.0671 
826,6,3.1091 
827,0,0.7337 
827,1,7.7513 
827,2,1.6718 
827,3,1.1852 
827,4,3.1473 
827,5,2.8063 
827,6,2.3084 
828,0,-0.8812 
828,1,9.8153 
828,2,1.7896 
828,3,2.1885 
828,4,3.2373 
828,5,1.5016 
828,6,0.7081 
829,0,1.1391 
829,1,7.9649 
829,2,1.7632 
829,3,1.9727 
829,4,0.6743 
829,5,0.2986 
829,6,3.6473 
830,0,0.2011 
830,1,6.9826 
830,2,2.3426 
830,3,2.8641 
830,4,3.3911 
830,5,1.23 
830,6,3.5599 
831,0,-1.3634 
831,1,8.2172 
831,2,2.1399 
831,3,2.2366 
831,4,2.9928 
831,5,2.8602 
831,6,3.0702 
832,0,0.6048 
832,1,9.1001 
832,2,1.4186 
832,3,2.5595 
832,4,2.5621 
832,5,1.165 
832,6,3.0972 
833,0,2.4385 
833,1,8.6732 
833,2,1.4026 
833,3,1.7564 
833,4,2.565 
833,5,0.064 
833,6,1.1552 
834,0,-0.3111 
834,1,8.1787 
834,2,0.6213 
834,3,2.3108 
834,4,0.7209 
834,5,1.0228 
834,6,1.4328 
835,0,0.3126 
835,1,10.1412 
835,2,-0.6887 
835,3,2.8356 
835,4,3.0058 
835,5,2.9423 
835,6,1.5929 
836,0,0.1422 
836,1,9.6484 
836,2,2.2448 
836,3,1.2289 
836,4,2.2951 
836,5,0.6298 
836,6,2.6477 
837,0,-0.6225 
837,1,7.9519 
837,2,1.5762 
837,3,1.2314 
837,4,1.9612 
837,5,0.4512 
837,6,2.6172 
838,0,0.6952 
838,1,8.7603 
838,2,2.3178 
838,3,2.0322 
838,4,0.3815 
838,5,3.1656 
838,6,1.7173 
839,0,0.4251 
839,1,8.7791 
839,2,2.3489 
839,3,1.1983 
839,4,0.9626 
839,5,2.3113 
839,6,0.4049 
840,0,-0.5134 
840,1,8.4916 
840,2,1.4492 
840,3,1.2213 
840,4,2.2429 
840,5,0.9727 
840,6,1.8653 
841,0,-1.8693 
841,1,6.4673 
841,2,2.8006 
841,3,1.2392 
841,4,3.0036 
841,5,2.5155 
841,6,2.7054 
842,0,-0.2142 
842,1,9.2071 
842,2,1.2899 
842,3,0.7739 
842,4,2.0517 
842,5,1.9925 
842,6,2.6253 
843,0,0.5579 
843,1,9.1087 
843,2,2.1884 
843,3,1.6812 
843,4,2.4836 
843,5,2.1308 
843,6,1.4538 
844,0,-0.1842 
844,1,5.4536 
844,2,0.1429 
844,3,2.3163 
844,4,2.2968 
844,5,2.2471 
844,6,0.1992 
845,0,3.122 
845,1,6.7301 
845,2,0.6232 
845,3,2.3516 
845,4,3.163 
845,5,1.712 
845,6,1.1515 
846,0,1.7984 
846,1,7.9894 
846,2,0.6425 
846,3,0.9204 
846,4,3.1156 
846,5,1.1697 
846,6,3.532 
847,0,0.5669 
847,1,9.6549 
847,2,1.1151 
847,3,2.9065 
847,4,1.5838 
847,5,0.6273 
847,6,2.3151 
848,0,-0.8752 
848,1,8.1151 
848,2,4.3636 
848,3,1.4199 
848,4,1.0317 
848,5,0.7094 
848,6,1.2894 
849,0,0.8359 
849,1,9.4767 
849,2,4.0702 
849,3,3.6725 
849,4,1.2072 
849,5,2.7283 
849,6,1.6125 
850,0,0.5601 
850,1,8.1276 
850,2,2.6234 
850,3,2.4526 
850,4,2.4736 
850,5,2.1709 
850,6,1.6516 
851,0,0.8642 
851,1,8.8026 
851,2,1.8771 
851,3,1.4408 
851,4,2.2333 
851,5,3.2336 
851,6,2.5483 
852,0,-0.6854 
852,1,8.7768 
852,2,4.1428 
852,3,1.5252 
852,4,1.1279 
852,5,2.1771 
852,6,1.3772 
853,0,-0.2694 
853,1,6.6661 
853,2,1.8431 
853,3,2.0963 
853,4,2.5731 
853,5,2.6216 
853,6,1.2802 
854,0,-0.5855 
854,1,7.9952 
854,2,2.675 
854,3,1.9016 
854,4,2.3237 
854,5,0.4494 
854,6,2.749 
855,0,-1.2691 
855,1,7.0749 
855,2,3.0403 
855,3,2.6548 
855,4,0.1424 
855,5,2.9579 
855,6,3.3572 
856,0,0.5164 
856,1,8.0708 
856,2,2.2963 
856,3,1.2835 
856,4,2.3365 
856,5,2.6337 
856,6,1.0307 
857,0,-1.8615 
857,1,10.2031 
857,2,3.9423 
857,3,1.3688 
857,4,2.2688 
857,5,1.8468 
857,6,2.2254 
858,0,-0.3107 
858,1,7.3678 
858,2,1.6911 
858,3,2.1854 
858,4,2.8891 
858,5,2.4157 
858,6,1.5231 
859,0,0.0722 
859,1,8.3456 
859,2,2.6049 
859,3,1.1322 
859,4,2.7167 
859,5,1.8051 
859,6,0.4964 
860,0,1.0609 
860,1,8.525 
860,2,1.834 
860,3,3.1341 
860,4,1.759 
860,5,0.5933 
860,6,1.8538 
861,0,-0.3593 
861,1,6.9089 
861,2,3.336 
861,3,1.4484 
861,4,4.0199 
861,5,3.489 
861,6,1.4012 
862,0,-0.56 
862,1,8.6897 
862,2,1.0686 
862,3,4.3365 
862,4,3.2503 
862,5,1.9041 
862,6,3.131 
863,0,0.3581 
863,1,8.641 
863,2,3.6703 
863,3,2.9575 
863,4,3.9186 
863,5,1.1541 
863,6,2.1218 
864,0,0.2597 
864,1,9.5116 
864,2,0.5231 
864,3,0.7548 
864,4,1.496 
864,5,2.2177 
864,6,1.6787 
865,0,0.6329 
865,1,9.1905 
865,2,1.3915 
865,3,3.1665 
865,4,0.7974 
865,5,1.6435 
865,6,0.6137 
866,0,2.1895 
866,1,7.5588 
866,2,3.8842 
866,3,1.7191 
866,4,1.5504 
866,5,1.7346 
866,6,1.7865 
867,0,-0.1276 
867,1,9.1511 
867,2,2.4658 
867,3,1.2354 
867,4,1.8542 
867,5,2.4885 
867,6,0.9018 
868,0,-0.1234 
868,1,8.0312 
868,2,3.6103 
868,3,1.5274 
868,4,2.1281 
868,5,1.3958 
868,6,0.8211 
869,0,-0.0997 
869,1,9.2422 
869,2,3.3558 
869,3,2.7533 
869,4,1.9278 
869,5,-0.133 
869,6,0.9983 
870,0,-0.6519 
870,1,6.7281 
870,2,1.3608 
870,3,2.721 
870,4,0.996 
870,5,2.4673 
870,6,3.6789 
871,0,0.8791 
871,1,8.8614 
871,2,0.7037 
871,3,2.2505 
871,4,3.0165 
871,5,0.4724 
871,6,2.611 
872,0,1.0567 
872,1,6.8236 
872,2,2.8856 
872,3,1.0333 
872,4,3.8892 
872,5,0.947 
872,6,-0.2761 
873,0,-1.6449 
873,1,7.7126 
873,2,2.6653 
873,3,0.2918 
873,4,0.6173 
873,5,3.0608 
873,6,2.3187 
874,0,0.2707 
874,1,8.511 
874,2,2.7933 
874,3,2.7866 
874,4,1.9016 
874,5,0.8176 
874,6,1.0577 
875,0,-0.5664 
875,1,8.3611 
875,2,3.4045 
875,3,1.0788 
875,4,0.3324 
875,5,0.807 
875,6,2.5388 
876,0,0.012 
876,1,8.9823 
876,2,1.2343 
876,3,1.9198 
876,4,3.1359 
876,5,0.9164 
876,6,1.3969 
877,0,0.6149 
877,1,7.2872 
877,2,2.325 
877,3,1.663 
877,4,2.6242 
877,5,1.8346 
877,6,2.514 
878,0,0.2506 
878,1,8.9633 
878,2,0.7303 
878,3,3.9542 
878,4,1.8853 
878,5,0.7024 
878,6,2.599 
879,0,-1.2794 
879,1,7.7808 
879,2,1.4495 
879,3,1.4422 
879,4,-0.6374 
879,5,1.5255 
879,6,1.1983 
880,0,0.8442 
880,1,7.8533 
880,2,2.5585 
880,3,1.7584 
880,4,2.0191 
880,5,2.5874 
880,6,3.7445 
881,0,0.7981 
881,1,6.1408 
881,2,2.0685 
881,3,1.9429 
881,4,0.9813 
881,5,0.701 
881,6,1.9692 
882,0,-1.5731 
882,1,8.1626 
882,2,2.5531 
882,3,2.5065 
882,4,1.5271 
882,5,1.359 
882,6,0.7789 
883,0,-0.6188 
883,1,8.7224 
883,2,2.6684 
883,3,1.5868 
883,4,1.5704 
883,5,1.2935 
883,6,1.7272 
884,0,-0.114 
884,1,6.8584 
884,2,3.5398 
884,3,0.589 
884,4,0.8902 
884,5,3.2123 
884,6,1.9119 
885,0,-1.3955 
885,1,9.2395 
885,2,0.3154 
885,3,1.5903 
885,4,1.3713 
885,5,0.1805 
885,6,1.9972 
886,0,0.6496 
886,1,9.1611 
886,2,0.1147 
886,3,2.9709 
886,4,2.1569 
886,5,2.3073 
886,6,2.2276 
887,0,-1.8953 
887,1,8.4829 
887,2,2.7922 
887,3,1.2783 
887,4,2.7848 
887,5,2.8832 
887,6,0.6041 
888,0,2.5973 
888,1,8.012 
888,2,3.2748 
888,3,1.2107 
888,4,0.8381 
888,5,2.6508 
888,6,2.9463 
889,0,-0.8391 
889,1,7.9052 
889,2,3.1903 
889,3,1.1815 
889,4,2.4704 
889,5,-0.302 
889,6,1.7872 
890,0,0.2857 
890,1,9.5186 
890,2,2.6729 
890,3,3.1229 
890,4,0.4868 
890,5,4.0019 
890,6,2.1023 
891,0,1.2597 
891,1,8.5325 
891,2,3.4094 
891,3,1.6096 
891,4,3.2289 
891,5,1.0239 
891,6,1.7606 
892,0,-0.532 
892,1,8.0259 
892,2,4.3889 
892,3,4.1234 
892,4,1.991 
892,5,3.638 
892,6,1.3828 
893,0,0.3421 
893,1,8.1674 
893,2,1.4653 
893,3,2.8574 
893,4,1.5923 
893,5,2.0662 
893,6,0.926 
894,0,-0.2679 
894,1,7.3637 
894,2,3.0467 
894,3,3.3575 
894,4,2.1743 
894,5,4.6778 
894,6,2.9244 
895,0,-1.1603 
895,1,9.1485 
895,2,3.6871 
895,3,3.033 
895,4,3.1645 
895,5,0.5292 
895,6,1.6176 
896,0,-0.796 
896,1,9.7061 
896,2,1.6428 
896,3,1.3569 
896,4,0.4581 
896,5,1.0637 
896,6,2.4967 
897,0,-1.1224 
897,1,8.4159 
897,2,2.4667 
897,3,0.8486 
897,4,2.2506 
897,5,2.4266 
897,6,1.5389 
898,0,0.2885 
898,1,9.6622 
898,2,0.6105 
898,3,1.6893 
898,4,3.1521 
898,5,1.8094 
898,6,2.7193 
899,0,-0.2788 
899,1,8.2949 
899,2,1.3382 
899,3,1.7139 
899,4,3.1943 
899,5,2.4047 
899,6,0.7837 
900,0,-1.4106 
900,1,9.1918 
900,2,1.9614 
900,3,1.7341 
900,4,0.8496 
900,5,1.7791 
900,6,1.5374 
901,0,-0.325 
901,1,9.3817 
901,2,3.1987 
901,3,0.378 
901,4,3.2944 
901,5,2.0081 
901,6,3.8089 
902,0,0.1107 
902,1,8.2678 
902,2,3.3205 
902,3,1.7512 
902,4,1.554 
902,5,0.1693 
902,6,2.9414 
903,0,-1.6094 
903,1,7.695 
903,2,2.478 
903,3,-1.1481 
903,4,2.7568 
903,5,2.8011 
903,6,3.1292 
904,0,-0.4899 
904,1,9.3594 
904,2,2.1604 
904,3,1.0734 
904,4,0.8274 
904,5,2.5281 
904,6,2.5021 
905,0,-0.1476 
905,1,8.7423 
905,2,5.1636 
905,3,-0.6205 
905,4,1.8926 
905,5,1.5195 
905,6,2.2513 
906,0,0.1863 
906,1,8.6278 
906,2,0.669 
906,3,3.3218 
906,4,1.1183 
906,5,2.2228 
906,6,1.703 
907,0,0.7222 
907,1,7.8199 
907,2,3.0398 
907,3,1.0423 
907,4,2.0844 
907,5,0.8852 
907,6,1.5084 
908,0,-2.0544 
908,1,6.0394 
908,2,4.0217 
908,3,2.1662 
908,4,1.9079 
908,5,2.2192 
908,6,1.2813 
909,0,-0.0563 
909,1,6.8932 
909,2,1.0439 
909,3,1.7019 
909,4,1.4307 
909,5,1.1246 
909,6,1.6657 
910,0,2.0607 
910,1,8.4892 
910,2,2.3612 
910,3,1.7925 
910,4,1.5612 
910,5,1.2432 
910,6,1.3663 
911,0,0.178 
911,1,7.6906 
911,2,1.3827 
911,3,1.5448 
911,4,2.0941 
911,5,3.9917 
911,6,2.7456 
912,0,-0.6368 
912,1,8.9218 
912,2,3.0138 
912,3,1.6745 
912,4,3.1082 
912,5,2.9814 
912,6,1.0531 
913,0,-0.186 
913,1,7.6044 
913,2,0.4855 
913,3,2.0801 
913,4,1.1471 
913,5,0.8112 
913,6,1.6863 
914,0,1.5053 
914,1,8.3079 
914,2,-0.3768 
914,3,1.1675 
914,4,3.3735 
914,5,3.0161 
914,6,3.3471 
915,0,-2.243 
915,1,8.2842 
915,2,3.584 
915,3,2.4544 
915,4,1.8709 
915,5,1.5048 
915,6,3.0319 
916,0,-0.206 
916,1,7.5562 
916,2,1.9879 
916,3,2.5232 
916,4,1.9866 
916,5,3.5064 
916,6,1.8852 
917,0,-0.5152 
917,1,7.2156 
917,2,1.0746 
917,3,2.0693 
917,4,2.0681 
917,5,3.6021 
917,6,2.6511 
918,0,0.624 
918,1,7.6984 
918,2,1.5594 
918,3,2.5634 
918,4,1.7497 
918,5,2.676 
918,6,1.1071 
919,0,1.1541 
919,1,6.9161 
919,2,1.0014 
919,3,2.2578 
919,4,2.7599 
919,5,2.2666 
919,6,1.8502 
920,0,0.6132 
920,1,8.5434 
920,2,1.7769 
920,3,4.0169 
920,4,0.5495 
920,5,0.9704 
920,6,1.8906 
921,0,-0.567 
921,1,9.7425 
921,2,1.0115 
921,3,1.8598 
921,4,1.0499 
921,5,2.0909 
921,6,2.593 
922,0,0.8404 
922,1,7.9655 
922,2,2.3167 
922,3,1.5734 
922,4,2.124 
922,5,2.5334 
922,6,1.2725 
923,0,0.3233 
923,1,7.2119 
923,2,2.0991 
923,3,1.9611 
923,4,2.6384 
923,5,2.6177 
923,6,1.4345 
924,0,-1.4519 
924,1,7.675 
924,2,0.7766 
924,3,3.9426 
924,4,2.651 
924,5,2.074 
924,6,2.1335 
925,0,0.6246 
925,1,8.808 
925,2,2.4021 
925,3,4.0357 
925,4,1.0201 
925,5,1.851 
925,6,2.3758 
926,0,-0.4171 
926,1,6.7584 
926,2,1.0645 
926,3,3.6174 
926,4,1.3108 
926,5,3.4126 
926,6,2.0717 
927,0,-1.3621 
927,1,8.0274 
927,2,1.5979 
927,3,3.0993 
927,4,1.7849 
927,5,1.2381 
927,6,1.2574 
928,0,-1.802 
928,1,6.8276 
928,2,3.0439 
928,3,0.601 
928,4,1.5684 
928,5,0.762 
928,6,1.4687 
929,0,1.1666 
929,1,7.7811 
929,2,1.1584 
929,3,1.563 
929,4,3.4951 
929,5,3.1892 
929,6,2.4317 
930,0,0.1874 
930,1,7.9356 
930,2,1.9349 
930,3,1.324 
930,4,1.0696 
930,5,2.6178 
930,6,2.5408 
931,0,-0.0305 
931,1,7.832 
931,2,2.2402 
931,3,1.7374 
931,4,2.8517 
931,5,3.4359 
931,6,1.4849 
932,0,0.2066 
932,1,8.5468 
932,2,2.1639 
932,3,2.2252 
932,4,2.8647 
932,5,-0.3012 
932,6,2.1987 
933,0,-0.2613 
933,1,8.6922 
933,2,2.0811 
933,3,2.4279 
933,4,2.5434 
933,5,1.823 
933,6,1.472 
934,0,-0.2194 
934,1,7.4108 
934,2,3.4567 
934,3,1.0462 
934,4,2.6203 
934,5,3.122 
934,6,0.8878 
935,0,-0.6126 
935,1,9.818 
935,2,2.8026 
935,3,2.6763 
935,4,1.1823 
935,5,3.5779 
935,6,3.2776 
936,0,-1.1715 
936,1,9.3387 
936,2,2.2045 
936,3,2.4733 
936,4,1.636 
936,5,1.8378 
936,6,1.8076 
937,0,0.4395 
937,1,7.4868 
937,2,2.0437 
937,3,2.3482 
937,4,5.4778 
937,5,4.375 
937,6,1.0589 
938,0,0.3972 
938,1,8.287 
938,2,2.3079 
938,3,0.4689 
938,4,1.7338 
938,5,1.4726 
938,6,1.5726 
939,0,0.1136 
939,1,9.197 
939,2,2.4499 
939,3,2.5696 
939,4,2.5569 
939,5,1.0604 
939,6,3.0107 
940,0,0.0658 
940,1,6.7154 
940,2,1.4085 
940,3,2.4907 
940,4,2.4607 
940,5,1.3836 
940,6,1.5503 
941,0,-0.4127 
941,1,7.2293 
941,2,2.942 
941,3,2.5656 
941,4,1.3795 
941,5,2.2849 
941,6,2.0632 
942,0,1.4678 
942,1,6.8061 
942,2,2.2787 
942,3,2.7103 
942,4,1.5536 
942,5,2.8995 
942,6,2.5126 
943,0,-0.0127 
943,1,6.9725 
943,2,2.6573 
943,3,1.0985 
943,4,0.9198 
943,5,3.2955 
943,6,1.242 
944,0,-0.7063 
944,1,8.6383 
944,2,1.311 
944,3,1.373 
944,4,1.6624 
944,5,1.8446 
944,6,1.9329 
945,0,0.0139 
945,1,7.8345 
945,2,1.9197 
945,3,3.1602 
945,4,1.3751 
945,5,0.9399 
945,6,2.9216 
946,0,1.0553 
946,1,8.2417 
946,2,1.6288 
946,3,2.2506 
946,4,1.1546 
946,5,2.1625 
946,6,2.6462 
947,0,0.8422 
947,1,7.3637 
947,2,3.3522 
947,3,1.6677 
947,4,1.9118 
947,5,1.8709 
947,6,0.1172 
948,0,0.1321 
948,1,7.4876 
948,2,2.1639 
948,3,1.0167 
948,4,1.7924 
948,5,2.3754 
948,6,1.8889 
949,0,0.2717 
949,1,8.237 
949,2,1.7777 
949,3,3.3284 
949,4,0.0291 
949,5,2.1066 
949,6,1.0286 
950,0,0.3855 
950,1,6.7216 
950,2,3.0569 
950,3,1.9949 
950,4,2.2248 
950,5,2.697 
950,6,1.3104 
951,0,-2.2893 
951,1,7.0554 
951,2,3.0374 
951,3,1.9069 
951,4,2.515 
951,5,2.8114 
951,6,1.1659 
952,0,-0.6378 
952,1,6.534 
952,2,2.8556 
952,3,2.8949 
952,4,2.6205 
952,5,0.4266 
952,6,-0.8262 
953,0,0.2678 
953,1,7.4401 
953,2,1.0916 
953,3,2.5405 
953,4,-0.7792 
953,5,2.9178 
953,6,2.331 
954,0,-2.2078 
954,1,7.8347 
954,2,0.043 
954,3,1.1833 
954,4,4.6779 
954,5,1.6891 
954,6,1.8627 
955,0,0.5003 
955,1,6.9429 
955,2,3.3479 
955,3,2.0573 
955,4,2.4612 
955,5,3.0984 
955,6,1.8188 
956,0,-0.9263 
956,1,9.6751 
956,2,2.7538 
956,3,2.8628 
956,4,1.6055 
956,5,2.7219 
956,6,0.6942 
957,0,0.8663 
957,1,6.9975 
957,2,2.3642 
957,3,0.8784 
957,4,0.9504 
957,5,4.7199 
957,6,2.6435 
958,0,2.0122 
958,1,7.8358 
958,2,2.2072 
958,3,4.3622 
958,4,3.7609 
958,5,1.4443 
958,6,1.3881 
959,0,0.9896 
959,1,7.7101 
959,2,2.9538 
959,3,2.0378 
959,4,1.5379 
959,5,1.9877 
959,6,1.7901 
960,0,1.045 
960,1,6.0565 
960,2,-0.9663 
960,3,1.1665 
960,4,1.566 
960,5,1.479 
960,6,1.4588 
961,0,0.99 
961,1,8.6962 
961,2,-0.042 
961,3,2.1319 
961,4,0.4228 
961,5,1.272 
961,6,1.5229 
962,0,0.4723 
962,1,6.9043 
962,2,3.4918 
962,3,2.6971 
962,4,0.8392 
962,5,1.5172 
962,6,0.8358 
963,0,1.7668 
963,1,7.013 
963,2,1.3465 
963,3,1.9715 
963,4,1.1184 
963,5,3.4836 
963,6,2.7986 
964,0,0.909 
964,1,8.09 
964,2,-0.0414 
964,3,1.8825 
964,4,3.2473 
964,5,2.6765 
964,6,2.231 
965,0,0.4816 
965,1,6.6816 
965,2,0.9848 
965,3,2.397 
965,4,2.8826 
965,5,3.449 
965,6,-0.7025 
966,0,-1.979 
966,1,7.3373 
966,2,2.3648 
966,3,2.2592 
966,4,1.3988 
966,5,3.9439 
966,6,3.3091 
967,0,1.2385 
967,1,6.7993 
967,2,3.4176 
967,3,2.4828 
967,4,1.991 
967,5,2.5325 
967,6,2.3549 
968,0,-0.4995 
968,1,8.5362 
968,2,1.3669 
968,3,1.3651 
968,4,2.8379 
968,5,1.696 
968,6,0.0226 
969,0,0.2994 
969,1,7.1889 
969,2,2.9464 
969,3,2.5474 
969,4,2.7895 
969,5,1.3499 
969,6,2.5981 
970,0,-0.2852 
970,1,6.2027 
970,2,1.5339 
970,3,2.4864 
970,4,2.3269 
970,5,1.9679 
970,6,3.0213 
971,0,-0.8106 
971,1,7.9457 
971,2,2.617 
971,3,0.9182 
971,4,2.5288 
971,5,1.2922 
971,6,3.5716 
972,0,-0.8537 
972,1,7.2929 
972,2,1.365 
972,3,2.4972 
972,4,2.5733 
972,5,2.3855 
972,6,2.6797 
973,0,0.4449 
973,1,8.3863 
973,2,3.7403 
973,3,0.8646 
973,4,0.343 
973,5,1.4321 
973,6,1.4481 
974,0,-1.7984 
974,1,7.1589 
974,2,3.216 
974,3,2.7722 
974,4,2.4422 
974,5,1.5069 
974,6,2.1959 
975,0,-1.0929 
975,1,7.0733 
975,2,2.2306 
975,3,2.6074 
975,4,3.9637 
975,5,2.2769 
975,6,1.6043 
976,0,-1.6298 
976,1,8.0846 
976,2,0.1754 
976,3,1.7866 
976,4,3.5881 
976,5,2.3144 
976,6,1.2995 
977,0,-0.843 
977,1,6.4025 
977,2,2.2299 
977,3,0.4107 
977,4,3.6552 
977,5,2.0644 
977,6,1.1671 
978,0,-0.512 
978,1,7.0348 
978,2,1.6014 
978,3,2.8467 
978,4,2.6591 
978,5,1.2603 
978,6,1.7444 
979,0,1.0561 
979,1,8.9619 
979,2,2.2423 
979,3,1.9513 
979,4,1.9845 
979,5,1.626 
979,6,2.2445 
980,0,0.1091 
980,1,7.7002 
980,2,0.826 
980,3,2.2105 
980,4,1.7801 
980,5,2.119 
980,6,1.6923 
981,0,-1.241 
981,1,9.2837 
981,2,2.0175 
981,3,2.5647 
981,4,2.9204 
981,5,1.1608 
981,6,2.7017 
982,0,-1.2113 
982,1,7.6546 
982,2,2.2857 
982,3,0.9311 
982,4,1.0477 
982,5,1.8902 
982,6,2.1211 
983,0,0.8292 
983,1,7.8322 
983,2,0.2767 
983,3,-0.1517 
983,4,1.8317 
983,5,1.6858 
983,6,2.6379 
984,0,-0.5629 
984,1,9.9492 
984,2,1.9353 
984,3,3.9463 
984,4,3.3245 
984,5,1.696 
984,6,2.1509 
985,0,0.6585 
985,1,8.903 
985,2,1.7292 
985,3,1.6596 
985,4,2.3948 
985,5,0.698 
985,6,0.014 
986,0,-0.3619 
986,1,9.6636 
986,2,1.7386 
986,3,2.9407 
986,4,2.038 
986,5,2.7684 
986,6,1.6304 
987,0,-0.271 
987,1,6.3295 
987,2,1.4387 
987,3,2.9443 
987,4,1.4028 
987,5,-0.6785 
987,6,2.1036 
988,0,-0.4388 
988,1,7.7382 
988,2,0.7864 
988,3,2.2416 
988,4,3.4247 
988,5,2.2802 
988,6,0.3673 
989,0,1.4866 
989,1,9.3509 
989,2,1.5088 
989,3,2.323 
989,4,2.3161 
989,5,2.3739 
989,6,1.875 
990,0,1.7429 
990,1,7.8827 
990,2,2.8464 
990,3,2.155 
990,4,2.3342 
990,5,1.3249 
990,6,2.2518 
991,0,1.1639 
991,1,6.2668 
991,2,1.3129 
991,3,2.4778 
991,4,3.2916 
991,5,2.8395 
991,6,2.2443 
992,0,0.1504 
992,1,7.9056 
992,2,3.597 
992,3,2.4244 
992,4,0.8437 
992,5,4.5165 
992,6,1.8349 
993,0,-1.6678 
993,1,7.5474 
993,2,0.9609 
993,3,2.3165 
993,4,1.299 
993,5,2.71 
993,6,3.406 
994,0,0.4421 
994,1,9.6267 
994,2,3.476 
994,3,1.8587 
994,4,1.4357 
994,5,1.5918 
994,6,1.8764 
995,0,-1.4155 
995,1,8.7134 
995,2,1.0125 
995,3,1.4782 
995,4,2.0965 
995,5,2.1176 
995,6,2.8133 
996,0,0.0848 
996,1,8.5867 
996,2,2.0593 
996,3,1.944 
996,4,3.464 
996,5,1.6868 
996,6,1.0584 
997,0,-0.1975 
997,1,5.5044 
997,2,2.2678 
997,3,0.467 
997,4,1.1962 
997,5,2.5777 
997,6,2.7607 
998,0,-1.2799 
998,1,7.6343 
998,2,2.2193 
998,3,3.1142 
998,4,2.5533 
998,5,1.6453 
998,6,1.7989 
999,0,0.6382 
999,1,7.8712 
999,2,2.7682 
999,3,1.6139 
999,4,2.4637 
999,5,0.784 
999,6,1.7406 
