Feature1,Feature2,Feature3,Feature4,Class
2.0454,10.8453,1.9069,1.4587,1 
1.2269,10.4792,2.1105,1.7468,1 
1.9429,10.0657,2.066,1.6657,1 
1.3889,10.6278,-0.1884,1.6721,1 
1.7437,12.3073,0.7948,2.9354,1 
2.2016,9.6734,2.3684,3.5243,1 
2.1706,10.0552,1.5794,2.4992,1 
1.6119,9.1002,0.1532,2.0696,1 
-0.2092,10.4115,2.0089,-0.0613,1 
1.5363,7.5552,2.8338,3.482,1 
2.5901,12.7138,-0.1363,0.6822,1 
2.3814,9.253,1.7855,3.2793,1 
1.7323,10.6503,1.3733,0.2463,1 
3.5591,11.0934,1.6294,2.6303,1 
0.9334,8.8248,2.4381,2.4053,1 
0.1446,10.4524,2.0765,1.4381,1 
1.2948,9.7813,3.9435,1.9256,1 
1.4849,12.3242,1.7472,1.6459,1 
1.3928,9.8074,3.14,3.4516,1 
3.3519,10.3209,-0.3485,3.0481,1 
2.8972,9.5079,1.4609,1.544,1 
1.4547,9.5239,4.0558,-1.3787,1 
1.5561,9.3345,2.7325,3.2074,1 
1.9119,10.3819,2.5999,2.5204,1 
3.6899,8.9609,2.1547,2.1726,1 
0.2574,9.659,1.8868,2.1454,1 
3.2332,9.1397,0.6474,1.2139,1 
3.5182,10.9644,0.8649,0.9827,1 
2.1103,10.6178,3.8039,1.2345,1 
2.8525,10.4745,1.4686,1.5551,1 
2.9011,9.6191,2.8658,2.7982,1 
0.3475,10.9742,2.6171,0.8489,1 
2.9753,10.4843,2.4986,0.4551,1 
0.6199,10.4478,3.1033,1.8784,1 
1.8104,9.2823,1.3836,2.3686,1 
1.9667,10.828,2.476,1.5583,1 
2.7373,8.4784,1.1388,1.0961,1 
2.1385,7.8091,1.8871,0.787,1 
3.0944,9.8347,2.4208,1.9473,1 
1.9534,8.9254,1.4543,2.9392,1 
2.643,9.406,2.2067,1.5528,1 
1.994,10.4423,2.5768,2.5386,1 
0.5021,9.7089,1.6366,1.053,1 
2.3793,11.7686,3.3381,1.5999,1 
2.1361,11.7365,3.1365,1.1334,1 
2.2202,9.6057,1.7376,0.581,1 
2.4126,9.1565,4.6126,3.1841,1 
2.6134,10.6054,1.149,1.2748,1 
1.7209,10.1911,2.6909,1.4574,1 
2.2726,10.0593,1.0299,0.259,1 
2.441,9.7523,-0.2041,1.1324,1 
1.7692,11.965,4.2316,1.582,1 
2.4737,11.4617,0.8935,2.7442,1 
1.1039,8.7404,1.7745,1.2245,1 
3.5614,9.3487,4.2936,-0.0379,1 
2.3307,9.3621,2.8498,0.165,1 
1.6626,8.3481,2.6109,2.1576,1 
3.6422,10.2753,3.1077,2.6154,1 
2.4632,9.3192,1.6044,2.7332,1 
2.6042,9.2028,2.5628,0.9328,1 
2.0801,10.2503,0.9998,2.1163,1 
3.5671,9.9126,1.6473,0.4815,1 
2.1132,10.3057,3.119,2.3785,1 
2.267,9.3997,1.402,2.0408,1 
0.9294,10.4695,1.7455,2.6034,1 
3.2351,10.1365,2.6201,3.351,1 
2.7726,10.5564,1.4036,0.7705,1 
1.1214,10.1213,3.8944,1.7066,1 
2.0285,9.5632,3.0452,2.6663,1 
1.6085,8.511,1.3898,2.3728,1 
0.5496,11.0041,1.0203,1.7269,1 
1.4874,9.6178,1.3835,1.5232,1 
2.3071,10.5528,2.0041,1.9855,1 
3.5576,10.5006,3.1802,3.0635,1 
1.2671,11.2222,1.311,1.8851,1 
2.8683,9.9385,1.908,2.5872,1 
1.8879,10.624,0.6332,1.9145,1 
2.4474,10.7489,2.517,2.9568,1 
2.6796,8.3237,1.5903,2.892,1 
2.3411,8.3275,3.8607,2.845,1 
1.7945,9.1012,1.1326,2.7143,1 
1.847,12.0022,1.9883,2.9412,1 
0.0621,10.3205,2.2619,3.2474,1 
1.9472,8.5486,2.2315,3.1474,1 
2.2066,10.9185,1.974,0.8678,1 
2.2647,11.4054,1.5824,2.6369,1 
3.3329,8.9451,1.8241,2.1814,1 
1.6916,9.193,2.7625,2.3154,1 
2.0818,10.9221,-0.0661,0.8462,1 
1.8702,8.2978,1.8046,1.4272,1 
0.7994,9.2992,2.5641,2.5383,1 
1.6223,10.5727,2.813,0.6865,1 
2.3244,9.3212,1.2631,2.1564,1 
1.5683,11.216,2.8142,1.2858,1 
2.4227,9.9834,5.6079,3.0454,1 
2.3753,11.0476,3.0486,-0.1061,1 
1.172,9.1294,3.6091,2.0168,1 
0.7439,8.7654,0.9672,2.2478,1 
3.157,9.0815,0.6611,2.5775,1 
2.3053,10.6147,1.339,3.3942,1 
3.8425,10.0001,1.0423,0.5987,1 
0.9371,10.224,1.3643,4.4497,1 
1.4063,8.7735,0.7314,2.3433,1 
1.3352,9.266,1.9757,0.9989,1 
1.6335,10.0193,1.7169,2.749,1 
0.8245,11.2821,0.9337,2.1833,1 
1.4036,10.1172,1.8609,2.6939,1 
0.8223,10.9438,0.6004,1.3851,1 
2.9022,9.388,3.1408,2.8378,1 
2.0509,9.6145,1.2693,0.0824,1 
2.3746,9.5644,0.4288,0.3677,1 
0.6681,11.0101,1.5557,2.7768,1 
1.4675,8.5793,3.0904,2.5958,1 
1.5795,10.2054,1.4742,3.3076,1 
1.8565,11.6081,1.5956,2.2378,1 
1.5377,10.9718,3.3442,1.4483,1 
1.898,8.7243,2.2381,2.7986,1 
1.7647,11.2548,1.706,1.7735,1 
3.3021,10.1862,2.3736,0.9647,1 
1.5252,9.3266,2.3584,2.4374,1 
1.062,9.9153,1.717,3.7196,1 
2.1198,10.2544,3.4825,0.478,1 
1.4715,9.8421,4.3769,2.148,1 
1.857,10.3478,2.4161,0.7188,1 
2.8734,9.5178,2.5196,1.4634,1 
1.1677,9.8916,2.0653,2.0506,1 
2.2761,7.9931,0.855,1.5853,1 
1.866,11.1029,1.0361,2.2251,1 
2.305,10.099,2.9432,3.1212,1 
1.2409,9.6052,2.6998,1.6141,1 
1.4248,8.4449,3.4042,-0.4735,1 
1.7191,9.4161,0.7656,0.1736,1 
1.9733,10.6611,-0.0078,2.6996,1 
4.1055,9.143,2.222,0.3491,1 
1.6678,10.1855,1.5227,0.9356,1 
2.8211,8.0345,2.2787,1.2965,1 
2.1973,10.4358,2.7839,2.971,1 
1.1308,11.3068,3.2095,3.0171,1 
1.0923,11.8389,0.8964,1.8641,1 
1.769,11.8832,3.4502,2.7111,1 
1.358,10.0611,2.7484,3.2204,1 
2.2343,8.4728,1.7237,1.8374,1 
1.6941,9.8321,1.7158,2.9636,1 
2.2558,9.9366,3.5746,1.084,1 
2.4223,10.8918,3.2182,3.0499,1 
2.0719,9.9449,1.3558,2.6788,1 
2.4521,10.4635,1.0035,1.2161,1 
3.0381,10.3488,0.6489,1.9305,1 
2.1542,7.8977,1.0586,1.0937,1 
3.5665,9.1237,4.1312,0.5421,1 
1.7956,10.6937,2.1894,0.5843,1 
2.6884,9.1567,1.8349,2.268,1 
2.6273,10.7043,3.1493,1.1624,1 
0.9344,10.2746,2.7201,0.5411,1 
0.1962,10.2715,1.0574,1.5606,1 
2.2534,11.3223,2.6835,1.2465,1 
3.2096,10.0343,1.0753,0.9095,1 
1.4902,10.4339,2.4842,2.3186,1 
2.8229,8.8464,2.0621,1.0219,1 
2.3941,8.5392,1.4011,4.8794,1 
2.5913,10.9652,1.8348,1.4279,1 
0.9653,9.8533,3.7533,3.4472,1 
2.9509,11.6653,1.6255,-0.1638,1 
2.0822,10.0984,3.9791,2.4478,1 
1.1519,11.2753,0.9932,2.8404,1 
1.031,8.6187,-0.1717,2.6552,1 
4.1233,10.5104,2.094,1.7347,1 
3.1391,9.4193,1.6901,1.3707,1 
2.417,10.0707,3.5566,1.3769,1 
1.8516,12.1449,2.2148,1.9826,1 
2.719,10.0445,1.6583,1.6349,1 
2.7008,8.1508,1.9551,3.3874,1 
2.6153,11.2516,2.0192,2.8245,1 
0.5739,8.0677,0.1884,1.1699,1 
1.8422,10.7155,2.4815,2.1796,1 
2.772,9.9758,1.8977,0.7258,1 
0.7303,9.6945,1.5339,-0.7195,1 
0.3183,8.8723,2.4227,0.97,1 
2.1461,8.6922,2.7523,2.4799,1 
0.6568,7.7917,1.3095,1.4478,1 
2.1662,10.9001,2.2516,1.8715,1 
3.4877,7.7111,0.6428,2.6852,1 
1.588,10.5035,2.1338,2.9757,1 
3.2636,9.8271,1.4338,1.7425,1 
1.8079,10.8057,2.6348,2.3808,1 
2.5439,9.709,1.8883,2.863,1 
2.5881,9.5178,2.0132,3.5624,1 
2.121,8.3633,1.7464,2.1278,1 
2.5075,8.6657,2.3703,1.307,1 
2.7004,11.5138,2.4498,0.5891,1 
0.5329,9.4943,2.7439,1.3702,1 
2.0738,11.0502,1.552,2.0692,1 
2.7648,10.4713,2.285,2.9424,1 
4.383,8.9236,2.1117,-0.1107,1 
2.1107,10.1424,2.9106,1.8923,1 
1.9357,10.294,1.8287,0.8702,1 
2.269,11.2623,-0.0574,1.9097,1 
1.0693,9.4078,1.1363,1.6126,1 
0.986,10.486,3.4417,0.7417,1 
0.8173,10.4303,1.6381,2.4505,1 
0.1071,12.0496,2.1173,1.8909,1 
2.0954,9.2683,1.076,1.6424,1 
2.8323,9.5377,1.5293,1.4345,1 
2.71,8.9909,1.6986,2.4688,1 
-0.7431,9.0698,2.4276,2.5938,1 
1.3945,9.9767,2.4287,0.8581,1 
1.6383,9.6889,3.6036,1.0782,1 
3.5135,8.339,3.2365,0.6605,1 
2.9851,8.9819,1.1316,0.7225,1 
2.7783,10.4972,1.9307,3.249,1 
0.661,9.4711,2.1083,1.0082,1 
3.2841,8.1994,2.0338,1.7189,1 
2.6996,10.2124,1.7472,2.3764,1 
0.607,9.7143,3.2254,1.4452,1 
2.5584,7.7136,0.7319,2.3396,1 
1.7597,10.0711,3.3058,3.0602,1 
1.2951,9.7269,2.8888,4.2382,1 
3.2635,11.7222,1.089,0.5994,1 
4.157,10.1268,2.4824,1.5302,1 
2.4682,10.2781,1.619,1.007,1 
3.2828,9.6133,0.5476,1.1586,1 
4.6862,6.7577,0.9483,1.7294,1 
0.3637,8.5949,2.6208,1.1643,1 
2.1306,8.8285,0.4234,2.2172,1 
1.1107,10.2691,1.3447,1.4137,1 
3.4293,9.232,0.7739,2.5338,1 
1.2996,10.3676,1.8669,1.616,1 
0.3711,9.1573,0.6575,-0.7765,1 
0.8128,9.8618,3.1926,2.0387,1 
1.7987,9.6957,1.4618,1.9981,1 
1.2146,9.1256,2.69,2.2574,1 
0.5272,9.574,1.2198,2.3455,1 
1.7106,10.6087,2.9493,1.7787,1 
3.3799,10.3255,3.5517,1.4979,1 
3.0726,12.0009,1.4381,-0.643,1 
1.6856,10.1495,0.9716,0.8829,1 
3.2991,11.0313,1.9192,0.685,1 
0.7755,9.5222,2.8386,2.0625,1 
1.4453,8.0497,2.928,2.1838,1 
2.0511,9.8024,1.7961,-0.2787,1 
2.6878,8.6741,2.492,4.0112,1 
0.9157,10.0461,3.4008,3.7163,1 
1.5772,10.1777,1.4055,0.9974,1 
3.7987,9.8517,0.5428,2.3101,1 
2.0341,10.3318,-0.0644,2.4089,1 
1.8815,10.1241,3.7302,-0.2574,1 
2.5989,9.1732,3.7174,3.3673,1 
1.5218,10.0345,1.2648,1.1048,1 
1.2016,7.307,0.6022,2.2585,1 
1.5149,11.0678,3.2267,2.2388,1 
-0.1799,9.5425,3.4436,2.6564,1 
3.7326,10.876,1.9941,3.9222,1 
-0.0309,7.8466,1.6336,2.9279,1 
-0.1293,11.5864,2.0594,3.5507,1 
2.3879,9.0421,1.8562,2.9561,1 
1.9675,8.0989,2.5278,2.0526,1 
1.2155,12.873,1.4004,2.2545,1 
3.3015,11.0892,3.1937,2.8085,1 
1.7435,9.8287,2.9226,2.7282,1 
0.183,10.1835,2.0385,2.5715,1 
1.0994,10.3993,2.1237,0.2616,1 
1.547,8.6129,1.8225,2.9309,1 
1.6668,10.4457,2.0576,2.5854,1 
1.1268,10.5557,1.5732,2.9225,1 
1.4273,10.4076,2.5382,2.2903,1 
1.8635,10.777,2.9489,1.5364,1 
0.0581,10.1561,3.4326,0.1342,1 
3.1062,9.0885,1.964,2.7758,1 
1.4627,10.245,0.9501,0.2607,1 
0.6848,9.0919,1.8794,2.4039,1 
1.8846,9.4688,1.8411,1.9983,1 
3.1869,10.9499,1.3182,0.0447,1 
0.3136,10.0234,1.6575,1.4908,1 
0.6727,9.3833,3.9484,2.7421,1 
0.427,9.8156,3.6962,1.0205,1 
2.5668,10.0337,0.7146,1.6735,1 
2.8735,11.8326,2.4181,2.0462,1 
3.8657,10.2087,2.3679,2.3691,1 
1.8335,11.6247,2.3726,3.1434,1 
2.6066,10.8584,1.1315,1.9018,1 
0.8344,11.1189,1.7325,3.2016,1 
0.2263,9.7146,2.0052,2.2377,1 
1.1101,8.9929,1.2473,2.7542,1 
2.7469,11.0615,2.6563,3.4179,1 
3.3469,10.3588,2.042,2.499,1 
0.9836,10.3587,1.4518,1.8915,1 
1.5634,10.8089,2.9642,2.3944,1 
0.5678,10.493,2.0704,1.3467,1 
2.4649,10.9649,2.2223,1.3519,1 
2.5163,10.2903,0.7351,2.1992,1 
3.2043,9.4144,2.4971,1.8322,1 
2.5117,10.3812,3.9936,4.5345,1 
3.3482,10.1684,2.3572,2.6704,1 
3.9196,8.4813,1.7874,1.5182,1 
4.1716,10.2285,3.0947,1.5058,1 
2.2899,10.9141,-0.0379,3.0826,1 
2.6105,10.1438,2.7664,1.8974,1 
2.1841,10.7884,2.048,1.8678,1 
1.3959,8.6016,0.371,0.8193,1 
1.4485,8.3619,1.8181,1.9679,1 
1.7253,8.9069,0.8435,0.5595,1 
2.0799,10.6622,3.3614,2.3564,1 
3.0974,11.2872,0.6493,2.3322,1 
2.4173,10.6654,1.4927,2.8705,1 
2.5592,11.2998,2.4448,2.3165,1 
2.0496,11.3691,2.2859,2.0841,1 
1.3752,8.8013,1.9696,3.1177,1 
-0.0608,11.902,0.7745,1.8986,1 
2.7547,11.0628,1.3896,2.8116,1 
2.4906,11.9587,1.7731,1.6213,1 
2.9371,9.0459,1.5396,3.0201,1 
1.3325,9.9434,2.0525,1.4454,1 
3.1581,11.0506,1.4034,3.2062,1 
1.6488,11.5753,0.9046,0.7809,1 
1.6596,10.5011,5.3192,1.3204,1 
2.9634,9.8842,2.8002,0.0174,1 
1.5197,10.2478,0.5254,1.8233,1 
2.7009,8.3732,2.22,2.2809,1 
1.3003,9.3036,0.7712,2.0549,1 
2.0048,8.1852,1.0842,1.8049,1 
3.4559,11.0058,3.0604,3.4227,1 
1.7058,10.9989,2.491,0.2061,1 
2.3967,10.4441,3.3997,1.9734,1 
2.3826,9.0808,1.4966,3.2615,1 
1.7258,10.1789,0.7833,1.355,1 
1.8225,8.6928,2.7355,0.6441,1 
2.3318,8.2141,2.6882,0.3128,1 
1.078,9.9479,2.5121,2.4173,1 
0.2985,12.6265,0.7492,1.5964,1 
1.7216,9.369,1.2974,2.6285,1 
1.9375,10.8201,2.5512,3.3102,1 
1.172,8.6735,0.575,0.3116,1 
1.8123,9.937,1.4125,1.8583,1 
2.0753,10.3059,1.0716,3.1283,1 
1.1083,8.4767,1.7921,-0.4019,1 
2.0297,10.6577,1.8288,2.9428,1 
1.6836,10.3976,1.6216,2.5642,1 
1.9192,11.3244,1.5884,1.4447,1 
2.9271,11.2693,1.6175,1.1625,1 
1.2777,7.8701,-0.131,1.4472,1 
2.1239,9.759,0.9026,1.0048,1 
1.4396,9.9833,0.8327,0.9345,1 
2.0823,10.3075,2.8349,1.4178,1 
-0.6991,7.0524,1.8307,3.5375,1 
2.0525,10.1068,0.6621,1.8371,1 
2.2561,10.5988,0.71,2.519,1 
0.9154,10.8997,1.8202,2.8385,1 
2.0082,8.8836,1.26,-0.2744,1 
2.5247,10.5103,2.1976,2.2583,1 
2.5192,11.1589,2.2435,1.2725,1 
3.181,10.4685,2.1909,3.3083,1 
2.3472,9.3893,0.8507,1.7183,1 
4.8352,10.6789,3.3571,1.6527,1 
2.9219,9.9995,2.1946,1.8189,1 
2.8249,11.5277,2.5265,1.6972,1 
1.6725,9.1402,2.0352,2.468,1 
2.1726,9.0221,2.082,0.8903,1 
1.7989,9.3524,1.7667,1.3423,1 
1.3058,8.5484,3.094,1.5509,1 
0.8573,9.3148,3.9862,2.1337,1 
1.6678,9.6159,2.7619,3.8432,1 
2.0415,9.3702,0.8387,3.3225,1 
2.3196,12.538,2.396,2.6757,1 
2.1203,11.2289,1.6558,3.3473,1 
2.2461,10.5902,3.4082,2.7878,1 
1.5855,11.4421,2.0655,1.9224,1 
1.9986,9.8129,3.4472,1.6588,1 
2.2716,9.6044,1.9037,1.1693,1 
1.5265,10.6557,1.1788,2.8007,1 
2.3229,8.7653,2.1,1.8589,1 
4.6029,9.0406,1.9534,3.3262,1 
1.3578,10.5242,1.2264,1.0425,1 
2.3631,9.6013,3.8464,1.3425,1 
2.8674,8.8525,2.0403,3.4444,1 
0.1802,8.3718,2.7675,1.4913,1 
3.251,10.4077,-0.1467,2.8418,1 
1.4999,7.7737,1.3574,2.3538,1 
2.3448,10.6023,3.7036,1.5728,1 
1.2296,12.1628,3.5931,1.3118,1 
1.6842,12.0137,2.0863,1.3725,1 
1.502,11.6472,1.6517,0.992,1 
0.2945,11.1638,1.8485,1.6978,1 
1.7565,11.639,1.7163,2.7992,1 
1.6399,10.9029,1.9654,1.838,1 
2.7358,9.5473,1.1037,3.4105,1 
1.6768,9.8415,2.2481,2.2196,1 
2.7518,10.3606,3.0775,0.7518,1 
1.5107,8.841,2.2683,0.707,1 
1.7482,10.1207,1.996,1.4191,1 
0.9386,9.6565,2.1674,1.2949,1 
1.7431,7.8226,1.3104,1.4548,1 
1.9368,10.9165,2.5656,1.3505,1 
2.8671,12.589,2.2998,3.3294,1 
1.0545,9.4921,1.3374,0.5442,1 
3.3466,10.1833,1.0173,1.8729,1 
2.7189,10.7952,1.3317,1.0199,1 
1.8915,10.0777,1.8494,2.9034,1 
2.1875,10.2939,2.6203,2.3358,1 
0.1887,10.6788,3.1013,1.0803,1 
3.9421,10.2414,0.6485,1.8987,1 
1.0955,10.1872,0.5047,3.9737,1 
0.9425,10.4998,2.2987,1.4415,1 
1.4433,10.821,0.2246,0.5162,1 
1.2396,10.7015,1.6163,2.0979,1 
1.973,11.7499,0.6118,1.1526,1 
2.1395,10.6854,2.4578,3.3803,1 
1.2192,8.7535,1.9619,1.4994,1 
2.9958,10.0279,-0.2379,3.0324,1 
-0.1577,10.6078,3.7652,0.9859,1 
1.7011,9.8064,1.9123,1.9035,1 
1.405,9.8498,2.7722,2.6149,1 
1.83,11.18,1.2777,3.0379,1 
-1.0455,11.3358,1.7829,1.5963,1 
1.013,11.1817,2.8016,1.5122,1 
3.553,10.04,2.1753,2.0461,1 
1.5436,11.1994,0.8555,2.5501,1 
2.6487,10.8395,0.5526,2.4648,1 
3.3073,10.1353,2.0925,1.0646,1 
2.314,9.9662,1.1035,2.0441,1 
0.6692,9.1233,1.2487,2.395,1 
2.1125,11.7341,0.7526,0.7274,1 
1.1662,11.1887,2.1942,2.192,1 
2.9689,9.5386,2.8257,1.0998,1 
4.101,10.4557,2.3342,1.5819,1 
2.3242,10.8961,1.7951,2.8815,1 
2.0031,10.6627,1.8651,1.7539,1 
1.7364,11.0371,2.86,0.4679,1 
2.4831,11.64,-0.3659,3.5609,1 
0.6428,11.0747,1.0848,1.6585,1 
4.5483,10.7254,1.0958,1.5863,1 
1.9342,10.0309,3.0203,3.2493,1 
2.5651,10.5754,1.3527,1.5104,1 
1.8908,11.4318,3.6456,1.3765,1 
1.8275,10.7984,3.2902,2.0375,1 
1.5282,11.4785,1.41,2.1545,1 
2.3476,11.0475,1.4588,0.7866,1 
2.3078,9.7012,1.3433,4.8608,1 
1.1406,9.4926,2.3133,1.9572,1 
1.037,10.4356,2.7294,2.6016,1 
2.0786,9.6302,3.8572,2.2695,1 
3.4008,10.3474,2.4393,2.1761,1 
2.02,9.2964,1.4616,0.3097,1 
1.3569,10.5337,3.2159,2.4909,1 
1.9851,9.9571,1.8049,2.0377,1 
4.7634,11.7338,1.2662,1.3033,1 
2.4224,10.5398,2.4424,1.6629,1 
2.2541,10.6506,2.7502,0.947,1 
-1.4726,11.3357,1.6249,1.9647,1 
2.6983,8.8472,0.9295,2.7009,1 
1.5494,11.9914,1.5879,1.0733,1 
4.5754,9.7299,3.3888,2.2933,1 
3.3692,8.9614,1.358,2.3542,1 
3.2482,9.3699,2.6039,2.6263,1 
2.7155,10.3417,1.6682,3.4802,1 
2.0404,11.2574,3.0831,1.0581,1 
3.0648,9.7639,2.1955,3.5887,1 
3.4559,9.7081,2.5669,0.4587,1 
0.9794,8.2888,2.4346,2.1983,1 
3.885,9.8707,2.2681,1.1009,1 
1.2223,10.057,3.0428,2.3307,1 
2.9905,9.1905,1.7192,1.4163,1 
2.9517,11.1565,2.3063,0.4625,1 
0.3569,10.8743,2.4167,2.4757,1 
2.5702,10.0274,0.3318,0.6808,1 
2.2182,7.6046,0.7151,0.9069,1 
1.9067,9.4001,2.8861,1.8794,1 
2.6017,8.6923,0.9616,1.4928,1 
1.5703,8.3428,1.2026,0.3986,1 
1.9268,10.3429,2.0966,0.8917,1 
2.4591,10.5316,2.0146,2.3429,1 
1.5434,11.0114,3.6085,3.0865,1 
1.7968,9.7689,1.4545,2.7815,1 
2.7605,10.3051,0.6848,2.2636,1 
1.5527,10.8578,2.3437,2.8978,1 
0.6377,8.999,3.8355,2.9082,1 
1.56,10.1208,1.332,2.2176,1 
2.4073,8.4585,0.7936,0.0111,1 
2.3542,10.8369,1.3028,1.6918,1 
0.7054,10.4555,2.9453,3.5535,1 
2.5844,9.439,0.9033,2.0371,1 
-0.1066,10.5704,2.4791,1.7774,1 
0.4138,10.4633,2.4707,-0.949,1 
0.0698,10.2366,0.7972,4.242,1 
4.1843,9.7121,3.1163,1.9754,1 
1.8604,11.0969,2.2963,1.7099,1 
1.9158,11.0015,1.9335,0.8627,1 
4.1114,8.8207,0.9254,1.5023,1 
0.7794,7.9409,3.0518,3.3313,1 
2.2573,9.6123,3.1577,2.5129,1 
2.7595,8.57,1.2237,1.7649,1 
2.8272,8.6924,2.0821,1.3024,1 
1.0536,9.1282,1.1973,2.022,1 
1.3985,10.6506,0.9904,2.1891,1 
2.2106,8.5686,1.684,1.8094,1 
0.9223,10.1988,2.0703,0.8,1 
3.1026,10.9154,0.7807,3.8985,1 
4.1467,9.8106,3.2697,0.5071,1 
1.5976,10.2012,3.5254,4.2811,1 
2.0629,12.0559,1.1116,-0.2268,1 
1.904,10.4593,3.2038,2.5139,1 
10.111,8.5038,4.2161,1.2572,0 
8.7418,7.5007,1.2221,1.3041,0 
8.7388,8.4238,1.8574,2.102,0 
7.6958,8.3844,3.0085,-0.0604,0 
8.2694,8.3941,1.5316,2.5741,0 
8.0806,9.6427,1.5778,2.1212,0 
7.6078,8.4144,1.6575,0.3864,0 
11.1201,8.2619,1.5159,1.1764,0 
7.8489,6.9929,1.8162,1.0254,0 
9.4841,7.8736,2.5956,1.9507,0 
9.5816,8.4911,1.2255,0.7656,0 
11.2699,8.7769,1.5394,2.2792,0 
9.0463,7.9684,2.0116,0.8071,0 
8.6637,8.1699,2.127,1.7489,0 
8.2563,8.0217,3.2902,1.285,0 
11.0477,9.0252,4.363,2.4477,0 
8.1093,6.9771,1.6332,3.8018,0 
8.8168,6.4389,1.9502,1.0157,0 
10.1617,8.7263,1.7604,2.0286,0 
8.5098,8.8874,1.1896,3.1545,0 
8.9344,9.4421,0.7667,2.4415,0 
9.062,9.0596,1.7948,1.5705,0 
10.6683,7.2204,1.6125,4.3544,0 
8.8547,8.6331,2.3627,1.5653,0 
9.5613,8.5674,2.1869,-0.4942,0 
6.8905,9.1823,0.6926,1.2832,0 
8.1537,9.8639,3.5353,1.0388,0 
7.6913,10.3575,1.371,1.476,0 
9.2987,8.9317,1.9093,2.2016,0 
10.0224,7.0186,2.7233,1.8151,0 
7.6569,6.6033,1.3342,1.3574,0 
9.0002,7.4144,1.1113,1.5879,0 
10.3099,7.479,0.9508,2.5029,0 
10.537,8.3889,1.0388,1.8282,0 
9.527,8.6061,2.0386,2.4269,0 
7.9765,6.0713,1.977,3.568,0 
9.684,8.4908,2.52,1.5206,0 
8.9766,8.2536,3.8741,-0.386,0 
8.4778,8.121,1.0697,2.9754,0 
10.1349,8.4028,1.5059,2.0278,0 
8.0729,7.1398,2.2058,2.8082,0 
6.4595,7.631,1.1043,1.9477,0 
8.5609,7.6299,2.0043,0.9276,0 
10.4793,7.5425,0.0388,2.1928,0 
7.6389,8.4667,1.1513,1.8166,0 
10.5381,7.9694,0.0511,0.4487,0 
8.1217,9.3805,1.9791,2.8561,0 
8.7992,7.3306,0.2829,2.4902,0 
8.1088,8.2879,1.8711,2.6699,0 
10.1654,7.3628,2.969,1.6019,0 
8.2437,7.5994,3.5269,3.1497,0 
9.1415,7.4331,2.6105,3.6118,0 
8.0818,7.8973,1.8155,3.2444,0 
9.048,8.3747,2.2426,3.6099,0 
8.7965,7.7371,3.6031,2.3416,0 
8.001,9.3048,0.8578,1.6064,0 
7.8901,8.071,1.9575,3.0877,0 
6.6915,7.2211,0.4726,2.1405,0 
8.6531,7.5538,0.2769,1.7697,0 
10.4271,6.685,0.0763,1.9251,0 
8.7632,9.3752,1.2336,2.23,0 
8.6143,8.7379,2.5016,2.2199,0 
10.187,6.1439,1.5205,2.9789,0 
9.8584,8.0449,0.2631,1.0919,0 
7.8958,7.006,1.2317,1.8925,0 
9.3155,9.3459,2.9872,3.3502,0 
10.0089,7.7615,2.7012,1.0672,0 
7.6205,7.5462,1.3993,0.4921,0 
10.2375,5.7866,2.4797,1.3929,0 
8.3161,7.5385,4.1282,2.0194,0 
6.3735,8.9178,3.2509,3.1969,0 
9.1082,10.1464,1.6287,2.9798,0 
8.1337,8.547,1.1966,1.4415,0 
8.8466,8.3759,1.6028,4.7001,0 
8.4291,7.4538,3.2143,1.4077,0 
8.0205,7.8415,0.6905,3.3531,0 
9.4084,7.5377,1.6322,2.177,0 
8.7002,9.3014,3.4991,1.9302,0 
9.6578,6.0044,0.9078,-0.3833,0 
9.8574,7.6118,1.5036,3.2371,0 
8.7443,7.1525,2.1054,2.6418,0 
8.2558,9.0591,1.7269,1.9574,0 
7.0507,8.4424,4.3212,0.5267,0 
7.8084,7.6662,2.4314,2.4681,0 
9.4938,7.5727,2.3709,2.2132,0 
9.1786,7.8061,3.5207,0.5327,0 
9.226,6.1131,1.1817,2.2958,0 
8.565,7.7758,1.5332,0.9112,0 
8.3881,8.3802,4.4481,1.5092,0 
10.3556,8.0847,1.6622,0.9353,0 
8.8542,7.0289,0.2055,2.5499,0 
8.5327,7.7417,1.7574,2.3082,0 
7.4842,9.1843,0.2434,0.2794,0 
7.1003,9.8859,1.7313,1.9978,0 
7.5628,5.5345,2.0515,1.9071,0 
8.3213,8.4984,4.555,0.8095,0 
8.4295,7.0418,1.6484,0.3343,0 
7.6513,8.9165,2.4472,0.9568,0 
7.7152,8.082,2.449,1.5425,0 
9.7392,8.3777,2.1262,-0.0128,0 
9.6242,8.9124,3.6516,1.7439,0 
9.6732,6.8222,2.6694,2.632,0 
10.7913,9.5705,2.18,0.7768,0 
9.5672,8.5228,3.2521,1.1143,0 
9.3653,9.6126,1.6834,2.9775,0 
7.8866,8.7673,2.7834,1.5413,0 
10.2394,7.5175,1.6831,1.2423,0 
9.0384,8.3921,3.6625,3.373,0 
8.2013,9.3273,1.9675,2.4201,0 
9.6711,7.4925,1.4436,1.5143,0 
9.4336,8.5061,2.5426,2.2055,0 
8.8773,10.0825,3.0687,4.9518,0 
9.0671,7.5327,0.7474,2.1724,0 
8.9041,7.6992,2.6076,1.3227,0 
8.723,8.6166,3.855,2.4658,0 
9.2572,8.6251,1.9792,1.6218,0 
8.8658,10.5409,2.5735,1.5482,0 
8.9727,7.9368,1.0956,0.8598,0 
10.3788,6.9924,1.4252,0.0814,0 
10.2207,8.7238,0.5442,2.1079,0 
9.5195,7.6177,2.0914,2.2064,0 
9.2223,8.0004,2.3829,1.9387,0 
7.8586,6.4546,3.4196,1.1706,0 
10.225,8.2314,1.3637,1.3907,0 
9.5452,8.4667,0.1451,1.6833,0 
9.4401,9.0367,1.4222,1.4901,0 
8.6633,7.6192,3.0832,2.4622,0 
9.5119,7.6778,3.0687,4.9041,0 
8.1365,8.6946,1.2536,1.1421,0 
8.8075,8.3666,1.5541,1.8095,0 
9.4294,7.1359,1.8078,1.8647,0 
8.9256,6.8061,2.7112,1.5238,0 
9.5974,8.3398,0.5636,3.0959,0 
9.1447,7.4788,1.3713,1.8551,0 
8.4286,8.1629,1.7346,2.0457,0 
8.6282,7.6918,2.2267,1.4434,0 
9.3003,9.1085,1.6115,1.6118,0 
9.2561,7.318,1.9983,2.9625,0 
9.9336,9.5137,1.3542,0.4042,0 
7.4834,8.1949,0.4792,3.0842,0 
9.7651,8.8424,2.3257,1.2547,0 
8.2645,8.4745,1.3883,2.1429,0 
10.7691,10.006,1.6467,1.5434,0 
9.9625,8.7314,3.2687,2.9154,0 
8.3793,8.856,1.8458,1.3823,0 
7.5951,8.6754,2.7325,1.5445,0 
8.8622,7.9658,5.3081,1.7215,0 
8.2688,8.3177,3.6553,1.7857,0 
8.5619,6.8281,2.1686,2.6895,0 
8.6619,6.7046,1.9494,1.3414,0 
9.6013,8.6118,1.1627,2.3541,0 
9.5104,7.7595,3.3236,2.8309,0 
8.3474,8.6416,1.1739,2.3189,0 
8.2596,10.0876,1.1561,2.133,0 
10.0061,8.5956,3.9795,1.9024,0 
7.7146,7.5427,2.8639,2.357,0 
5.966,5.8947,2.6214,0.6098,0 
7.1999,8.0715,1.9484,3.1403,0 
9.6581,7.6759,5.3571,0.5634,0 
7.3838,8.0029,0.1154,-0.3264,0 
7.2603,5.9581,0.8375,1.3117,0 
9.6893,6.6142,3.3288,2.1427,0 
9.9778,6.275,1.7389,2.9485,0 
9.1374,7.6735,2.9669,1.7774,0 
8.4459,9.4649,0.1718,3.7611,0 
10.2018,8.7407,3.6182,0.6836,0 
7.54,6.1682,4.5524,0.8508,0 
7.8725,8.5048,1.0272,3.0789,0 
9.7709,8.5484,0.643,4.28,0 
9.1162,8.0366,-0.1381,0.9504,0 
7.891,8.9931,2.3407,1.0279,0 
9.1169,7.9863,2.4398,0.622,0 
9.6046,8.1031,3.5527,1.3306,0 
9.5657,8.9495,2.3843,1.8104,0 
10.7012,8.6302,3.4999,0.6249,0 
8.4811,7.6596,2.6332,2.5172,0 
8.4232,9.4536,3.4528,0.8626,0 
9.4782,6.4453,0.6533,2.4128,0 
9.8816,7.5677,2.4863,3.8315,0 
7.6429,8.3703,2.8075,2.5909,0 
9.1239,8.5208,0.8128,2.2549,0 
10.1879,7.5034,0.9521,0.5932,0 
8.2883,7.652,2.7471,0.9714,0 
9.7756,8.5518,2.8045,1.2809,0 
9.4809,9.5448,2.1589,2.9652,0 
9.49,7.6611,3.2384,1.4893,0 
10.7206,9.1267,2.0406,1.5506,0 
8.0009,7.1014,1.2007,2.6568,0 
10.3073,6.1454,2.0917,2.2807,0 
8.9498,8.635,1.4562,1.791,0 
8.8733,8.7483,3.5538,-0.0975,0 
8.3926,9.3865,2.9784,1.95,0 
6.4922,8.135,3.8465,2.6922,0 
9.0197,7.7686,2.6505,4.2225,0 
9.6936,7.7539,2.4766,2.0072,0 
8.3969,8.1955,3.2436,1.8424,0 
9.8712,6.5929,3.4608,2.454,0 
8.656,6.935,2.4139,2.2742,0 
8.1892,6.1973,1.3756,2.1475,0 
9.8938,8.9146,2.6897,0.3665,0 
8.3118,7.4267,2.2154,2.1483,0 
9.424,8.9373,2.6053,1.3481,0 
9.8066,9.4968,2.2977,1.1116,0 
9.3238,8.5756,1.349,2.6437,0 
8.2494,9.4537,1.4913,1.6713,0 
10.4475,6.4848,2.4035,0.9459,0 
9.95,7.508,0.9084,2.2507,0 
7.1265,7.9539,2.0419,1.6433,0 
7.6014,7.3743,2.8135,2.3637,0 
9.0817,8.3713,2.3892,1.7515,0 
10.972,7.8908,2.1015,1.0529,0 
9.6744,10.0298,0.8907,3.0471,0 
10.5732,5.7854,0.9445,0.4953,0 
10.2006,8.8788,1.7941,3.8543,0 
9.1079,9.8607,2.9107,2.6208,0 
8.3585,7.2747,3.7868,1.6921,0 
8.5271,8.1735,1.2854,2.0443,0 
9.6617,8.3799,0.3706,0.1611,0 
11.0512,7.6678,2.8256,2.3418,0 
7.9987,6.9331,2.4193,2.0108,0 
9.9358,6.8841,0.8001,0.3677,0 
9.756,8.8822,3.959,2.8377,0 
8.6166,8.1932,3.431,2.8492,0 
7.8984,8.2793,1.391,2.0401,0 
11.1239,8.9192,0.9468,3.3873,0 
9.9586,6.8914,1.1754,2.3873,0 
8.5897,6.6853,2.1917,3.7373,0 
8.675,7.4556,1.2004,0.3527,0 
7.4518,7.5301,2.6212,2.9852,0 
9.4707,6.9672,2.8298,1.1826,0 
8.5284,8.3836,2.5215,0.4692,0 
9.7308,5.8519,0.9711,1.7573,0 
9.1617,9.6472,0.1556,-1.0241,0 
9.6426,8.1222,0.9784,1.175,0 
8.2846,7.9527,0.9715,0.4691,0 
8.9672,8.1181,2.5618,2.0193,0 
8.7618,7.337,1.1835,3.3132,0 
9.1713,7.4383,1.5643,2.6663,0 
6.8465,7.5048,1.9932,1.5493,0 
9.3649,7.5888,1.9594,2.7965,0 
9.6461,8.2576,2.6378,2.5712,0 
6.4245,8.5837,2.4083,2.6116,0 
10.3319,6.6428,1.8404,1.342,0 
8.4787,8.7345,2.8053,2.6818,0 
7.8406,9.2303,-0.7639,3.2905,0 
10.068,7.7136,2.9829,2.2393,0 
9.8419,8.2664,1.6416,1.736,0 
8.2805,8.3373,0.7847,1.5259,0 
8.6782,8.5656,1.8121,1.6655,0 
9.3721,7.7054,3.3138,2.2175,0 
9.7559,7.321,1.778,3.1205,0 
8.3252,8.6572,2.6028,2.7961,0 
9.9623,7.3472,2.3612,0.4703,0 
8.7586,6.7284,3.2096,2.3047,0 
9.9568,9.7893,0.7219,0.3739,0 
10.0914,6.785,2.5875,0.7076,0 
8.2407,7.5041,0.5134,1.1246,0 
11.2058,9.0134,1.1996,3.8456,0 
7.5611,9.2988,1.6538,3.7027,0 
8.8167,7.4842,0.3005,2.1782,0 
7.788,9.4647,2.0056,1.9863,0 
7.8925,5.9235,2.1463,2.1684,0 
8.3551,8.0631,2.6914,1.7056,0 
9.6125,6.718,2.5088,0.8208,0 
8.2078,9.5348,-1.364,2.8647,0 
8.6046,6.1379,1.0818,1.6261,0 
8.9976,6.6604,-0.4101,1.6462,0 
9.6683,8.8153,-0.3154,1.039,0 
10.0487,8.0089,1.8194,2.6845,0 
10.0606,8.188,1.9204,3.5568,0 
10.0168,9.374,1.1051,2.0331,0 
7.8488,8.5638,0.6663,2.329,0 
9.6517,6.3081,0.0966,1.776,0 
9.7432,9.3319,2.2267,3.1227,0 
9.0111,8.7483,3.8347,1.4819,0 
7.9658,7.6718,3.2397,2.0523,0 
7.7162,6.049,1.0694,0.5628,0 
9.0057,6.8379,-0.4274,-0.1792,0 
8.0695,6.4709,3.6148,2.2867,0 
7.9959,8.8,1.0449,1.3491,0 
9.6962,9.18,0.205,2.0132,0 
10.0889,10.1192,1.5568,2.5846,0 
8.5612,7.2525,3.6737,2.6455,0 
10.3167,5.8156,2.3643,1.89,0 
8.5776,8.5823,2.737,3.8499,0 
11.1864,7.5187,0.4485,1.8297,0 
8.0801,8.3062,1.8684,1.6498,0 
8.15,9.5885,2.6575,2.1611,0 
6.6334,6.3628,3.538,1.9842,0 
9.1472,7.3098,1.745,2.1939,0 
9.5529,7.5394,0.3075,2.8092,0 
8.6882,7.9681,2.0701,2.8696,0 
9.4256,8.8454,3.6035,1.8148,0 
8.6644,8.9766,2.0399,1.6302,0 
9.733,7.464,3.0323,3.0275,0 
7.3951,7.7105,2.7221,2.3058,0 
7.1909,6.1542,2.3825,1.6004,0 
8.708,7.0493,2.3059,0.6988,0 
9.2677,6.8693,2.4434,1.4461,0 
9.4954,6.8156,3.2281,0.247,0 
9.3121,8.7442,2.5718,2.9138,0 
8.5805,6.554,1.2356,2.7454,0 
9.465,6.8946,0.6995,2.2429,0 
9.5539,7.9455,3.1113,1.9003,0 
6.9566,7.7376,0.5424,1.4333,0 
8.5081,8.8834,1.4637,0.2623,0 
8.7142,6.3818,4.5653,1.0705,0 
9.4366,9.1493,1.1129,1.0857,0 
9.5944,11.2565,0.9705,1.3593,0 
8.9472,6.7924,2.8567,1.1872,0 
8.2974,7.7647,1.8242,0.8216,0 
11.126,6.8141,2.1883,1.8185,0 
8.4221,8.8997,1.8465,1.8569,0 
9.9,8.38,1.0806,2.0941,0 
7.606,9.1739,3.5482,1.6913,0 
8.2235,7.5538,2.1714,2.0061,0 
9.8155,6.9689,2.6098,0.1903,0 
8.0632,9.0824,2.5289,1.8058,0 
9.3968,7.6924,1.1456,1.5888,0 
8.3927,8.6569,3.2418,1.9835,0 
9.4985,6.6026,1.3186,2.157,0 
8.6178,9.292,2.0224,1.4218,0 
9.0012,8.9958,0.6123,2.3368,0 
8.7296,7.8499,3.1618,3.5117,0 
8.2455,7.0661,3.3048,1.1753,0 
8.9501,8.3657,3.4213,1.3315,0 
8.3916,7.8916,0.3573,1.4077,0 
7.8744,8.1391,1.906,0.9211,0 
9.0139,7.0733,1.1112,0.9879,0 
8.3256,8.1122,1.5757,0.8782,0 
8.5707,8.6458,0.6915,1.7136,0 
9.9412,9.8799,2.1741,-0.6697,0 
8.6159,7.8514,2.8569,1.9573,0 
7.7395,7.6707,1.7275,3.0327,0 
8.5479,8.117,1.0491,1.9761,0 
7.5407,6.8532,2.4501,1.1987,0 
8.7082,6.3777,2.0382,2.1929,0 
8.8206,7.9095,0.9079,3.1696,0 
9.4096,7.6149,2.1752,2.4587,0 
6.5623,7.5449,0.7884,3.1115,0 
8.2616,7.167,3.023,0.0138,0 
10.35,8.7217,5.5873,3.0468,0 
9.117,8.1277,3.0802,0.6489,0 
10.3825,6.8745,2.6758,3.0533,0 
10.117,8.5057,2.1467,1.6351,0 
9.4533,7.6533,3.0814,1.2259,0 
9.3639,7.6557,3.1264,1.8052,0 
9.142,8.79,1.69,1.1554,0 
9.6919,6.2112,1.1177,2.513,0 
7.6676,8.5703,2.6323,3.3934,0 
9.1434,7.9499,2.2524,0.3561,0 
8.2709,6.2406,0.9745,2.9946,0 
6.7794,9.8483,2.1991,3.4074,0 
9.1356,7.3702,0.5386,3.0032,0 
7.8015,7.6538,1.0013,1.7874,0 
8.6355,8.4292,1.2984,2.8517,0 
8.7036,9.4446,1.3593,4.1029,0 
6.2726,7.4091,2.2718,1.595,0 
11.2019,7.933,3.1759,1.6459,0 
9.7528,7.5089,2.8743,0.8886,0 
10.3204,8.1526,1.5778,3.2183,0 
8.2973,7.4591,3.2024,0.3009,0 
10.815,7.955,1.6129,1.3353,0 
10.4586,6.496,0.969,2.3389,0 
7.6531,7.8321,3.1707,4.1432,0 
6.6296,7.7845,1.2834,0.8574,0 
7.5307,7.7321,1.938,3.4456,0 
10.6853,6.6967,2.2945,2.3205,0 
10.2116,8.7363,1.4735,1.3029,0 
8.2616,10.0893,1.5133,1.559,0 
10.4009,9.2892,0.6337,1.4404,0 
6.9284,9.6932,0.5118,1.559,0 
8.0035,8.7475,2.9992,0.7471,0 
9.1555,8.1787,1.7911,0.9092,0 
10.0072,7.5451,0.8836,2.9543,0 
9.2868,6.7845,1.8871,0.2015,0 
8.9538,10.1541,3.0286,1.0302,0 
10.1371,7.6318,4.202,1.6129,0 
11.0314,8.0189,0.1702,2.1649,0 
8.3687,8.4617,0.9731,-0.0145,0 
9.0308,8.6703,1.7111,3.3222,0 
8.7674,7.2373,1.2002,0.7615,0 
9.8723,7.754,1.2906,2.6218,0 
9.7784,7.9658,1.4897,1.6455,0 
11.0307,5.7154,0.5975,1.766,0 
9.2443,8.6145,0.2586,1.8002,0 
9.0907,8.2186,1.7446,0.5679,0 
7.0295,8.6599,4.1229,2.4803,0 
10.2986,9.0674,2.477,3.5448,0 
10.0388,8.7069,2.3809,1.2864,0 
8.3909,7.398,2.6144,3.0446,0 
9.8069,7.8149,2.8831,3.9937,0 
8.2438,6.9691,3.0766,2.9757,0 
9.6,7.8307,1.1879,1.5684,0 
9.6991,9.0071,2.3289,3.2871,0 
9.2274,8.982,1.3344,1.5474,0 
9.7131,7.1484,0.7899,1.4432,0 
10.4238,8.3327,0.6445,1.8309,0 
8.0085,7.6967,2.3744,2.4318,0 
10.3899,9.3083,1.8136,3.4589,0 
10.2971,7.1572,1.9564,2.1075,0 
10.3126,8.735,3.3769,2.1259,0 
8.9654,7.6386,3.126,2.0468,0 
9.76,9.3227,3.5966,1.5416,0 
10.0244,8.5093,2.9201,3.3744,0 
9.0958,7.5626,1.8191,2.7137,0 
8.739,8.4816,2.3081,3.7101,0 
7.7635,7.2066,2.2593,0.8159,0 
9.3718,8.5391,0.7517,0.4794,0 
11.9158,9.6909,2.3878,0.7743,0 
6.4345,8.0126,3.073,2.0526,0 
9.0972,8.325,1.4973,2.0551,0 
9.7749,8.977,3.2367,1.8275,0 
8.9926,10.6569,3.0049,2.1796,0 
8.6532,9.3041,1.6847,4.2503,0 
9.3978,9.9311,1.6472,1.0493,0 
8.9626,7.8801,1.0769,1.5182,0 
10.1411,7.9067,-0.2545,0.938,0 
8.2912,7.9783,3.7997,2.147,0 
9.0601,6.8754,0.3993,2.6261,0 
9.0942,8.0727,3.6446,1.8649,0 
10.9928,8.3547,1.0278,1.8498,0 
7.8241,8.2433,1.7183,3.8172,0 
8.7198,8.6383,1.3719,2.8061,0 
9.3004,6.2945,2.463,3.1397,0 
8.5913,7.5469,3.3723,2.0631,0 
8.3127,7.6658,0.8331,-0.1292,0 
8.2368,6.5449,2.0546,3.4384,0 
8.3384,6.9568,1.0428,0.093,0 
10.2861,7.6176,-0.0534,2.1209,0 
9.1043,8.7779,4.227,1.6576,0 
9.7988,7.0259,2.8667,1.4964,0 
11.6228,7.9269,2.5424,1.8093,0 
8.5874,6.6972,2.3854,0.9806,0 
7.8008,5.3704,2.2535,3.4037,0 
8.3564,8.6166,1.7493,1.4803,0 
8.7828,6.9707,1.4344,3.2936,0 
8.4785,8.9809,0.9296,2.4878,0 
9.4076,8.6507,1.3129,2.1674,0 
10.7104,8.8112,4.4851,3.1797,0 
9.0523,6.9607,1.8059,1.9444,0 
11.5345,7.2193,2.6625,0.7518,0 
9.2683,9.08,3.695,2.232,0 
8.7709,8.2732,2.3118,1.4244,0 
10.0149,7.535,3.5206,2.7572,0 
9.5763,6.628,1.5842,2.802,0 
9.6574,7.2926,0.9702,0.445,0 
8.2064,9.6117,2.1391,1.5173,0 
8.2405,7.5285,1.1161,2.1631,0 
7.3438,6.9429,1.0257,1.2756,0 
9.632,6.9955,3.7812,1.9911,0 
8.4521,7.0809,2.5932,2.2901,0 
8.334,7.3999,2.1492,2.205,0 
8.1829,8.5961,1.06,2.8418,0 
9.8891,9.1403,1.5166,1.6476,0 
10.0549,6.5044,0.3514,3.8336,0 
7.2094,8.1052,1.8252,3.5891,0 
9.0006,8.8332,2.4983,4.6085,0 
10.0062,8.5683,0.9715,1.1457,0 
8.3649,7.2543,2.2371,2.0041,0 
9.6769,7.6032,1.4509,2.2809,0 
8.795,8.0572,2.323,1.1242,0 
9.7103,7.4376,0.4923,1.3851,0 
9.8342,8.0952,1.7756,0.5823,0 
8.9944,9.3082,3.2238,2.2143,0 
8.4103,10.2963,0.7444,2.1766,0 
8.4995,6.5637,1.4535,3.1483,0 
9.0232,8.7114,2.7005,3.3374,0 
7.8855,8.6346,0.8073,1.7695,0 
8.4368,7.1658,1.9587,2.6747,0 
8.4112,8.5408,2.7737,2.2571,0 
9.232,9.0021,2.7056,2.4468,0 
9.063,7.2375,3.0616,1.0151,0 
8.2788,8.7508,0.7911,2.9335,0 
9.6731,7.6757,1.8629,3.1407,0 
8.745,8.0821,2.0091,1.4551,0 
8.1421,8.8567,2.671,2.7288,0 
11.8952,8.7198,0.7586,3.8389,0 
8.3284,8.1714,0.2256,1.0599,0 
8.114,6.9066,1.8485,4.662,0 
8.453,8.4052,3.4357,1.2596,0 
8.6551,8.0135,2.7081,3.4971,0 
8.2488,7.6195,1.52,1.4465,0 
8.0714,7.8236,2.2317,2.3025,0 
9.9101,6.9863,1.3341,0.7201,0 
8.7691,8.3062,0.4567,3.6753,0 
10.1575,9.0999,1.4147,2.8284,0 
8.3234,8.5929,2.3899,1.2636,0 
8.5935,7.1275,2.302,1.5529,0 
9.7995,7.5467,3.1422,1.4224,0 
7.656,8.4927,2.5219,2.3598,0 
9.664,8.2822,2.8247,0.6629,0 
8.0966,8.5557,1.7243,2.1194,0 
8.1644,7.8278,2.098,2.2908,0 
9.1307,7.7867,2.2533,1.3199,0 
10.5693,9.6272,2.0858,1.1691,0 
8.2964,7.6827,2.7259,-0.8167,0 
9.4028,7.8224,1.2955,2.1632,0 
10.7762,8.5301,0.6719,3.2399,0 
9.4855,9.2265,1.2712,1.9882,0 
16.0424,5.4388,2.0267,3.3355,1 
18.9452,6.2044,2.781,0.9626,1 
16.2235,5.8922,1.6455,1.9734,1 
16.6611,6.2477,2.0714,2.4605,1 
14.7492,5.0302,1.3029,2.8765,1 
17.3823,4.3588,3.5294,2.3638,1 
15.9079,6.6563,1.2925,-0.0018,1 
15.1963,6.4314,3.0099,1.5984,1 
17.1971,5.9582,3.6024,2.787,1 
15.8609,5.6545,4.9453,0.995,1 
15.3246,5.3577,1.5038,1.7105,1 
14.5535,4.4064,0.5932,2.7078,1 
15.6443,6.0423,1.0731,1.1954,1 
16.9193,5.4367,0.617,2.805,1 
17.7006,7.6675,0.8714,1.1452,1 
14.2246,5.9088,2.3467,3.7498,1 
15.1217,7.4169,2.8855,3.6282,1 
16.5883,4.3631,3.5769,1.7074,1 
13.8365,5.5371,3.4676,1.4142,1 
15.4584,5.4416,1.1294,1.2989,1 
13.4823,7.3816,2.2093,2.6245,1 
15.2405,4.5913,1.1455,1.0865,1 
16.8866,5.2228,1.4773,1.4576,1 
17.4639,4.8492,1.1282,1.8822,1 
16.1658,5.6057,2.5657,3.6092,1 
16.1257,5.8972,2.0332,0.3373,1 
16.047,6.0827,3.2499,1.7834,1 
15.4157,7.9052,1.6956,2.8842,1 
15.115,4.9551,1.536,1.6631,1 
16.6122,7.4071,1.9405,2.3101,1 
15.8739,5.2236,2.9866,1.1793,1 
15.3408,7.8387,2.7716,2.5855,1 
17.4375,7.2633,2.6981,1.6871,1 
14.1631,6.6826,1.8598,1.4634,1 
15.3667,4.8156,2.3985,2.2149,1 
16.142,5.7324,1.4282,1.2182,1 
17.3636,6.1901,2.2275,-0.0561,1 
16.8911,5.7142,2.9141,3.5044,1 
15.9225,6.7597,0.7558,3.3918,1 
16.4052,5.6053,1.456,3.5665,1 
16.6971,8.0448,1.0827,2.2207,1 
14.7573,6.4326,0.1996,1.6391,1 
16.0371,7.1687,1.3572,0.4406,1 
15.6174,5.1767,3.304,1.8384,1 
15.2912,6.3121,1.095,1.5918,1 
15.1452,5.5275,0.4645,1.4519,1 
15.6281,7.7128,3.7188,2.7918,1 
16.5187,8.1799,0.5371,1.8004,1 
17.382,5.3177,2.8959,3.214,1 
15.7116,5.3419,3.0148,1.2407,1 
18.9255,7.7366,2.1184,2.9651,1 
18.2098,5.643,1.4382,2.8826,1 
15.4775,5.8182,-0.2381,3.4397,1 
15.3388,5.9752,3.2916,2.5092,1 
15.6805,4.4587,4.0177,1.5396,1 
15.3587,8.4863,2.9257,2.3528,1 
14.5659,5.2219,2.6518,2.3327,1 
16.0742,5.347,2.5171,3.6452,1 
15.9695,5.434,3.0837,2.1008,1 
15.4028,5.3593,2.6453,1.5874,1 
15.5617,6.5866,0.1518,1.1896,1 
16.5997,5.5603,2.5189,1.2794,1 
15.611,6.5587,2.5711,1.619,1 
13.9514,7.4672,-0.2115,1.9581,1 
16.3312,7.7202,1.7707,0.5739,1 
14.5747,6.5077,2.7468,2.9062,1 
15.4195,5.7516,1.617,2.2515,1 
17.1548,6.3665,1.1001,2.9424,1 
17.1529,6.0591,4.4074,2.4633,1 
15.2858,5.3103,3.1508,1.6391,1 
16.0286,7.7829,1.9046,3.3429,1 
15.2825,6.1995,1.5539,3.2769,1 
17.4763,5.2763,2.561,2.5543,1 
17.1898,6.3198,1.3969,2.4814,1 
15.2659,4.4931,3.7237,1.9078,1 
17.0424,6.0019,1.8085,0.5436,1 
14.7278,7.0189,0.5478,2.0765,1 
16.3665,4.9196,2.1839,1.5745,1 
16.4726,7.2794,3.9585,1.3625,1 
16.6015,7.7799,1.325,1.7553,1 
16.4325,7.139,2.4673,2.3502,1 
15.7314,8.1412,2.2521,0.1108,1 
16.2214,6.6568,2.0806,1.5498,1 
16.7763,6.6283,2.7986,1.73,1 
14.6436,5.5631,3.4773,0.8323,1 
16.4313,5.1653,1.1068,1.7295,1 
16.1757,5.5639,1.4772,-0.405,1 
15.1157,2.96,2.5255,2.0611,1 
15.4279,6.6238,0.9156,3.2537,1 
17.8979,4.8319,2.6471,1.9337,1 
16.1103,6.0314,3.1673,3.0119,1 
18.6106,4.5007,0.6932,4.2581,1 
15.4149,6.6268,3.2305,1.379,1 
16.489,5.7576,1.9472,2.3707,1 
15.4499,3.8313,1.5433,0.9894,1 
14.7743,5.3443,3.0796,1.6931,1 
16.9317,5.5155,0.7922,1.3451,1 
17.3619,6.9535,0.949,5.0511,1 
16.4397,7.0243,1.7099,1.8378,1 
16.2553,4.9396,0.9957,2.7496,1 
15.5334,4.6611,2.2079,2.3477,1 
17.0777,5.4788,0.921,0.75,1 
14.0874,7.5511,1.9887,2.5114,1 
16.315,6.3631,1.146,3.1652,1 
14.4581,6.3623,1.7249,2.777,1 
15.3996,4.8439,1.3856,1.6877,1 
16.3378,5.8961,1.0399,0.8614,1 
16.4882,5.7775,2.7305,3.2749,1 
15.9084,6.5156,-0.3096,3.0386,1 
17.3094,5.6246,0.4046,0.2597,1 
17.4596,6.3135,2.2063,1.0935,1 
17.2923,6.4199,2.8492,2.9706,1 
16.4669,7.4618,3.1452,1.1969,1 
15.8805,6.7226,4.0019,1.9488,1 
14.4599,5.2732,1.569,2.8063,1 
16.1098,6.9606,2.2739,2.4378,1 
16.3233,4.4124,1.778,1.4933,1 
14.5092,5.2266,2.0566,2.7182,1 
14.8633,4.9949,1.4499,2.7597,1 
16.0902,7.6564,2.1082,1.4147,1 
15.7678,8.6005,2.4247,2.4236,1 
15.6037,5.8452,1.1966,2.1582,1 
15.5386,5.9208,4.9664,2.8287,1 
15.8439,6.0242,3.581,2.1665,1 
15.1336,4.5256,0.3687,3.2572,1 
15.9393,6.8471,2.2521,2.1838,1 
16.8935,8.1776,2.1738,2.8476,1 
17.205,6.7791,0.7492,1.9428,1 
17.8345,6.9555,2.2778,2.507,1 
15.2831,4.9485,1.5179,2.7343,1 
15.1684,6.1765,0.4785,2.0865,1 
15.8325,6.5062,1.7004,1.7776,1 
16.7786,6.1524,0.1462,2.3681,1 
15.4097,5.6477,5.2416,0.5054,1 
14.3406,9.1309,0.9351,2.6792,1 
14.2285,6.513,1.6531,2.4353,1 
15.2972,6.4442,2.5134,4.217,1 
16.8381,5.6934,3.2025,1.308,1 
17.3754,5.4062,1.5367,1.2872,1 
16.8985,6.4696,2.7205,2.7677,1 
14.5195,5.7699,0.8576,1.9926,1 
16.5183,4.1915,2.5666,1.4538,1 
17.8825,5.6649,1.4289,-0.2317,1 
17.1613,4.7402,0.3484,2.1311,1 
15.4973,6.9044,2.6092,2.7653,1 
17.1674,5.2832,0.4377,2.1611,1 
17.0023,4.6403,0.9247,2.3702,1 
19.1273,6.4966,2.4315,2.4812,1 
15.3948,8.4169,2.6685,1.274,1 
14.9986,7.2895,0.7388,2.7228,1 
16.6828,6.627,2.8236,1.2878,1 
14.2767,4.648,0.6946,1.2405,1 
15.2413,4.8402,0.703,4.3733,1 
17.3352,5.9367,4.3294,2.8664,1 
15.405,5.3285,2.0881,-0.0013,1 
15.0459,6.0105,1.0884,1.3081,1 
16.6646,7.2923,1.8989,3.0377,1 
17.0313,7.1578,2.659,3.0589,1 
16.0554,6.3088,2.1675,2.4931,1 
18.1979,6.2871,2.098,1.0667,1 
15.8877,5.9312,2.1305,2.0801,1 
15.011,3.7006,2.0444,2.3479,1 
15.4984,5.6485,2.9061,2.0065,1 
16.5344,5.0818,2.0096,2.1704,1 
15.467,5.8369,-0.2579,1.0915,1 
16.3713,6.7838,2.9323,2.4891,1 
15.1458,6.8451,2.5731,1.5775,1 
16.7317,5.3991,3.1322,1.9447,1 
16.8717,7.5042,0.6709,2.1256,1 
15.7194,6.2997,2.3589,0.0782,1 
16.1714,5.1196,2.3031,3.1031,1 
16.4845,4.9091,2.8186,0.8124,1 
16.7704,4.4486,0.535,2.3346,1 
16.647,4.4219,1.9305,1.6881,1 
17.4424,5.9018,0.8064,2.2028,1 
17.0826,6.4216,1.4246,1.2073,1 
15.4089,7.3104,3.1903,2.5961,1 
16.8515,5.5158,1.3201,2.2489,1 
15.8372,5.8407,2.7764,1.5432,1 
15.7041,6.0475,-0.294,-0.1236,1 
14.8528,5.6065,0.9837,1.8279,1 
16.5336,6.6067,1.3584,-0.1053,1 
16.5378,6.7947,0.7727,2.8583,1 
17.1199,4.4273,0.8889,2.979,1 
15.3167,2.7625,2.8647,0.182,1 
14.9473,7.2349,3.1012,1.9358,1 
13.8078,7.1753,4.8292,0.844,1 
16.5066,5.9349,1.9144,2.3866,1 
16.3718,4.1777,2.82,2.0602,1 
15.9331,6.8029,1.6177,1.8359,1 
14.8304,8.2199,0.9494,4.1045,1 
16.5033,5.2691,3.7791,2.7959,1 
15.9724,6.3066,3.6361,1.9383,1 
15.5745,5.1981,1.4803,1.4422,1 
14.4602,7.0337,3.3156,1.7963,1 
17.0728,5.7555,0.9543,1.4431,1 
17.6218,7.7606,0.9683,1.8427,1 
15.9339,5.7724,2.2226,2.6732,1 
17.1112,5.5756,2.653,2.4342,1 
16.526,5.0391,1.6202,1.7191,1 
16.2004,6.0856,1.69,1.9459,1 
15.5112,6.4648,4.613,1.6813,1 
15.313,5.0607,1.8412,0.3729,1 
17.3068,7.3023,1.9812,2.3607,1 
16.1648,3.3404,2.4662,1.3854,1 
17.8492,5.3049,2.9132,2.5825,1 
15.9406,6.4998,3.1947,3.0502,1 
15.8178,4.7725,2.8872,1.7427,1 
16.0803,5.3361,1.0947,-0.3455,1 
16.783,4.6015,-0.0945,3.1141,1 
15.6923,8.3917,1.6467,0.8586,1 
15.0438,6.1488,0.4651,1.6668,1 
15.5725,6.8424,2.8687,3.8121,1 
16.4281,6.1729,2.7793,1.3017,1 
16.6645,5.1153,3.5252,2.4701,1 
16.8153,6.1213,1.0743,1.7283,1 
14.9905,5.3445,2.0061,4.1618,1 
16.8159,5.4682,1.6058,0.792,1 
15.1668,7.0322,2.9357,4.1143,1 
14.4351,6.1482,2.4122,1.6201,1 
16.935,6.984,1.5438,3.6649,1 
15.6303,5.6851,1.1489,2.7646,1 
15.3122,6.4907,2.3126,4.2865,1 
17.2267,7.1391,1.6591,1.6552,1 
15.9747,5.5141,1.3421,1.7576,1 
15.6645,6.068,1.9049,1.7247,1 
15.5715,5.3249,2.2236,3.0095,1 
16.6107,7.7809,1.1845,1.9953,1 
15.5517,6.2147,3.0042,1.3116,1 
15.6162,5.2733,2.7736,0.6536,1 
18.3452,5.3238,2.0171,1.2584,1 
15.1091,4.8517,2.0946,2.6384,1 
15.6787,4.6023,2.588,2.8416,1 
16.0929,5.5896,2.0886,1.454,1 
16.2425,5.5079,2.54,0.8241,1 
17.0092,6.378,2.7834,2.4082,1 
15.9531,6.1742,2.3025,3.1339,1 
14.7947,6.8479,0.7306,1.6674,1 
17.1143,8.3395,3.9633,1.949,1 
16.2485,8.6985,1.7194,1.7866,1 
16.1153,5.6817,2.1257,-0.2082,1 
16.1549,4.8057,2.3078,2.5608,1 
18.056,6.7796,3.2447,0.579,1 
17.375,6.2022,1.3752,1.8881,1 
15.535,5.9174,2.0009,1.9028,1 
17.3005,7.5712,2.3537,2.6766,1 
16.2289,5.8363,1.9553,1.5546,1 
16.4889,6.117,2.2591,2.5972,1 
16.5664,5.8145,1.703,-0.6241,1 
15.4416,6.381,1.0583,1.4649,1 
13.8108,5.8779,0.7692,2.6594,1 
14.3621,7.178,2.4009,2.0079,1 
15.645,6.3709,-0.0393,3.276,1 
15.3461,5.6266,3.0867,2.4357,1 
16.2517,6.4446,2.8143,1.8878,1 
16.1832,5.0997,3.2554,1.7472,1 
17.037,5.2921,3.2476,1.9456,1 
15.7922,6.8711,3.2966,1.3639,1 
16.0735,6.1592,2.7733,1.0206,1 
14.6503,5.1493,1.3492,4.3328,1 
16.5786,5.7917,3.0416,0.6725,1 
15.936,7.0439,1.7376,-0.4842,1 
16.9818,5.9639,1.9547,1.8258,1 
15.1714,6.0001,1.3878,1.1539,1 
15.547,5.8437,1.9414,1.7055,1 
14.9466,3.5222,1.4899,2.1234,1 
16.4703,7.6703,1.1407,3.0321,1 
15.3308,4.7406,0.6707,1.9492,1 
16.926,5.1578,3.3642,1.0429,1 
16.0803,7.2654,4.1067,1.7427,1 
13.8413,4.4331,2.08,0.3732,1 
15.7683,5.9529,3.3679,2.3582,1 
17.2992,5.7894,3.7668,2.5096,1 
16.9564,7.7905,3.2612,1.3661,1 
15.1052,6.8323,-0.2358,1.274,1 
18.8182,6.6756,1.124,1.7179,1 
16.6061,6.3786,1.2415,2.6792,1 
15.0724,4.9928,0.5268,1.0894,1 
14.4035,4.8865,1.9667,1.7259,1 
15.8566,5.4212,1.9423,2.4635,1 
15.0921,8.1225,1.7709,2.246,1 
15.5167,6.6809,0.9131,2.2898,1 
16.8199,6.9309,1.3189,3.0463,1 
16.3312,6.5679,2.0185,2.635,1 
16.7554,7.6997,1.8123,1.0077,1 
17.0776,5.3287,0.7596,0.5423,1 
17.3471,4.9338,2.1484,1.7537,1 
15.5375,5.0485,1.5451,3.7254,1 
15.4702,4.5334,2.0577,1.9369,1 
15.1519,6.6194,2.533,3.2637,1 
14.2512,5.03,2.1263,2.0387,1 
17.0987,7.7325,1.8385,3.7786,1 
14.8098,6.2482,0.7844,1.4268,1 
15.8513,5.0355,3.5916,1.2158,1 
15.7349,5.4161,1.2062,3.2412,1 
14.4916,6.0149,0.1796,1.7233,1 
16.6006,5.5695,3.0428,1.9069,1 
15.823,7.1201,3.2916,2.8824,1 
14.5134,6.4614,1.8677,0.0434,1 
15.9741,6.5812,2.15,1.3533,1 
16.3775,5.6647,3.1192,1.1232,1 
16.3453,5.5398,1.8644,0.7274,1 
16.46,6.0424,0.6024,1.8692,1 
15.8922,5.4029,4.1174,2.4524,1 
15.1207,6.7675,2.4094,2.1801,1 
16.4929,5.7631,3.1618,1.3426,1 
14.4497,5.9007,2.5936,1.8089,1 
18.2576,6.1608,1.8993,1.3858,1 
16.7027,6.2256,3.1437,1.3732,1 
16.1593,5.017,2.6385,1.0505,1 
16.2331,4.6103,1.1297,1.9458,1 
16.4929,4.7861,2.4266,1.8826,1 
16.2095,6.7519,3.3534,0.9202,1 
17.0857,8.9429,2.0143,3.3286,1 
16.5474,5.155,1.5545,2.9739,1 
16.308,5.1977,1.533,2.4286,1 
15.6095,6.5312,3.8784,2.0381,1 
17.5879,4.9103,2.492,1.6732,1 
15.0594,4.3113,2.6175,1.4617,1 
14.4903,5.9839,1.8821,3.6165,1 
18.6447,4.7,1.7645,1.3786,1 
17.3048,5.4202,2.0412,0.9753,1 
16.1881,5.9652,0.8682,3.0345,1 
16.4514,6.1487,2.6501,1.0385,1 
15.4744,4.6495,4.5706,3.0122,1 
17.0938,5.9903,2.7237,2.5971,1 
16.9848,5.8448,2.2829,2.0804,1 
16.0223,6.688,1.8486,3.5025,1 
15.3759,7.1421,1.7914,0.5606,1 
14.9843,4.9973,2.5536,2.9006,1 
14.7123,6.9579,2.5096,1.83,1 
16.2269,5.666,2.1999,0.4907,1 
14.8093,4.4141,1.1611,2.0839,1 
16.6384,5.2917,3.1659,2.5726,1 
16.1218,8.4648,0.6114,2.3588,1 
17.8699,6.2913,1.7933,2.5534,1 
15.2331,6.9876,1.5858,2.8197,1 
14.178,4.7173,3.1201,1.7232,1 
16.8591,7.8407,3.0538,0.8589,1 
16.0196,5.1506,3.1405,2.0302,1 
15.8702,5.1442,0.6763,2.3911,1 
15.4167,6.5267,3.0722,2.0317,1 
16.5029,5.621,3.8055,2.8007,1 
17.4223,5.7375,1.3448,0.8972,1 
14.8605,6.743,1.6734,2.3655,1 
14.3803,5.2571,4.0772,1.2216,1 
16.7399,5.4688,0.1799,2.1196,1 
14.5666,6.6393,3.1189,1.715,1 
15.3408,6.1095,2.6472,1.5032,1 
16.0494,6.4185,2.5668,0.8121,1 
16.3415,4.5994,-0.0909,3.8265,1 
16.7577,6.7022,0.6003,1.1159,1 
14.6458,6.8371,2.3312,1.1165,1 
16.0153,6.7207,2.1773,2.2663,1 
17.31,7.4952,2.854,0.544,1 
17.8303,5.1097,0.547,1.3572,1 
16.6888,6.0487,0.6255,3.8215,1 
17.3934,5.2391,2.539,1.0342,1 
15.5861,5.0874,3.2342,1.0337,1 
15.9356,6.4327,2.4843,3.1637,1 
16.1154,6.7548,3.823,3.582,1 
17.885,5.6474,1.848,0.8264,1 
17.5126,4.1313,2.629,1.1421,1 
16.4456,5.9388,1.7601,1.6776,1 
15.5185,7.6145,0.6328,1.6554,1 
15.4649,4.5242,1.4148,2.8546,1 
15.1058,8.2721,1.6897,2.2094,1 
17.211,5.5516,0.5586,2.381,1 
15.7816,5.0379,2.0931,1.3881,1 
17.692,4.599,1.5042,0.9232,1 
15.0884,5.331,2.5663,3.1357,1 
18.1679,3.7034,2.0353,2.3721,1 
17.4547,7.1727,2.0426,4.0197,1 
16.0082,5.6591,2.7925,3.1444,1 
15.9975,5.9102,1.3216,1.5703,1 
15.4693,5.3397,2.2525,1.5779,1 
16.23,6.4935,0.5566,4.0517,1 
15.444,5.7153,0.268,1.5719,1 
15.514,5.431,1.5091,2.948,1 
16.3922,5.9176,1.9574,0.476,1 
16.7239,6.3107,3.1165,1.9942,1 
13.7671,5.3241,2.7011,3.3456,1 
16.443,5.0559,3.3553,0.5767,1 
14.3098,6.7218,1.0549,2.2229,1 
15.7782,7.3332,5.0261,0.0086,1 
15.7456,6.6841,0.1934,2.5462,1 
16.5779,5.2135,2.6252,1.9532,1 
15.2832,4.3896,2.2367,3.5182,1 
16.1022,5.7028,4.7353,1.9212,1 
17.5146,4.9692,1.8936,1.6892,1 
16.7983,7.441,1.6091,1.5215,1 
16.787,6.6248,1.0806,2.2219,1 
16.2874,6.3259,2.993,1.7262,1 
16.7647,4.8106,1.9224,1.3865,1 
14.3791,9.4669,1.9837,2.297,1 
14.5567,6.9618,1.3494,0.6558,1 
15.4852,6.167,1.8077,2.5752,1 
16.0582,4.8323,3.5049,1.0715,1 
16.0225,5.538,2.681,1.2651,1 
17.3332,5.3623,3.2039,2.0343,1 
16.0459,5.3096,4.1652,2.758,1 
16.1654,3.9048,1.0077,3.2412,1 
16.6212,6.508,2.3937,2.33,1 
15.6039,6.29,0.8196,1.1454,1 
15.3998,6.7196,2.5579,1.1334,1 
16.5957,5.8631,1.9485,1.5655,1 
16.2586,5.257,1.6099,2.3389,1 
14.2762,6.2756,2.1752,2.471,1 
14.4496,5.6562,2.3939,1.4883,1 
15.5547,5.6678,0.8152,0.5982,1 
14.8235,5.2309,2.9341,3.3657,1 
16.7438,5.7408,0.5178,0.8514,1 
16.3262,5.477,2.1583,1.6516,1 
17.6147,7.6043,0.6042,3.7402,1 
16.6645,6.8953,2.8886,1.1289,1 
15.2699,4.4742,1.8143,-0.1653,1 
16.5705,6.597,1.6648,3.1609,1 
14.3002,4.5216,3.0898,2.5826,1 
15.4056,7.1887,2.078,3.7426,1 
17.3869,8.1229,1.2104,0.9692,1 
16.054,7.7226,0.8685,2.2355,1 
15.2917,5.4662,2.2882,2.0599,1 
16.0002,4.6444,3.3318,1.4105,1 
14.7255,6.3373,1.5812,2.4508,1 
17.0316,7.1924,0.9068,2.016,1 
16.1817,6.9065,2.3969,1.0672,1 
16.8456,7.4064,1.9948,2.2655,1 
15.8823,5.4061,0.7194,2.3431,1 
15.9632,8.1391,1.4529,2.7088,1 
16.5568,6.2069,3.6433,2.943,1 
17.1161,5.7687,3.3184,2.6802,1 
15.4501,4.9993,1.9044,1.5283,1 
16.3512,6.1196,1.5285,2.4177,1 
15.294,5.1499,2.9805,1.4355,1 
14.3515,6.3896,0.2099,1.5227,1 
16.109,6.8997,2.3964,2.6183,1 
17.2707,7.2616,3.1166,1.7535,1 
14.8962,7.3282,2.3218,0.8987,1 
16.441,5.8735,1.1736,1.6997,1 
17.3515,6.1361,2.0797,1.8963,1 
15.4644,5.4915,1.2617,0.719,1 
16.5466,4.3653,2.196,1.8832,1 
16.7782,5.8979,1.5981,2.0051,1 
16.4783,5.246,2.2141,4.3657,1 
14.3189,6.8977,-0.082,2.917,1 
17.6141,6.092,2.1882,1.2248,1 
16.151,6.1562,0.1442,-0.0869,1 
16.1813,6.0637,0.7317,2.3632,1 
18.8777,6.4276,1.6571,1.1183,1 
16.1497,5.4471,2.5912,0.6733,1 
16.175,6.7452,2.2562,2.6868,1 
14.9025,5.3203,1.0147,1.5848,1 
16.5804,6.247,2.7324,1.6617,1 
15.0704,4.319,2.9169,2.7944,1 
16.5653,5.219,2.5089,1.2199,1 
19.2422,4.7471,2.3825,2.6397,1 
15.8987,5.5201,0.8558,2.9949,1 
14.8648,5.9313,2.9231,2.5051,1 
14.8899,6.1835,1.2079,1.5313,1 
16.478,6.3934,1.7653,3.1649,1 
15.2256,4.8507,1.2756,1.0041,1 
15.8979,5.2509,3.9695,0.0388,1 
14.6378,5.4382,2.1596,2.1021,1 
13.3496,5.9683,0.4913,0.092,1 
16.5661,5.5315,1.9251,4.0447,1 
16.1106,7.1535,2.2927,0.6044,1 
16.5154,4.7961,1.5472,1.8976,1 
16.4021,6.6056,2.5969,1.7742,1 
16.7143,6.9748,0.97,3.7025,1 
15.8273,7.496,0.4309,2.5587,1 
15.7787,5.768,1.0535,0.5741,1 
16.0329,4.3845,2.4644,3.4392,1 
17.0775,7.1336,1.8783,0.9832,1 
14.43,5.6421,1.9633,1.338,1 
14.3089,5.5825,1.0483,0.943,1 
16.0404,4.6786,3.9982,0.6762,1 
15.8149,6.5578,2.2529,1.0439,1 
16.2252,5.0651,0.7935,1.9535,1 
18.8838,6.566,3.3405,0.8616,1 
17.5184,8.5646,2.2998,2.3554,1 
16.5951,6.6494,1.8034,2.51,1 
17.0582,6.5886,1.0521,2.1261,1 
16.8821,6.3592,2.202,2.7058,1 
14.7666,8.2547,1.5813,3.198,1 
15.8983,5.7263,0.4889,3.932,1 
15.5039,5.9625,-0.0642,1.7088,1 
16.8472,5.0976,1.6863,1.8638,1 
14.6014,4.4908,2.5677,2.3361,1 
16.3375,5.3519,2.0386,2.8938,1 
17.4628,5.7613,2.1918,1.9651,1 
16.6571,6.8939,3.5463,2.0392,1 
16.616,3.721,0.3973,3.0945,1 
16.4279,4.6608,1.5179,0.773,1 
14.056,6.5668,1.6564,-0.4364,1 
13.9381,4.6879,2.0144,-0.662,1 
16.9326,6.4654,2.7634,0.9599,1 
16.3905,5.1819,4.3133,2.0271,1 
17.4233,6.5294,2.4349,2.8682,1 
15.3393,6.4601,2.7907,1.1036,1 
17.4193,5.3077,2.4631,1.8573,1 
