1,1,-0.8045 
1,2,0.3209 
2,1,-0.0255 
2,2,0.6443 
3,1,-0.3008 
3,2,0.3895 
4,1,-0.1074 
4,2,-0.48 
5,1,0.595 
5,2,-0.4647 
6,1,0.6673 
6,2,-0.8061 
7,1,-1.1961 
7,2,-0.406 
8,1,-0.1824 
8,2,0.1032 
9,1,-0.1384 
9,2,0.7057 
10,1,1.2718 
10,2,-0.9867 
11,1,-0.3348 
11,2,-0.0995 
12,1,0.4072 
12,2,0.9194 
13,1,0.3121 
13,2,1.5332 
14,1,-0.5502 
14,2,-0.3831 
15,1,-0.8229 
15,2,1.6001 
16,1,-0.0693 
16,2,0.0832 
17,1,-0.3269 
17,2,-0.0458 
18,1,-0.3045 
18,2,1.923 
19,1,-0.0787 
19,2,-0.5821 
20,1,-1.618 
20,2,0.8673 
21,1,-1.0404 
21,2,0.6504 
22,1,2.6996 
22,2,0.802 
23,1,-1.0969 
23,2,-0.1781 
24,1,-0.4229 
24,2,-0.3304 
25,1,-1.1112 
25,2,-0.742 
26,1,2.5748 
26,2,1.0732 
27,1,-1.8661 
27,2,-0.6472 
28,1,1.0822 
28,2,0.1767 
29,1,-0.8353 
29,2,-1.695 
30,1,1.1334 
30,2,1.0485 
31,1,-2.1283 
31,2,-1.4371 
32,1,0.1779 
32,2,1.3944 
33,1,0.2913 
33,2,-0.082 
34,1,0.6442 
34,2,0.3281 
35,1,0.8574 
35,2,-0.937 
36,1,0.1801 
36,2,-1.4234 
37,1,-0.3678 
37,2,-1.5233 
38,1,-0.6348 
38,2,0.9874 
39,1,-1.016 
39,2,2.0457 
40,1,0.25 
40,2,0.6512 
41,1,-1.266 
41,2,1.3742 
42,1,-0.6099 
42,2,0.0308 
43,1,0.8197 
43,2,1.4543 
44,1,-0.5837 
44,2,0.4153 
45,1,0.667 
45,2,0.8695 
46,1,-1.2027 
46,2,2.8618 
47,1,-2.6816 
47,2,-1.1688 
48,1,-0.5842 
48,2,0.8182 
49,1,1.5904 
49,2,-0.2583 
50,1,0.447 
50,2,1.9384 
51,1,-0.3903 
51,2,-0.5807 
52,1,1.949 
52,2,-1.8626 
53,1,-0.5684 
53,2,0.9792 
54,1,0.8954 
54,2,-0.2363 
55,1,0.4411 
55,2,-0.9924 
56,1,0.2955 
56,2,0.0422 
57,1,0.7621 
57,2,0.628 
58,1,0.1071 
58,2,-1.5553 
59,1,-2.9059 
59,2,0.7558 
60,1,-1.2996 
60,2,-0.865 
61,1,-1.188 
61,2,-0.9788 
62,1,-1.963 
62,2,-0.4785 
63,1,1.0822 
63,2,1.1031 
64,1,0.69 
64,2,0.3214 
65,1,-0.6005 
65,2,-0.1697 
66,1,-1.3946 
66,2,-0.2132 
67,1,1.2845 
67,2,0.5856 
68,1,-0.5683 
68,2,-0.0438 
69,1,0.9526 
69,2,-0.3274 
70,1,-0.4577 
70,2,0.3513 
71,1,-0.3594 
71,2,-0.5145 
72,1,-0.9911 
72,2,-1.2373 
73,1,-0.6625 
73,2,0.7571 
74,1,-1.2598 
74,2,-0.666 
75,1,0.3877 
75,2,1.1483 
76,1,0.9105 
76,2,-0.1863 
77,1,-0.9999 
77,2,-1.1349 
78,1,0.6377 
78,2,-0.2443 
79,1,0.2357 
79,2,-0.9475 
80,1,0.6974 
80,2,0.8833 
81,1,0.4229 
81,2,-0.3985 
82,1,0.1992 
82,2,-0.6226 
83,1,-0.4451 
83,2,-1.5314 
84,1,-0.0797 
84,2,-1.5921 
85,1,0.1752 
85,2,-1.7921 
86,1,-1.9829 
86,2,-0.5904 
87,1,-0.2905 
87,2,0.821 
88,1,-0.7093 
88,2,-0.0536 
89,1,-0.862 
89,2,0.774 
90,1,0.6457 
90,2,-0.8412 
91,1,1.7628 
91,2,-0.6041 
92,1,-0.3859 
92,2,-0.501 
93,1,0.5822 
93,2,-0.4719 
94,1,-1.1599 
94,2,0.9221 
95,1,-0.4119 
95,2,0.4018 
96,1,2.279 
96,2,0.9722 
97,1,0.12 
97,2,-2.1621 
98,1,-0.7944 
98,2,-0.1748 
99,1,-0.5291 
99,2,0.0378 
100,1,-1.4109 
100,2,0.8397 
101,1,-1.1157 
101,2,-1.3448 
102,1,0.7533 
102,2,2.0093 
103,1,-0.6326 
103,2,-0.248 
104,1,0.4129 
104,2,-0.9242 
105,1,1.3734 
105,2,-2.7497 
106,1,0.0231 
106,2,-0.3417 
107,1,-1.1373 
107,2,1.1344 
108,1,-1.258 
108,2,-1.7643 
109,1,0.1953 
109,2,-2.8227 
110,1,-0.8301 
110,2,0.8739 
111,1,1.4275 
111,2,-0.6809 
112,1,1.9659 
112,2,0.6577 
113,1,1.6346 
113,2,-0.3612 
114,1,-0.232 
114,2,1.4893 
115,1,-0.3253 
115,2,-1.0351 
116,1,-1.1055 
116,2,0.6612 
117,1,-0.5404 
117,2,-1.7181 
118,1,-0.3364 
118,2,0.7447 
119,1,-0.4214 
119,2,0.5316 
120,1,0.7368 
120,2,0.3494 
121,1,0.2792 
121,2,-0.5445 
122,1,1.0466 
122,2,-1.9376 
123,1,-0.9059 
123,2,1.5105 
124,1,-1.3473 
124,2,-0.3041 
125,1,-0.005 
125,2,-0.7542 
126,1,-0.778 
126,2,0.0144 
127,1,-1.3177 
127,2,0.6757 
128,1,-0.3952 
128,2,-0.5512 
129,1,1.2546 
129,2,-0.5813 
130,1,0.2371 
130,2,1.6713 
131,1,0.2056 
131,2,-0.0666 
132,1,-2.1512 
132,2,-0.7932 
133,1,0.6206 
133,2,-0.28 
134,1,0.4669 
134,2,0.4248 
135,1,-1.243 
135,2,0.7051 
136,1,-0.131 
136,2,-1.5424 
137,1,-1.1744 
137,2,-0.2424 
138,1,-1.4976 
138,2,1.7569 
139,1,-1.1016 
139,2,-2.2994 
140,1,1.0058 
140,2,-2.1055 
141,1,1.3426 
141,2,0.5245 
142,1,-0.1181 
142,2,-0.5944 
143,1,0.0366 
143,2,0.9081 
144,1,0.9967 
144,2,0.1883 
145,1,-0.4131 
145,2,-0.9364 
146,1,-0.2718 
146,2,-1.0982 
147,1,-1.2094 
147,2,0.2384 
148,1,-1.0962 
148,2,0.0605 
149,1,0.4866 
149,2,0.9894 
150,1,1.9094 
150,2,-0.8296 
151,1,0.424 
151,2,-1.5668 
152,1,0.765 
152,2,0.3876 
153,1,1.1379 
153,2,-0.3091 
154,1,0.5794 
154,2,-1.0313 
155,1,0.028 
155,2,1.2798 
156,1,0.4626 
156,2,0.2355 
157,1,-0.656 
157,2,-2.1842 
158,1,-0.0005 
158,2,-0.5261 
159,1,0.8885 
159,2,-0.9877 
160,1,0.2191 
160,2,-0.4303 
161,1,-0.2168 
161,2,0.4484 
162,1,0.6617 
162,2,0.5035 
163,1,-0.3659 
163,2,0.7367 
164,1,-0.6485 
164,2,0.3762 
165,1,0.0131 
165,2,-1.515 
166,1,1.9603 
166,2,1.3719 
167,1,-1.5742 
167,2,-1.4558 
168,1,0.0983 
168,2,-2.3261 
169,1,1.3247 
169,2,0.4119 
170,1,0.5918 
170,2,-0.2888 
171,1,0.3605 
171,2,0.6288 
172,1,-0.7289 
172,2,-0.693 
173,1,-0.677 
173,2,0.0033 
174,1,0.1329 
174,2,0.9634 
175,1,0.3844 
175,2,1.3304 
176,1,-0.9231 
176,2,-1.1308 
177,1,-1.4672 
177,2,0.2257 
178,1,0.1642 
178,2,-0.658 
179,1,-1.2636 
179,2,0.8148 
180,1,-0.6572 
180,2,1.2566 
181,1,-0.0936 
181,2,-1.1818 
182,1,0.394 
182,2,0.963 
183,1,-0.5765 
183,2,-0.8499 
184,1,0.2228 
184,2,0.4077 
185,1,0.7774 
185,2,0.0567 
186,1,0.0126 
186,2,0.8651 
187,1,-0.6361 
187,2,2.0609 
188,1,1.9817 
188,2,0.6365 
189,1,1.1612 
189,2,-0.6139 
190,1,-0.0133 
190,2,-0.2926 
191,1,-1.025 
191,2,1.6151 
192,1,0.6719 
192,2,-1.1726 
193,1,-0.2406 
193,2,-1.2383 
194,1,0.25 
194,2,0.2794 
195,1,1.0301 
195,2,0.8356 
196,1,-0.0345 
196,2,-0.3227 
197,1,-0.0127 
197,2,1.9623 
198,1,0.9131 
198,2,-0.0885 
199,1,-0.1578 
199,2,-0.3373 
200,1,-0.3196 
200,2,1.2689 
201,1,-1.7487 
201,2,-0.0691 
202,1,1.5262 
202,2,0.5312 
203,1,-0.5729 
203,2,-0.3079 
204,1,0.0525 
204,2,1.7173 
205,1,1.6694 
205,2,0.3107 
206,1,0.2266 
206,2,-1.1279 
207,1,1.3501 
207,2,-1.3383 
208,1,1.7304 
208,2,1.9477 
209,1,0.3374 
209,2,1.6517 
210,1,0.3024 
210,2,-0.888 
211,1,0.5219 
211,2,0.0027 
212,1,0.9995 
212,2,0.6599 
213,1,0.4423 
213,2,-0.9922 
214,1,0.2155 
214,2,0.9039 
215,1,1.932 
215,2,0.5546 
216,1,-0.8755 
216,2,-0.8751 
217,1,-1.2786 
217,2,0.7658 
218,1,0.4401 
218,2,-0.5623 
219,1,1.5667 
219,2,-0.5155 
220,1,1.9668 
220,2,1.1434 
221,1,0.7139 
221,2,-0.2165 
222,1,-1.0468 
222,2,0.8745 
223,1,-0.227 
223,2,-0.5824 
224,1,-0.8254 
224,2,-0.1091 
225,1,-0.2631 
225,2,1.3424 
226,1,0.034 
226,2,0.8408 
227,1,0.2223 
227,2,1.1851 
228,1,-1.2809 
228,2,0.1075 
229,1,-0.4213 
229,2,-1.0926 
230,1,0.9854 
230,2,-0.2825 
231,1,-0.483 
231,2,0.793 
232,1,-1.5667 
232,2,0.6936 
233,1,1.0626 
233,2,-0.2515 
234,1,1.0742 
234,2,1.4876 
235,1,-0.4679 
235,2,-1.7468 
236,1,-0.2706 
236,2,-0.7489 
237,1,-0.7826 
237,2,-0.2267 
238,1,-2.3966 
238,2,-0.3867 
239,1,-0.4504 
239,2,-0.8534 
240,1,0.8109 
240,2,1.0417 
241,1,-0.8291 
241,2,0.2845 
242,1,-0.2934 
242,2,1.242 
243,1,0.3435 
243,2,1.0009 
244,1,-0.4549 
244,2,-1.2582 
245,1,-0.6675 
245,2,-0.3854 
246,1,-2.4826 
246,2,0.2883 
247,1,-0.1156 
247,2,0.6883 
248,1,-0.1473 
248,2,1.1993 
249,1,1.0473 
249,2,0.3959 
250,1,-0.3617 
250,2,-0.0041 
251,1,-0.1474 
251,2,1.396 
252,1,0.4376 
252,2,-1.8757 
253,1,1.7568 
253,2,0.6511 
254,1,2.1046 
254,2,0.9886 
255,1,1.5977 
255,2,-0.4609 
256,1,-0.4148 
256,2,1.296 
257,1,-0.4332 
257,2,0.4448 
258,1,1.4383 
258,2,-1.1236 
259,1,-0.9397 
259,2,-1.5524 
260,1,0.4213 
260,2,-1.5178 
261,1,1.6759 
261,2,-0.9076 
262,1,-0.7864 
262,2,-1.3578 
263,1,-0.839 
263,2,-1.2172 
264,1,-0.1777 
264,2,0.6873 
265,1,1.0939 
265,2,1.3877 
266,1,1.2727 
266,2,0.3414 
267,1,1.6951 
267,2,-0.01 
268,1,0.523 
268,2,-1.416 
269,1,0.5081 
269,2,0.3414 
270,1,0.5369 
270,2,0.1955 
271,1,1.2547 
271,2,2.3814 
272,1,1.0043 
272,2,-0.2807 
273,1,-1.3139 
273,2,-0.3351 
274,1,-2.5318 
274,2,-0.1936 
275,1,1.0146 
275,2,1.2095 
276,1,2.577 
276,2,-0.182 
277,1,0.191 
277,2,-0.32 
278,1,-1.0005 
278,2,0.7459 
279,1,-2.4449 
279,2,-0.3556 
280,1,-0.4332 
280,2,1.5553 
281,1,-0.2895 
281,2,-1.18 
282,1,0.8057 
282,2,-0.6679 
283,1,-0.2935 
283,2,-0.2844 
284,1,0.4112 
284,2,-0.136 
285,1,-0.5304 
285,2,0.4484 
286,1,1.0124 
286,2,-0.1822 
287,1,-1.5344 
287,2,0.5795 
288,1,-0.1105 
288,2,-0.3321 
289,1,-1.3556 
289,2,-0.8036 
290,1,-0.5274 
290,2,-0.035 
291,1,0.9569 
291,2,1.513 
292,1,-0.4125 
292,2,0.0977 
293,1,0.4536 
293,2,0.0907 
294,1,-0.5329 
294,2,0.0564 
295,1,0.4103 
295,2,0.2763 
296,1,1.0569 
296,2,1.6743 
297,1,-0.521 
297,2,-0.4646 
298,1,0.2072 
298,2,0.6775 
299,1,0.6892 
299,2,0.3571 
300,1,0.61 
300,2,-0.1532 
301,1,1.1796 
301,2,-0.3052 
302,1,-0.9755 
302,2,-0.4524 
303,1,1.0756 
303,2,0.2862 
304,1,0.3365 
304,2,0.1828 
305,1,1.192 
305,2,-0.1602 
306,1,-0.4062 
306,2,2.2013 
307,1,-1.1357 
307,2,0.8253 
308,1,0.5131 
308,2,-0.1992 
309,1,-2.2502 
309,2,1.1159 
310,1,-0.1779 
310,2,0.6919 
311,1,0.6806 
311,2,-0.2686 
312,1,-0.9742 
312,2,0.4425 
313,1,0.6626 
313,2,0.6439 
314,1,0.1645 
314,2,-1.2078 
315,1,2.1737 
315,2,-2.6982 
316,1,1.5115 
316,2,0.1771 
317,1,1.8968 
317,2,-1.3125 
318,1,-0.3114 
318,2,0.7617 
319,1,-1.9916 
319,2,-0.8589 
320,1,1.1691 
320,2,0.5283 
321,1,0.6218 
321,2,0.0708 
322,1,0.3525 
322,2,1.0346 
323,1,-0.5723 
323,2,-1.3828 
324,1,0.3867 
324,2,1.9752 
325,1,-0.2166 
325,2,-0.9331 
326,1,-0.2627 
326,2,1.0101 
327,1,-1.2612 
327,2,2.1795 
328,1,-2.7352 
328,2,-0.7272 
329,1,0.1487 
329,2,0.7731 
330,1,-0.2183 
330,2,-0.1718 
331,1,1.1316 
331,2,0.2153 
332,1,-1.9403 
332,2,0.0663 
333,1,-0.0803 
333,2,-1.2512 
334,1,-0.6428 
334,2,-1.426 
335,1,0.3369 
335,2,-0.5706 
336,1,-0.803 
336,2,-0.3786 
337,1,-0.086 
337,2,0.3561 
338,1,-1.1661 
338,2,-0.3048 
339,1,0.2904 
339,2,0.3388 
340,1,-0.8414 
340,2,-1.1831 
341,1,-0.5248 
341,2,0.2531 
342,1,1.7359 
342,2,1.8949 
343,1,0.7311 
343,2,-0.2123 
344,1,1.9711 
344,2,0.4042 
345,1,-0.1531 
345,2,-0.799 
346,1,-0.0248 
346,2,0.1905 
347,1,-1.6886 
347,2,0.0238 
348,1,0.0811 
348,2,0.5985 
349,1,-0.195 
349,2,0.1646 
350,1,-0.8402 
350,2,-0.8942 
351,1,-1.411 
351,2,0.487 
352,1,0.1022 
352,2,1.3944 
353,1,-0.3477 
353,2,-1.7871 
354,1,-0.7507 
354,2,-0.786 
355,1,-2.3254 
355,2,1.3097 
356,1,-0.5294 
356,2,0.253 
357,1,2.8712 
357,2,-1.0413 
358,1,-0.1632 
358,2,-0.0531 
359,1,-0.6286 
359,2,-0.4443 
360,1,1.0629 
360,2,-1.7612 
361,1,0.1691 
361,2,-0.5823 
362,1,1.6249 
362,2,-0.6524 
363,1,-0.7338 
363,2,-0.9289 
364,1,0.1658 
364,2,0.8258 
365,1,0.0672 
365,2,1.1043 
366,1,0.0167 
366,2,-1.0729 
367,1,0.244 
367,2,-1.1648 
368,1,-1.2727 
368,2,0.6213 
369,1,-0.0856 
369,2,-1.145 
370,1,-0.34 
370,2,-0.1741 
371,1,-0.5342 
371,2,-0.5169 
372,1,1.091 
372,2,-0.5083 
373,1,-1.8751 
373,2,-1.72 
374,1,-1.8293 
374,2,-0.5655 
375,1,1.6037 
375,2,-1.522 
376,1,-1.4032 
376,2,0.4929 
377,1,0.0361 
377,2,-0.254 
378,1,-0.0628 
378,2,0.0367 
379,1,1.2361 
379,2,-0.3822 
380,1,-1.061 
380,2,-1.2576 
381,1,-0.1313 
381,2,-0.5382 
382,1,0.857 
382,2,1.1605 
383,1,0.0331 
383,2,-0.2811 
384,1,-1.5568 
384,2,-1.1847 
385,1,-0.539 
385,2,0.8312 
386,1,1.4818 
386,2,0.6776 
387,1,-0.3166 
387,2,-1.128 
388,1,-0.855 
388,2,-0.1832 
389,1,0.8806 
389,2,0.308 
390,1,-2.2104 
390,2,1.4041 
391,1,0.678 
391,2,-0.9649 
392,1,-2.3447 
392,2,-0.4115 
393,1,-0.5219 
393,2,0.7543 
394,1,0.5632 
394,2,1.4509 
395,1,-0.6316 
395,2,1.9836 
396,1,-1.2828 
396,2,0.6263 
397,1,-0.1582 
397,2,1.2395 
398,1,0.2922 
398,2,-0.436 
399,1,0.9821 
399,2,0.814 
400,1,-1.5492 
400,2,0.9036 
401,1,0.1289 
401,2,-0.015 
402,1,-0.6751 
402,2,-1.207 
403,1,0.4384 
403,2,0.0757 
404,1,0.5434 
404,2,0.9931 
405,1,0.0258 
405,2,1.5164 
406,1,-0.1901 
406,2,0.0321 
407,1,-1.7413 
407,2,0.7228 
408,1,-1.5711 
408,2,0.4954 
409,1,-0.785 
409,2,0.712 
410,1,1.1966 
410,2,-0.3703 
411,1,0.0105 
411,2,1.2511 
412,1,0.0681 
412,2,-0.7121 
413,1,0.7379 
413,2,-0.3498 
414,1,0.3399 
414,2,1.1972 
415,1,0.1539 
415,2,0.024 
416,1,-1.4652 
416,2,0.9628 
417,1,0.3337 
417,2,-1.313 
418,1,-0.5709 
418,2,0.3711 
419,1,-0.3446 
419,2,-0.1955 
420,1,1.4667 
420,2,-0.0317 
421,1,-0.1289 
421,2,0.2275 
422,1,0.5566 
422,2,0.196 
423,1,0.0036 
423,2,-1.055 
424,1,0.7674 
424,2,-0.4045 
425,1,-0.3612 
425,2,-0.0956 
426,1,-0.9863 
426,2,-3.1738 
427,1,1.7558 
427,2,-1.3405 
428,1,-0.2232 
428,2,1.22 
429,1,-0.9188 
429,2,1.1956 
430,1,0.8803 
430,2,-1.8097 
431,1,-0.1582 
431,2,-0.2063 
432,1,0.9117 
432,2,-1.4802 
433,1,-0.8299 
433,2,0.3354 
434,1,0.3518 
434,2,0.2482 
435,1,0.8224 
435,2,-0.5535 
436,1,0.4198 
436,2,0.3738 
437,1,0.5559 
437,2,0.6223 
438,1,-0.8572 
438,2,-0.3464 
439,1,0.8967 
439,2,-0.6215 
440,1,-0.0385 
440,2,-1.7529 
441,1,0.1142 
441,2,-3.1606 
442,1,1.3972 
442,2,-1.0722 
443,1,0.2975 
443,2,0.651 
444,1,0.5051 
444,2,1.8872 
445,1,-0.1558 
445,2,0.1875 
446,1,-1.0568 
446,2,-0.4574 
447,1,1.3689 
447,2,2.4874 
448,1,-1.9931 
448,2,-0.6754 
449,1,-1.1877 
449,2,-0.3981 
450,1,0.2074 
450,2,-0.8308 
451,1,-0.9431 
451,2,-0.6001 
452,1,0.8195 
452,2,0.501 
453,1,-0.628 
453,2,0.5689 
454,1,0.7824 
454,2,0.4269 
455,1,0.8137 
455,2,0.2966 
456,1,0.6222 
456,2,0.1445 
457,1,-0.1625 
457,2,1.6484 
458,1,1.1589 
458,2,0.563 
459,1,0.834 
459,2,-0.1282 
460,1,1.7203 
460,2,-1.2467 
461,1,-1.3428 
461,2,0.9788 
462,1,-1.1732 
462,2,0.166 
463,1,0.585 
463,2,0.046 
464,1,-0.8475 
464,2,-1.4777 
465,1,-1.869 
465,2,-0.2544 
466,1,-1.6427 
466,2,-0.5004 
467,1,0.5293 
467,2,2.0182 
468,1,0.9695 
468,2,2.3147 
469,1,-0.4185 
469,2,1.0647 
470,1,0.129 
470,2,-0.1036 
471,1,0.0447 
471,2,0.8287 
472,1,0.8931 
472,2,0.6865 
473,1,-0.2746 
473,2,0.342 
474,1,1.9228 
474,2,-0.4364 
475,1,0.5859 
475,2,-0.0765 
476,1,0.0137 
476,2,-1.0322 
477,1,0.3412 
477,2,-1.6953 
478,1,-0.2892 
478,2,-0.112 
479,1,-0.3376 
479,2,-1.0951 
480,1,0.6349 
480,2,0.1689 
481,1,-0.1794 
481,2,-1.1859 
482,1,-0.0298 
482,2,-0.0747 
483,1,1.0171 
483,2,-0.173 
484,1,0.1751 
484,2,0.4689 
485,1,-0.3912 
485,2,1.7541 
486,1,-0.8735 
486,2,-0.2945 
487,1,-1.2352 
487,2,0.1383 
488,1,-0.0425 
488,2,1.2958 
489,1,0.4758 
489,2,-0.0641 
490,1,-1.0218 
490,2,0.7633 
491,1,0.2272 
491,2,-0.6552 
492,1,0.5985 
492,2,1.248 
493,1,0.3686 
493,2,1.0265 
494,1,-0.1049 
494,2,-0.7479 
495,1,1.3201 
495,2,0.782 
496,1,-0.4642 
496,2,-0.7708 
497,1,-0.9085 
497,2,-0.5863 
498,1,2.2812 
498,2,0.0588 
499,1,-0.0216 
499,2,0.1881 
500,1,0.3337 
500,2,-0.0347 
501,1,-1.0288 
501,2,7.7764 
502,1,1.6342 
502,2,7.5828 
503,1,-0.6343 
503,2,7.001 
504,1,0.9332 
504,2,8.137 
505,1,0.5701 
505,2,7.8339 
506,1,1.0741 
506,2,7.2723 
507,1,0.4347 
507,2,8.1998 
508,1,-0.1649 
508,2,6.9786 
509,1,-2.197 
509,2,5.8832 
510,1,3.2886 
510,2,7.6291 
511,1,-1.0683 
511,2,7.6103 
512,1,0.1402 
512,2,7.9573 
513,1,0.8517 
513,2,8.3896 
514,1,0.3835 
514,2,6.923 
515,1,1.2964 
515,2,7.1046 
516,1,0.1787 
516,2,9.2452 
517,1,-1.4303 
517,2,8.2383 
518,1,1.4441 
518,2,7.1942 
519,1,-1.7163 
519,2,6.9602 
520,1,0.3686 
520,2,5.6509 
521,1,0.9154 
521,2,8.3339 
522,1,-1.9854 
522,2,7.5335 
523,1,0.1489 
523,2,7.03 
524,1,0.2482 
524,2,8.2729 
525,1,-0.87 
525,2,7.6448 
526,1,-1.3407 
526,2,8.8392 
527,1,0.4685 
527,2,9.0454 
528,1,-1.1206 
528,2,7.6499 
529,1,-1.1637 
529,2,6.9829 
530,1,0.0703 
530,2,7.1212 
531,1,0.4347 
531,2,7.729 
532,1,0.519 
532,2,8.4976 
533,1,-0.8994 
533,2,7.9728 
534,1,-0.5867 
534,2,8.2185 
535,1,1.2664 
535,2,9.0541 
536,1,-0.6645 
536,2,9.2517 
537,1,0.2632 
537,2,9.6398 
538,1,-0.9524 
538,2,8.1567 
539,1,-0.2568 
539,2,5.5391 
540,1,-0.3883 
540,2,9.8348 
541,1,1.027 
541,2,7.0908 
542,1,0.3012 
542,2,8.2496 
543,1,-0.0345 
543,2,6.832 
544,1,0.4575 
544,2,8.7696 
545,1,0.3739 
545,2,6.9264 
546,1,-0.6349 
546,2,8.5444 
547,1,-0.7448 
547,2,8.6429 
548,1,2.2819 
548,2,7.9148 
549,1,0.2349 
549,2,9.5728 
550,1,0.8631 
550,2,8.6296 
551,1,1.0133 
551,2,7.7907 
552,1,-1.6796 
552,2,8.3799 
553,1,0.4058 
553,2,5.5013 
554,1,-0.1939 
554,2,8.3923 
555,1,0.398 
555,2,7.6915 
556,1,-0.2512 
556,2,8.8255 
557,1,0.3492 
557,2,7.1977 
558,1,0.6775 
558,2,7.1996 
559,1,-0.7255 
559,2,6.543 
560,1,-0.8258 
560,2,8.921 
561,1,1.0647 
561,2,7.2573 
562,1,-0.3451 
562,2,7.7653 
563,1,0.192 
563,2,8.5936 
564,1,0.2289 
564,2,8.5473 
565,1,-0.473 
565,2,8.389 
566,1,0.7506 
566,2,7.2513 
567,1,1.0904 
567,2,8.0676 
568,1,-0.2968 
568,2,8.3263 
569,1,1.055 
569,2,6.7094 
570,1,0.718 
570,2,7.3379 
571,1,0.0981 
571,2,8.3859 
572,1,-0.8995 
572,2,8.1482 
573,1,0.222 
573,2,8.1458 
574,1,0.7987 
574,2,8.2429 
575,1,1.3575 
575,2,7.5913 
576,1,0.5982 
576,2,8.2052 
577,1,-0.9812 
577,2,6.8748 
578,1,-1.2506 
578,2,8.3394 
579,1,-1.0493 
579,2,7.7913 
580,1,0.1585 
580,2,6.8288 
581,1,0.5488 
581,2,9.0568 
582,1,1.0378 
582,2,7.865 
583,1,-0.1284 
583,2,8.2038 
584,1,0.6107 
584,2,8.7457 
585,1,-1.9403 
585,2,7.2059 
586,1,2.2245 
586,2,7.1998 
587,1,-0.2351 
587,2,6.5141 
588,1,0.5914 
588,2,10.0491 
589,1,0.5256 
589,2,9.5283 
590,1,0.7635 
590,2,7.7168 
591,1,-0.3091 
591,2,6.9073 
592,1,-0.6886 
592,2,9.1692 
593,1,0.3508 
593,2,8.4867 
594,1,-1.232 
594,2,7.8057 
595,1,0.8367 
595,2,5.7283 
596,1,0.6566 
596,2,8.9542 
597,1,0.2196 
597,2,10.0308 
598,1,0.6218 
598,2,9.7091 
599,1,0.593 
599,2,7.3061 
600,1,-0.7456 
600,2,8.6418 
601,1,0.1747 
601,2,9.0575 
602,1,0.106 
602,2,7.7643 
603,1,0.5805 
603,2,9.5786 
604,1,-0.0546 
604,2,9.2208 
605,1,0.3788 
605,2,7.2703 
606,1,0.7814 
606,2,10.4253 
607,1,-0.4766 
607,2,8.0556 
608,1,-0.9417 
608,2,9.2983 
609,1,0.3608 
609,2,10.9028 
610,1,0.4893 
610,2,7.6538 
611,1,0.6611 
611,2,7.6461 
612,1,0.1895 
612,2,8.2518 
613,1,-2.1418 
613,2,7.1464 
614,1,1.4503 
614,2,7.1849 
615,1,-0.3608 
615,2,9.3162 
616,1,0.6041 
616,2,7.1155 
617,1,0.1218 
617,2,7.5208 
618,1,0.7961 
618,2,8.8248 
619,1,1.3269 
619,2,8.5567 
620,1,-0.0631 
620,2,8.3288 
621,1,-0.0936 
621,2,7.6096 
622,1,0.1263 
622,2,7.3685 
623,1,1.3991 
623,2,7.3682 
624,1,-1.7315 
624,2,8.3482 
625,1,-0.7605 
625,2,6.8576 
626,1,-0.787 
626,2,7.2842 
627,1,-1.8966 
627,2,5.8866 
628,1,0.3318 
628,2,7.1526 
629,1,0.5541 
629,2,8.2578 
630,1,0.3462 
630,2,8.3011 
631,1,-1.3902 
631,2,9.6374 
632,1,-0.9153 
632,2,6.5647 
633,1,0.0703 
633,2,7.0247 
634,1,-0.2982 
634,2,7.8602 
635,1,1.4556 
635,2,9.5308 
636,1,-3.9823 
636,2,7.5029 
637,1,-1.1714 
637,2,7.7995 
638,1,-0.4646 
638,2,8.1758 
639,1,0.6028 
639,2,8.179 
640,1,-1.5642 
640,2,9.429 
641,1,0.4281 
641,2,6.4124 
642,1,-0.9233 
642,2,7.9269 
643,1,0.3536 
643,2,6.7173 
644,1,-1.8943 
644,2,8.9645 
645,1,1.4188 
645,2,8.8118 
646,1,-0.3705 
646,2,7.6582 
647,1,-1.3751 
647,2,8.5627 
648,1,0.74 
648,2,8.0775 
649,1,1.1862 
649,2,8.3247 
650,1,0.8229 
650,2,7.9811 
651,1,0.7899 
651,2,8.2844 
652,1,0.0623 
652,2,7.7326 
653,1,1.7591 
653,2,7.9795 
654,1,-0.2719 
654,2,8.5104 
655,1,-2.3619 
655,2,8.294 
656,1,0.4911 
656,2,7.9508 
657,1,-0.3589 
657,2,7.8223 
658,1,1.0291 
658,2,8.0503 
659,1,1.0065 
659,2,9.8232 
660,1,-0.2181 
660,2,8.0841 
661,1,0.8458 
661,2,9.559 
662,1,-1.1187 
662,2,8.5599 
663,1,0.0212 
663,2,8.0168 
664,1,0.0415 
664,2,9.1516 
665,1,0.3838 
665,2,6.9808 
666,1,0.6985 
666,2,7.9112 
667,1,-0.162 
667,2,8.237 
668,1,1.5586 
668,2,8.3504 
669,1,1.0838 
669,2,6.9538 
670,1,0.0013 
670,2,9.2993 
671,1,-1.2275 
671,2,7.9635 
672,1,0.2818 
672,2,8.141 
673,1,-1.4262 
673,2,8.2311 
674,1,0.8375 
674,2,9.4499 
675,1,-0.4595 
675,2,9.7599 
676,1,1.2093 
676,2,8.036 
677,1,0.3095 
677,2,7.7844 
678,1,-1.4612 
678,2,8.2195 
679,1,0.3745 
679,2,7.2016 
680,1,0.3985 
680,2,7.5649 
681,1,1.3362 
681,2,7.6925 
682,1,0.2625 
682,2,10.0701 
683,1,0.5683 
683,2,9.0992 
684,1,1.2108 
684,2,8.0346 
685,1,-0.8784 
685,2,8.2495 
686,1,1.2715 
686,2,7.668 
687,1,-0.2796 
687,2,9.5796 
688,1,0.0917 
688,2,8.3417 
689,1,-1.1343 
689,2,8.5535 
690,1,1.027 
690,2,6.8867 
691,1,1.7606 
691,2,8.5621 
692,1,0.341 
692,2,8.1107 
693,1,2.5027 
693,2,10.7162 
694,1,0.2517 
694,2,6.2827 
695,1,0.3812 
695,2,7.1845 
696,1,0.7158 
696,2,8.0301 
697,1,0.8974 
697,2,8.0001 
698,1,0.5278 
698,2,6.418 
699,1,0.1975 
699,2,6.2339 
700,1,0.9234 
700,2,9.164 
701,1,0.6768 
701,2,6.1058 
702,1,-0.4996 
702,2,5.806 
703,1,-1.2198 
703,2,6.8828 
704,1,0.4902 
704,2,7.2511 
705,1,0.7954 
705,2,7.5223 
706,1,0.5957 
706,2,7.8369 
707,1,-1.4185 
707,2,7.7646 
708,1,1.1277 
708,2,9.3942 
709,1,-0.8536 
709,2,6.514 
710,1,0.3778 
710,2,7.1862 
711,1,-0.5078 
711,2,8.3379 
712,1,-1.3316 
712,2,9.8075 
713,1,2.3666 
713,2,7.2676 
714,1,0.5214 
714,2,9.5708 
715,1,1.3351 
715,2,7.7044 
716,1,0.0821 
716,2,9.4512 
717,1,-0.8273 
717,2,5.475 
718,1,-0.8974 
718,2,7.4278 
719,1,0.409 
719,2,5.9113 
720,1,-0.3715 
720,2,7.8169 
721,1,-0.4838 
721,2,7.3882 
722,1,-1.6883 
722,2,9.2634 
723,1,-0.5357 
723,2,8.3787 
724,1,-1.9194 
724,2,9.4644 
725,1,0.7944 
725,2,8.2333 
726,1,-0.0026 
726,2,8.6733 
727,1,-1.8886 
727,2,7.305 
728,1,-0.2568 
728,2,8.2769 
729,1,-0.2231 
729,2,7.418 
730,1,-0.2572 
730,2,6.399 
731,1,-1.7692 
731,2,7.9737 
732,1,1.5068 
732,2,7.476 
733,1,0.067 
733,2,6.5887 
734,1,-2.5918 
734,2,8.3782 
735,1,-2.3536 
735,2,8.0861 
736,1,-0.4296 
736,2,7.0568 
737,1,-0.912 
737,2,7.9573 
738,1,1.1148 
738,2,6.5085 
739,1,0.6588 
739,2,6.3358 
740,1,0.6046 
740,2,8.0991 
741,1,0.8994 
741,2,5.2573 
742,1,0.418 
742,2,8.7818 
743,1,-0.8593 
743,2,8.7062 
744,1,0.3616 
744,2,7.2851 
745,1,-0.7109 
745,2,7.4119 
746,1,1.3547 
746,2,8.3175 
747,1,-0.3971 
747,2,8.0838 
748,1,-1.1641 
748,2,6.3166 
749,1,0.4131 
749,2,7.9796 
750,1,0.3379 
750,2,6.0441 
751,1,0.6215 
751,2,7.8306 
752,1,0.1886 
752,2,8.1133 
753,1,-0.7411 
753,2,9.5777 
754,1,-0.3025 
754,2,7.7639 
755,1,1.5691 
755,2,7.6119 
756,1,-1.3275 
756,2,7.8589 
757,1,0.596 
757,2,8.9313 
758,1,-0.0467 
758,2,6.6092 
759,1,0.6099 
759,2,9.0226 
760,1,-0.192 
760,2,8.9525 
761,1,0.1089 
761,2,10.6573 
762,1,-0.7892 
762,2,8.3475 
763,1,0.6063 
763,2,7.0709 
764,1,-0.4532 
764,2,6.3066 
765,1,-1.0568 
765,2,8.2896 
766,1,0.9112 
766,2,8.5933 
767,1,0.8331 
767,2,8.0897 
768,1,-0.5972 
768,2,8.1282 
769,1,-1.1727 
769,2,7.3405 
770,1,-0.4769 
770,2,8.8129 
771,1,0.4638 
771,2,6.2609 
772,1,-0.2179 
772,2,6.5502 
773,1,0.6719 
773,2,7.4436 
774,1,-1.6853 
774,2,8.0342 
775,1,0.3651 
775,2,9.4604 
776,1,-1.863 
776,2,8.4551 
777,1,0.4486 
777,2,6.786 
778,1,0.2165 
778,2,8.398 
779,1,1.7909 
779,2,7.7627 
780,1,0.3685 
780,2,8.4299 
781,1,0.5718 
781,2,8.3601 
782,1,0.3309 
782,2,8.9518 
783,1,-0.2587 
783,2,6.0857 
784,1,-1.8464 
784,2,7.9055 
785,1,-0.5965 
785,2,8.9115 
786,1,-0.0566 
786,2,6.6002 
787,1,-1.5727 
787,2,7.1352 
788,1,0.9016 
788,2,8.2607 
789,1,-0.3051 
789,2,7.7757 
790,1,0.9943 
790,2,7.5389 
791,1,-0.6682 
791,2,9.4796 
792,1,0.2141 
792,2,8.4679 
793,1,1.9256 
793,2,9.0152 
794,1,-1.4868 
794,2,7.7319 
795,1,-0.6503 
795,2,8.7544 
796,1,0.7499 
796,2,8.0242 
797,1,-0.3623 
797,2,8.0636 
798,1,1.3304 
798,2,9.6665 
799,1,-0.4873 
799,2,8.5479 
800,1,-0.7648 
800,2,7.5788 
801,1,-0.9 
801,2,6.9789 
802,1,0.8645 
802,2,8.2374 
803,1,-0.5882 
803,2,7.79 
804,1,-0.1108 
804,2,8.6532 
805,1,-0.4578 
805,2,9.0582 
806,1,2.1774 
806,2,10.5139 
807,1,0.3434 
807,2,8.7572 
808,1,1.4128 
808,2,7.8359 
809,1,0.2407 
809,2,7.2311 
810,1,0.8065 
810,2,7.8446 
811,1,-0.9353 
811,2,8.3886 
812,1,0.1288 
812,2,6.9109 
813,1,-0.298 
813,2,8.8796 
814,1,1.6845 
814,2,8.9707 
815,1,1.6954 
815,2,9.6577 
816,1,-1.4656 
816,2,7.4442 
817,1,-0.1828 
817,2,7.9238 
818,1,-0.3987 
818,2,7.4909 
819,1,0.8782 
819,2,6.7976 
820,1,0.2223 
820,2,8.8512 
821,1,1.405 
821,2,6.6501 
822,1,0.3175 
822,2,6.5598 
823,1,0.683 
823,2,6.6835 
824,1,0.7822 
824,2,8.0186 
825,1,-1.6643 
825,2,10.1739 
826,1,0.798 
826,2,8.2856 
827,1,0.5547 
827,2,8.6598 
828,1,1.3855 
828,2,8.1135 
829,1,-0.0849 
829,2,7.4409 
830,1,-0.9662 
830,2,9.0096 
831,1,0.2023 
831,2,6.9954 
832,1,0.698 
832,2,6.4866 
833,1,0.4661 
833,2,8.4165 
834,1,0.8985 
834,2,8.8564 
835,1,-1.1774 
835,2,7.9012 
836,1,0.1877 
836,2,7.7762 
837,1,-0.7849 
837,2,7.8288 
838,1,-1.4973 
838,2,8.6802 
839,1,0.7681 
839,2,8.0312 
840,1,0.278 
840,2,9.0239 
841,1,-0.081 
841,2,9.3891 
842,1,-0.2358 
842,2,8.0812 
843,1,-0.0311 
843,2,8.0427 
844,1,-0.9795 
844,2,7.5776 
845,1,1.3636 
845,2,6.8929 
846,1,2.0539 
846,2,9.66 
847,1,0.2841 
847,2,6.8314 
848,1,0.8975 
848,2,7.7899 
849,1,-0.4079 
849,2,6.783 
850,1,0.0138 
850,2,7.1272 
851,1,-0.9626 
851,2,7.9057 
852,1,0.3283 
852,2,8.9173 
853,1,0.139 
853,2,8.7361 
854,1,1.2412 
854,2,8.4628 
855,1,0.0753 
855,2,6.9703 
856,1,0.3953 
856,2,8.6162 
857,1,-0.3735 
857,2,8.0715 
858,1,-0.7861 
858,2,8.7677 
859,1,-0.6979 
859,2,8.1741 
860,1,1.6118 
860,2,7.2359 
861,1,0.2939 
861,2,7.3359 
862,1,2.9271 
862,2,9.728 
863,1,0.9137 
863,2,7.8489 
864,1,-0.0561 
864,2,7.6114 
865,1,-0.9098 
865,2,8.0203 
866,1,-0.7286 
866,2,7.6323 
867,1,-0.6727 
867,2,8.7679 
868,1,1.1619 
868,2,7.6191 
869,1,1.3319 
869,2,8.4439 
870,1,1.1816 
870,2,9.0247 
871,1,-0.0496 
871,2,8.0047 
872,1,0.631 
872,2,8.4345 
873,1,2.199 
873,2,7.3023 
874,1,-1.3125 
874,2,8.2399 
875,1,-0.5313 
875,2,8.0299 
876,1,0.0559 
876,2,6.1349 
877,1,-0.2187 
877,2,9.2782 
878,1,-0.7377 
878,2,7.5999 
879,1,1.1341 
879,2,9.8462 
880,1,-1.6665 
880,2,7.1249 
881,1,0.0662 
881,2,8.2787 
882,1,-0.2549 
882,2,9.1928 
883,1,-0.2036 
883,2,7.8068 
884,1,0.9749 
884,2,9.2784 
885,1,1.7869 
885,2,9.1168 
886,1,0.2849 
886,2,8.2417 
887,1,0.219 
887,2,8.8219 
888,1,-0.5455 
888,2,5.7437 
889,1,0.6964 
889,2,7.9664 
890,1,0.8887 
890,2,8.2844 
891,1,-0.2975 
891,2,8.4222 
892,1,-0.6028 
892,2,7.6196 
893,1,0.6128 
893,2,9.261 
894,1,-1.6849 
894,2,7.383 
895,1,-0.5215 
895,2,7.6935 
896,1,-0.9012 
896,2,8.0444 
897,1,-1.2079 
897,2,7.6956 
898,1,0.1908 
898,2,7.4836 
899,1,-0.083 
899,2,7.6003 
900,1,-0.5215 
900,2,8.2961 
901,1,0.1523 
901,2,8.4964 
902,1,-0.238 
902,2,7.5449 
903,1,0.0103 
903,2,8.6071 
904,1,-0.417 
904,2,8.671 
905,1,-1.1259 
905,2,6.7839 
906,1,2.169 
906,2,7.1701 
907,1,1.0031 
907,2,8.2323 
908,1,0.2063 
908,2,6.0156 
909,1,-0.1682 
909,2,7.0901 
910,1,-0.863 
910,2,8.1529 
911,1,-1.3697 
911,2,7.3311 
912,1,0.4263 
912,2,7.0011 
913,1,-0.9913 
913,2,6.6923 
914,1,-1.7334 
914,2,7.0542 
915,1,0.6412 
915,2,6.0673 
916,1,-0.7467 
916,2,7.0605 
917,1,1.2555 
917,2,6.4149 
918,1,-0.2804 
918,2,8.7963 
919,1,-1.5712 
919,2,9.3957 
920,1,1.1478 
920,2,8.7522 
921,1,0.9537 
921,2,8.9729 
922,1,-0.0676 
922,2,8.22 
923,1,-0.5585 
923,2,7.4414 
924,1,0.8774 
924,2,8.0405 
925,1,1.1148 
925,2,8.4086 
926,1,-0.556 
926,2,8.2103 
927,1,0.2676 
927,2,6.7205 
928,1,-0.6491 
928,2,8.218 
929,1,-2.338 
929,2,9.7556 
930,1,-0.9737 
930,2,7.0792 
931,1,-0.5666 
931,2,8.9125 
932,1,-2.1323 
932,2,7.9706 
933,1,-0.9775 
933,2,8.2265 
934,1,0.5343 
934,2,6.2006 
935,1,0.414 
935,2,7.0606 
936,1,-0.2709 
936,2,7.932 
937,1,1.3648 
937,2,7.884 
938,1,0.4898 
938,2,7.7822 
939,1,1.5984 
939,2,6.6392 
940,1,0.1697 
940,2,7.135 
941,1,-0.0478 
941,2,8.0767 
942,1,1.2208 
942,2,8.9189 
943,1,-1.3068 
943,2,7.3779 
944,1,0.7066 
944,2,7.4927 
945,1,2.5831 
945,2,6.3992 
946,1,-0.4387 
946,2,9.6715 
947,1,0.1135 
947,2,9.2345 
948,1,1.367 
948,2,6.2521 
949,1,-0.3275 
949,2,7.4312 
950,1,0.1321 
950,2,8.0374 
951,1,0.5722 
951,2,8.2569 
952,1,0.0757 
952,2,6.9016 
953,1,0.6896 
953,2,8.605 
954,1,0.823 
954,2,8.3145 
955,1,-2.9238 
955,2,8.3185 
956,1,0.4094 
956,2,9.1456 
957,1,-0.2978 
957,2,7.4479 
958,1,-0.7002 
958,2,6.9567 
959,1,0.1901 
959,2,8.1549 
960,1,-0.4079 
960,2,7.5255 
961,1,0.3952 
961,2,9.3834 
962,1,0.2774 
962,2,6.2088 
963,1,0.5533 
963,2,8.9684 
964,1,-0.1197 
964,2,9.7416 
965,1,0.6485 
965,2,8.4303 
966,1,-0.7639 
966,2,8.469 
967,1,0.3475 
967,2,8.3406 
968,1,1.0367 
968,2,7.5399 
969,1,0.3763 
969,2,8.5241 
970,1,0.2524 
970,2,9.2388 
971,1,-0.3794 
971,2,8.2179 
972,1,-0.1756 
972,2,8.4398 
973,1,1.6433 
973,2,6.2303 
974,1,-0.4975 
974,2,5.8857 
975,1,0.3265 
975,2,7.5816 
976,1,-0.4578 
976,2,9.209 
977,1,0.783 
977,2,8.5886 
978,1,1.0633 
978,2,7.6141 
979,1,-0.5681 
979,2,9.1876 
980,1,0.1527 
980,2,7.4167 
981,1,-2.4361 
981,2,7.5873 
982,1,-0.1589 
982,2,8.6131 
983,1,0.5423 
983,2,8.0288 
984,1,0.6753 
984,2,7.5951 
985,1,0.9091 
985,2,8.939 
986,1,0.0051 
986,2,6.6269 
987,1,0.8512 
987,2,8.7749 
988,1,0.8437 
988,2,6.7283 
989,1,0.4971 
989,2,9.5198 
990,1,1.1917 
990,2,7.3139 
991,1,0.0938 
991,2,9.7401 
992,1,-0.507 
992,2,8.3762 
993,1,-1.1307 
993,2,7.191 
994,1,-0.1625 
994,2,7.832 
995,1,0.349 
995,2,6.6478 
996,1,-1.02 
996,2,8.2886 
997,1,1.0099 
997,2,8.9976 
998,1,-0.7325 
998,2,6.8112 
999,1,-0.6721 
999,2,9.5677 
1000,1,-1.2936 
1000,2,9.3779 
