1,1,0.6401 
1,2,8.7646 
2,1,2.0599 
2,2,8.3454 
3,1,2.0237 
3,2,9.9659 
4,1,0.8061 
4,2,7.8981 
5,1,2.3684 
5,2,11.4954 
6,1,2.2827 
6,2,8.4007 
7,1,1.8363 
7,2,8.8609 
8,1,3.7885 
8,2,9.7155 
9,1,2.1294 
9,2,10.4709 
10,1,2.9126 
10,2,9.8102 
11,1,2.4325 
11,2,10.2152 
12,1,0.7954 
12,2,9.1218 
13,1,2.3525 
13,2,8.6672 
14,1,1.1732 
14,2,8.8145 
15,1,2.2241 
15,2,9.5633 
16,1,2.1556 
16,2,8.1502 
17,1,1.4319 
17,2,8.7514 
18,1,1.0345 
18,2,9.5575 
19,1,1.483 
19,2,10.7757 
20,1,2.0444 
20,2,9.9949 
21,1,3.0607 
21,2,10.8744 
22,1,2.4306 
22,2,10.5967 
23,1,1.5368 
23,2,11.6493 
24,1,0.9087 
24,2,9.8206 
25,1,1.0825 
25,2,8.9699 
26,1,3.721 
26,2,9.8226 
27,1,-0.1837 
27,2,11.1602 
28,1,2.1159 
28,2,9.6413 
29,1,2.6451 
29,2,10.0983 
30,1,1.182 
30,2,8.9987 
31,1,1.8192 
31,2,9.68 
32,1,1.5587 
32,2,9.4506 
33,1,1.6887 
33,2,9.5929 
34,1,2.8562 
34,2,11.8316 
35,1,3.4063 
35,2,10.5464 
36,1,1.9365 
36,2,9.3972 
37,1,2.0683 
37,2,10.796 
38,1,3.891 
38,2,9.7749 
39,1,3.2003 
39,2,12.2752 
40,1,-0.2076 
40,2,8.7739 
41,1,1.5998 
41,2,9.3185 
42,1,1.6245 
42,2,11.9404 
43,1,1.1496 
43,2,10.7668 
44,1,1.6225 
44,2,10.3882 
45,1,1.2227 
45,2,10.0721 
46,1,1.3051 
46,2,8.7304 
47,1,1.5837 
47,2,8.7287 
48,1,2.4631 
48,2,12.03 
49,1,1.3677 
49,2,10.138 
50,1,0.6854 
50,2,10.98 
51,1,2.3615 
51,2,9.38 
52,1,2.0807 
52,2,8.8791 
53,1,3.003 
53,2,10.1755 
54,1,-0.538 
54,2,10.6967 
55,1,0.7886 
55,2,8.4119 
56,1,2.3939 
56,2,10.6247 
57,1,2.4349 
57,2,9.6039 
58,1,2.5365 
58,2,10.0586 
59,1,-0.6341 
59,2,10.8214 
60,1,-0.0456 
60,2,10.7964 
61,1,2.2427 
61,2,7.6639 
62,1,2.2886 
62,2,9.4139 
63,1,2.0834 
63,2,9.7436 
64,1,1.9681 
64,2,9.8498 
65,1,2.8162 
65,2,8.552 
66,1,2.526 
66,2,10.2025 
67,1,2.0757 
67,2,9.3416 
68,1,0.7148 
68,2,9.6179 
69,1,2.1522 
69,2,8.7935 
70,1,3.1376 
70,2,9.9514 
71,1,2.5538 
71,2,10.276 
72,1,1.4227 
72,2,9.5771 
73,1,2.8219 
73,2,9.5486 
74,1,2.8687 
74,2,8.6922 
75,1,1.3589 
75,2,10.0946 
76,1,2.5326 
76,2,10.6732 
77,1,2.5571 
77,2,11.7204 
78,1,2.1909 
78,2,8.8797 
79,1,1.8069 
79,2,10.5379 
80,1,1.6891 
80,2,9.6401 
81,1,2.7809 
81,2,9.5272 
82,1,2.8019 
82,2,8.3123 
83,1,2.9271 
83,2,9.7749 
84,1,2.7841 
84,2,10.5818 
85,1,2.0635 
85,2,12.1113 
86,1,3.1992 
86,2,8.8401 
87,1,1.4087 
87,2,11.2833 
88,1,-0.0781 
88,2,12.8729 
89,1,1.7639 
89,2,9.5086 
90,1,3.9122 
90,2,10.462 
91,1,-1.534 
91,2,10.9148 
92,1,-0.5424 
92,2,10.5725 
93,1,2.0348 
93,2,9.3055 
94,1,0.8953 
94,2,10.4216 
95,1,2.4718 
95,2,9.2933 
96,1,4.2097 
96,2,9.5492 
97,1,2.0807 
97,2,10.9282 
98,1,2.3826 
98,2,11.1714 
99,1,1.7659 
99,2,9.5942 
100,1,1.7431 
100,2,9.2809 
101,1,1.1799 
101,2,9.0009 
102,1,1.1133 
102,2,10.0201 
103,1,2.6582 
103,2,9.9527 
104,1,2.9469 
104,2,10.3081 
105,1,1.4008 
105,2,9.856 
106,1,3.0211 
106,2,11.3937 
107,1,1.8676 
107,2,8.94 
108,1,2.5571 
108,2,11.3721 
109,1,2.3607 
109,2,8.9838 
110,1,2.7388 
110,2,11.3901 
111,1,1.8411 
111,2,9.8035 
112,1,2.61 
112,2,9.1278 
113,1,3.5722 
113,2,9.6228 
114,1,2.286 
114,2,9.7559 
115,1,2.5344 
115,2,10.7651 
116,1,1.7072 
116,2,9.3666 
117,1,1.1948 
117,2,10.5476 
118,1,2.2766 
118,2,9.5765 
119,1,1.8206 
119,2,7.4306 
120,1,2.6941 
120,2,13.2635 
121,1,2.8489 
121,2,8.3569 
122,1,2.153 
122,2,9.8852 
123,1,1.5195 
123,2,9.7165 
124,1,2.3443 
124,2,9.2315 
125,1,3.0355 
125,2,10.4328 
126,1,2.9699 
126,2,10.4873 
127,1,0.6155 
127,2,8.9539 
128,1,2.3451 
128,2,9.1735 
129,1,1.0808 
129,2,10.3411 
130,1,1.351 
130,2,11.9509 
131,1,2.0386 
131,2,11.047 
132,1,2.959 
132,2,9.8733 
133,1,2.4679 
133,2,11.7196 
134,1,-0.1721 
134,2,12.0044 
135,1,1.8438 
135,2,11.4486 
136,1,2.3754 
136,2,7.8353 
137,1,3.3255 
137,2,11.3861 
138,1,3.3761 
138,2,11.1229 
139,1,1.5923 
139,2,9.6239 
140,1,0.6423 
140,2,10.8101 
141,1,2.0869 
141,2,8.0032 
142,1,1.8483 
142,2,9.5087 
143,1,1.9921 
143,2,9.9004 
144,1,1.4725 
144,2,9.1437 
145,1,0.5727 
145,2,11.3845 
146,1,2.2986 
146,2,9.4985 
147,1,2.0948 
147,2,8.88 
148,1,1.499 
148,2,8.364 
149,1,3.1389 
149,2,9.0084 
150,1,3.9821 
150,2,9.666 
151,1,0.885 
151,2,9.1901 
152,1,2.7956 
152,2,11.0166 
153,1,2.1664 
153,2,11.5419 
154,1,0.0255 
154,2,10.7659 
155,1,0.9626 
155,2,10.8451 
156,1,3.1384 
156,2,9.4044 
157,1,1.6475 
157,2,9.7882 
158,1,1.555 
158,2,9.3618 
159,1,2.9447 
159,2,10.3117 
160,1,1.4072 
160,2,11.6626 
161,1,2.9284 
161,2,9.6824 
162,1,2.077 
162,2,10.7437 
163,1,1.1105 
163,2,9.6324 
164,1,1.7134 
164,2,10.2755 
165,1,1.1335 
165,2,11.2895 
166,1,1.8349 
166,2,10.2168 
167,1,0.8708 
167,2,8.6238 
168,1,2.1531 
168,2,11.1687 
169,1,2.6145 
169,2,9.5994 
170,1,1.4467 
170,2,10.5591 
171,1,0.7978 
171,2,9.897 
172,1,2.5013 
172,2,8.6962 
173,1,2.9229 
173,2,11.6159 
174,1,1.2563 
174,2,10.3004 
175,1,2.2954 
175,2,10.6177 
176,1,2.7236 
176,2,11.2854 
177,1,1.4473 
177,2,11.7616 
178,1,1.6589 
178,2,11.2554 
179,1,1.8028 
179,2,8.6595 
180,1,0.4721 
180,2,9.8828 
181,1,2.3343 
181,2,11.1584 
182,1,3.7763 
182,2,11.8083 
183,1,2.3294 
183,2,8.5108 
184,1,2.4495 
184,2,9.0942 
185,1,0.9687 
185,2,8.5329 
186,1,1.7908 
186,2,8.925 
187,1,-0.1683 
187,2,10.4615 
188,1,1.1348 
188,2,9.1358 
189,1,0.6586 
189,2,10.4785 
190,1,1.585 
190,2,8.0124 
191,1,2.0721 
191,2,10.3956 
192,1,1.5321 
192,2,10.9359 
193,1,1.8379 
193,2,12.0239 
194,1,2.6041 
194,2,11.0287 
195,1,0.0665 
195,2,11.3087 
196,1,4.5219 
196,2,8.3862 
197,1,2.9511 
197,2,10.2403 
198,1,1.0701 
198,2,9.6804 
199,1,2.9742 
199,2,11.0294 
200,1,0.9728 
200,2,9.869 
201,1,1.8202 
201,2,7.387 
202,1,2.1066 
202,2,9.9305 
203,1,1.1459 
203,2,10.7728 
204,1,1.8389 
204,2,10.7368 
205,1,3.2548 
205,2,10.8101 
206,1,2.6544 
206,2,9.8318 
207,1,2.127 
207,2,9.7812 
208,1,1.4429 
208,2,10.6958 
209,1,3.6447 
209,2,10.5065 
210,1,1.2993 
210,2,9.0652 
211,1,2.4567 
211,2,11.4702 
212,1,2.2098 
212,2,7.4931 
213,1,2.1569 
213,2,12.1045 
214,1,2.7697 
214,2,10.1917 
215,1,2.9006 
215,2,8.0519 
216,1,2.2013 
216,2,10.5748 
217,1,1.6893 
217,2,9.1684 
218,1,2.2315 
218,2,11.4941 
219,1,1.9241 
219,2,9.5885 
220,1,3.3611 
220,2,11.2891 
221,1,3.0908 
221,2,11.926 
222,1,3.2164 
222,2,10.8087 
223,1,2.074 
223,2,9.923 
224,1,1.6364 
224,2,9.882 
225,1,1.8862 
225,2,10.192 
226,1,3.3614 
226,2,11.1874 
227,1,2.7857 
227,2,9.2324 
228,1,1.2434 
228,2,9.0457 
229,1,3.2681 
229,2,9.3274 
230,1,1.1163 
230,2,10.9345 
231,1,2.2003 
231,2,8.1399 
232,1,2.583 
232,2,9.3347 
233,1,-0.538 
233,2,9.0693 
234,1,1.6409 
234,2,10.915 
235,1,2.0633 
235,2,9.7656 
236,1,-0.308 
236,2,8.8229 
237,1,1.9914 
237,2,9.8505 
238,1,2.244 
238,2,11.0492 
239,1,1.7845 
239,2,9.1658 
240,1,2.1719 
240,2,10.9672 
241,1,1.2007 
241,2,9.427 
242,1,2.3414 
242,2,9.5563 
243,1,1.5096 
243,2,10.1627 
244,1,1.4525 
244,2,9.2444 
245,1,1.4787 
245,2,11.6365 
246,1,3.9115 
246,2,10.2324 
247,1,1.6614 
247,2,8.8996 
248,1,1.7754 
248,2,9.4201 
249,1,2.2161 
249,2,9.9023 
250,1,0.8827 
250,2,9.7486 
251,1,0.5235 
251,2,9.6891 
252,1,1.5659 
252,2,8.7904 
253,1,2.3963 
253,2,11.1879 
254,1,2.1406 
254,2,10.9332 
255,1,2.7461 
255,2,10.3654 
256,1,3.6229 
256,2,8.7596 
257,1,2.3869 
257,2,7.952 
258,1,2.8964 
258,2,10.0079 
259,1,2.1177 
259,2,9.9644 
260,1,1.681 
260,2,10.1079 
261,1,3.0029 
261,2,9.4818 
262,1,2.3762 
262,2,8.1021 
263,1,1.2844 
263,2,8.236 
264,1,1.6598 
264,2,10.3713 
265,1,3.0336 
265,2,10.9336 
266,1,1.4232 
266,2,9.9901 
267,1,1.8318 
267,2,9.0271 
268,1,2.5042 
268,2,10.2588 
269,1,1.2348 
269,2,9.8404 
270,1,3.2636 
270,2,11.0731 
271,1,2.0073 
271,2,10.0812 
272,1,1.5198 
272,2,8.1662 
273,1,1.785 
273,2,10.2183 
274,1,2.8987 
274,2,10.1228 
275,1,2.9236 
275,2,10.6668 
276,1,1.948 
276,2,9.6943 
277,1,2.2034 
277,2,8.5289 
278,1,1.743 
278,2,9.2164 
279,1,2.2603 
279,2,11.2727 
280,1,0.7076 
280,2,9.3928 
281,1,3.7288 
281,2,11.248 
282,1,0.3065 
282,2,9.9851 
283,1,2.03 
283,2,10.1989 
284,1,2.1495 
284,2,9.0131 
285,1,1.0412 
285,2,10.796 
286,1,0.2617 
286,2,9.1829 
287,1,1.1157 
287,2,10.0789 
288,1,0.2171 
288,2,10.3696 
289,1,0.2994 
289,2,8.1019 
290,1,2.4237 
290,2,8.8556 
291,1,2.1514 
291,2,8.3222 
292,1,-0.1973 
292,2,11.1817 
293,1,2.9493 
293,2,11.179 
294,1,1.5885 
294,2,9.9972 
295,1,3.2578 
295,2,7.5119 
296,1,1.1409 
296,2,10.7144 
297,1,1.0203 
297,2,11.5922 
298,1,1.3448 
298,2,10.0578 
299,1,1.0309 
299,2,10.3324 
300,1,1.311 
300,2,11.314 
301,1,1.3423 
301,2,10.2588 
302,1,1.9241 
302,2,12.0871 
303,1,3.1045 
303,2,8.4696 
304,1,2.0247 
304,2,9.5759 
305,1,1.2063 
305,2,9.9716 
306,1,0.7275 
306,2,10.2724 
307,1,2.074 
307,2,10.0237 
308,1,1.9588 
308,2,9.8429 
309,1,1.0098 
309,2,7.2213 
310,1,-0.026 
310,2,12.1735 
311,1,1.1513 
311,2,9.978 
312,1,1.6461 
312,2,10.9682 
313,1,2.8431 
313,2,10.7727 
314,1,2.2259 
314,2,12.1287 
315,1,3.2309 
315,2,9.5983 
316,1,4.5352 
316,2,10.1483 
317,1,1.5417 
317,2,9.7122 
318,1,3.4595 
318,2,7.5948 
319,1,4.0565 
319,2,9.6254 
320,1,3.5326 
320,2,8.1195 
321,1,3.7615 
321,2,9.7332 
322,1,1.0658 
322,2,9.2769 
323,1,1.7995 
323,2,10.2301 
324,1,2.561 
324,2,10.4019 
325,1,1.8037 
325,2,12.3934 
326,1,1.7918 
326,2,10.8171 
327,1,4.8482 
327,2,8.9421 
328,1,2.9454 
328,2,10.3734 
329,1,1.4767 
329,2,10.1671 
330,1,1.0096 
330,2,9.1036 
331,1,1.1111 
331,2,10.1481 
332,1,3.1911 
332,2,11.065 
333,1,3.0345 
333,2,10.3997 
334,1,3.464 
334,2,12.1645 
335,1,0.7788 
335,2,9.8719 
336,1,1.2636 
336,2,10.9868 
337,1,2.096 
337,2,9.3306 
338,1,3.3848 
338,2,8.7065 
339,1,2.9048 
339,2,10.9121 
340,1,3.9782 
340,2,10.5557 
341,1,3.1437 
341,2,11.627 
342,1,3.9165 
342,2,9.7523 
343,1,1.8219 
343,2,8.8983 
344,1,2.2894 
344,2,8.0819 
345,1,0.9641 
345,2,10.055 
346,1,2.6677 
346,2,10.4484 
347,1,2.2972 
347,2,8.7258 
348,1,3.2246 
348,2,12.0972 
349,1,2.0325 
349,2,9.8356 
350,1,0.8976 
350,2,10.5951 
351,1,2.3857 
351,2,9.6138 
352,1,4.1831 
352,2,9.1355 
353,1,1.842 
353,2,8.805 
354,1,3.0449 
354,2,8.9723 
355,1,1.8682 
355,2,10.452 
356,1,3.198 
356,2,9.7332 
357,1,0.8435 
357,2,8.997 
358,1,1.2671 
358,2,10.9325 
359,1,1.0415 
359,2,9.237 
360,1,3.1835 
360,2,9.8715 
361,1,1.9661 
361,2,10.454 
362,1,2.902 
362,2,11.3054 
363,1,1.2573 
363,2,11.624 
364,1,1.3678 
364,2,10.0109 
365,1,1.8077 
365,2,10.0332 
366,1,1.9608 
366,2,9.4251 
367,1,-0.0179 
367,2,10.5359 
368,1,2.1478 
368,2,9.6142 
369,1,0.5564 
369,2,10.5148 
370,1,2.2065 
370,2,11.2579 
371,1,1.4275 
371,2,9.5884 
372,1,0.9338 
372,2,10.4569 
373,1,4.5144 
373,2,9.6424 
374,1,1.0251 
374,2,11.1575 
375,1,0.817 
375,2,10.5211 
376,1,2.7391 
376,2,11.0308 
377,1,1.6912 
377,2,10.0409 
378,1,3.7843 
378,2,9.6157 
379,1,2.0085 
379,2,9.8216 
380,1,1.4525 
380,2,10.8088 
381,1,1.8365 
381,2,8.7428 
382,1,2.2303 
382,2,9.2567 
383,1,0.999 
383,2,10.6934 
384,1,0.8755 
384,2,11.2328 
385,1,2.326 
385,2,11.2658 
386,1,2.1972 
386,2,9.9748 
387,1,3.6721 
387,2,10.6242 
388,1,1.4229 
388,2,8.1762 
389,1,2.8357 
389,2,11.3885 
390,1,2.3598 
390,2,11.8995 
391,1,0.9779 
391,2,10.2541 
392,1,0.4968 
392,2,10.2551 
393,1,1.6934 
393,2,10.1667 
394,1,1.2267 
394,2,9.6627 
395,1,3.7977 
395,2,9.976 
396,1,1.6886 
396,2,9.1234 
397,1,0.8846 
397,2,9.716 
398,1,3.234 
398,2,9.607 
399,1,0.269 
399,2,10.9324 
400,1,3.7733 
400,2,8.9546 
401,1,2.0588 
401,2,10.1523 
402,1,-0.3277 
402,2,10.5385 
403,1,1.1742 
403,2,10.0652 
404,1,1.8598 
404,2,9.7555 
405,1,1.8845 
405,2,11.4107 
406,1,2.877 
406,2,12.078 
407,1,0.8615 
407,2,11.2231 
408,1,4.0566 
408,2,8.0378 
409,1,-0.068 
409,2,10.4066 
410,1,0.7163 
410,2,10.1359 
411,1,1.541 
411,2,10.7509 
412,1,2.5809 
412,2,10.1301 
413,1,1.5204 
413,2,8.5653 
414,1,2.262 
414,2,9.7573 
415,1,3.6196 
415,2,10.539 
416,1,3.449 
416,2,9.4156 
417,1,2.9584 
417,2,9.4089 
418,1,3.4672 
418,2,10.898 
419,1,2.9192 
419,2,9.8909 
420,1,1.4981 
420,2,10.2885 
421,1,1.925 
421,2,11.3983 
422,1,2.2617 
422,2,9.0538 
423,1,0.728 
423,2,10.7442 
424,1,2.6281 
424,2,10.1333 
425,1,2.0319 
425,2,9.5962 
426,1,0.8144 
426,2,10.6562 
427,1,2.6716 
427,2,7.4968 
428,1,2.2469 
428,2,10.3106 
429,1,1.2534 
429,2,9.2547 
430,1,3.638 
430,2,9.1878 
431,1,1.1311 
431,2,10.4773 
432,1,1.8468 
432,2,9.82 
433,1,1.8567 
433,2,9.0184 
434,1,0.9267 
434,2,9.633 
435,1,3.9813 
435,2,9.1567 
436,1,1.3164 
436,2,10.1048 
437,1,1.376 
437,2,9.6773 
438,1,-0.1958 
438,2,8.9995 
439,1,0.018 
439,2,8.8567 
440,1,3.2568 
440,2,8.2396 
441,1,0.988 
441,2,9.1896 
442,1,2.7874 
442,2,9.3276 
443,1,1.4658 
443,2,10.4419 
444,1,1.401 
444,2,10.6573 
445,1,2.4656 
445,2,10.8114 
446,1,2.2452 
446,2,8.8523 
447,1,1.1299 
447,2,10.6393 
448,1,1.9708 
448,2,9.1199 
449,1,2.2618 
449,2,10.3117 
450,1,2.775 
450,2,11.3169 
451,1,2.2053 
451,2,8.4361 
452,1,2.3242 
452,2,10.7804 
453,1,-0.6685 
453,2,8.6845 
454,1,2.4717 
454,2,9.9357 
455,1,1.6293 
455,2,9.2202 
456,1,2.4328 
456,2,10.9365 
457,1,2.7571 
457,2,10.3198 
458,1,1.8185 
458,2,9.563 
459,1,0.7312 
459,2,8.3838 
460,1,1.3384 
460,2,9.8897 
461,1,1.5748 
461,2,9.0845 
462,1,1.7114 
462,2,10.5798 
463,1,3.9397 
463,2,10.5402 
464,1,2.2958 
464,2,9.9663 
465,1,1.7885 
465,2,10.7535 
466,1,1.2233 
466,2,10.1151 
467,1,2.0778 
467,2,9.9843 
468,1,0.6336 
468,2,8.5913 
469,1,0.7853 
469,2,10.4642 
470,1,2.0753 
470,2,9.0567 
471,1,1.087 
471,2,10.7041 
472,1,2.016 
472,2,9.6349 
473,1,3.4308 
473,2,11.1302 
474,1,1.5918 
474,2,8.8475 
475,1,3.0365 
475,2,10.5257 
476,1,1.9059 
476,2,10.2116 
477,1,1.5447 
477,2,10.4175 
478,1,2.7791 
478,2,11.1929 
479,1,2.2858 
479,2,8.482 
480,1,1.2569 
480,2,9.8044 
481,1,2.8989 
481,2,9.0018 
482,1,1.4293 
482,2,8.714 
483,1,2.1147 
483,2,8.1886 
484,1,1.6433 
484,2,9.1792 
485,1,1.6931 
485,2,11.6252 
486,1,1.9819 
486,2,9.6082 
487,1,2.2162 
487,2,9.9217 
488,1,0.564 
488,2,10.6369 
489,1,4.7904 
489,2,8.7979 
490,1,1.2614 
490,2,11.0504 
491,1,-0.2797 
491,2,9.4628 
492,1,3.0521 
492,2,9.2278 
493,1,1.7615 
493,2,9.4447 
494,1,3.4117 
494,2,11.2478 
495,1,0.4871 
495,2,10.9366 
496,1,1.1864 
496,2,10.9772 
497,1,1.8859 
497,2,9.6537 
498,1,2.5061 
498,2,10.7162 
499,1,2.1203 
499,2,9.9301 
500,1,3.5494 
500,2,11.6346 
501,1,8.2321 
501,2,6.9594 
502,1,9.2682 
502,2,5.5546 
503,1,8.6321 
503,2,5.5416 
504,1,7.2247 
504,2,4.7821 
505,1,11.7924 
505,2,6.0821 
506,1,9.7409 
506,2,4.8659 
507,1,8.7794 
507,2,7.4048 
508,1,10.2246 
508,2,5.3266 
509,1,10.2863 
509,2,6.384 
510,1,9.6267 
510,2,6.5785 
511,1,11.8463 
511,2,5.4719 
512,1,8.4859 
512,2,6.3588 
513,1,9.9618 
513,2,7.5693 
514,1,10.1442 
514,2,6.1801 
515,1,10.4188 
515,2,8.0151 
516,1,10.8839 
516,2,5.8384 
517,1,9.3579 
517,2,7.344 
518,1,9.9559 
518,2,5.4825 
519,1,11.9052 
519,2,5.8657 
520,1,9.8803 
520,2,6.3381 
521,1,11.4503 
521,2,6.4907 
522,1,8.9477 
522,2,7.0555 
523,1,11.9443 
523,2,5.2056 
524,1,9.9834 
524,2,5.6588 
525,1,10.4455 
525,2,5.8883 
526,1,10.7355 
526,2,5.1293 
527,1,9.2417 
527,2,5.356 
528,1,9.0021 
528,2,5.476 
529,1,10.4754 
529,2,5.1013 
530,1,9.5224 
530,2,5.7222 
531,1,8.6968 
531,2,7.8372 
532,1,11.4097 
532,2,5.0673 
533,1,9.1467 
533,2,6.0234 
534,1,10.2695 
534,2,6.397 
535,1,9.6585 
535,2,5.6384 
536,1,9.3533 
536,2,5.755 
537,1,10.6087 
537,2,5.3736 
538,1,10.5716 
538,2,4.6843 
539,1,8.8926 
539,2,6.617 
540,1,10.3353 
540,2,6.1779 
541,1,9.5366 
541,2,5.3376 
542,1,10.6375 
542,2,4.833 
543,1,9.6923 
543,2,7.3661 
544,1,9.3132 
544,2,5.7934 
545,1,8.8336 
545,2,7.3884 
546,1,9.6073 
546,2,5.6551 
547,1,8.1804 
547,2,6.3797 
548,1,8.1867 
548,2,5.4124 
549,1,9.6007 
549,2,5.2454 
550,1,9.5944 
550,2,6.8067 
551,1,11.4761 
551,2,7.5639 
552,1,8.4252 
552,2,4.9553 
553,1,9.2097 
553,2,4.649 
554,1,9.5362 
554,2,6.3309 
555,1,8.6256 
555,2,6.5408 
556,1,9.7408 
556,2,6.5223 
557,1,10.1729 
557,2,3.8906 
558,1,9.725 
558,2,6.4322 
559,1,10.0054 
559,2,6.0593 
560,1,11.7245 
560,2,5.8921 
561,1,9.8642 
561,2,5.0323 
562,1,10.0541 
562,2,5.5934 
563,1,10.0576 
563,2,6.2677 
564,1,10.5273 
564,2,7.7057 
565,1,11.1982 
565,2,5.4987 
566,1,11.4012 
566,2,8.2771 
567,1,9.0196 
567,2,5.7863 
568,1,9.9589 
568,2,6.7299 
569,1,9.9144 
569,2,5.9219 
570,1,10.0157 
570,2,7.2305 
571,1,10.3498 
571,2,4.7578 
572,1,8.631 
572,2,6.288 
573,1,9.1775 
573,2,5.2858 
574,1,10.0123 
574,2,7.5819 
575,1,11.1639 
575,2,5.3311 
576,1,10.331 
576,2,4.7018 
577,1,10.3136 
577,2,5.7957 
578,1,8.4825 
578,2,8.1303 
579,1,11.6433 
579,2,4.9718 
580,1,8.7778 
580,2,6.5292 
581,1,10.4256 
581,2,5.7019 
582,1,10.0004 
582,2,6.0647 
583,1,9.7321 
583,2,5.0574 
584,1,9.0253 
584,2,5.3492 
585,1,9.9879 
585,2,5.1263 
586,1,11.0602 
586,2,5.5508 
587,1,10.9801 
587,2,4.8428 
588,1,10.8282 
588,2,6.7606 
589,1,9.7993 
589,2,8.5092 
590,1,10.6744 
590,2,7.4866 
591,1,7.5951 
591,2,3.7147 
592,1,9.9355 
592,2,6.5655 
593,1,7.595 
593,2,7.4479 
594,1,9.1004 
594,2,4.7993 
595,1,9.8096 
595,2,6.2398 
596,1,8.5954 
596,2,4.0863 
597,1,8.4277 
597,2,6.4102 
598,1,9.0025 
598,2,8.0352 
599,1,9.8104 
599,2,6.7732 
600,1,10.21 
600,2,6.3705 
601,1,11.9481 
601,2,5.6158 
602,1,8.5199 
602,2,4.569 
603,1,10.6185 
603,2,8.6469 
604,1,11.5882 
604,2,6.2123 
605,1,12.0119 
605,2,6.3724 
606,1,7.6629 
606,2,6.2945 
607,1,10.6996 
607,2,4.9342 
608,1,10.342 
608,2,5.8534 
609,1,9.572 
609,2,5.9214 
610,1,11.258 
610,2,5.9004 
611,1,10.5191 
611,2,5.2476 
612,1,9.7788 
612,2,7.5422 
613,1,8.2898 
613,2,4.9615 
614,1,11.0926 
614,2,6.416 
615,1,8.0859 
615,2,5.4844 
616,1,10.8261 
616,2,7.1362 
617,1,11.4308 
617,2,5.3672 
618,1,10.163 
618,2,6.1321 
619,1,10.8158 
619,2,5.5533 
620,1,9.091 
620,2,7.3406 
621,1,9.6656 
621,2,6.16 
622,1,8.1582 
622,2,5.9754 
623,1,8.8268 
623,2,6.0301 
624,1,10.1015 
624,2,5.8719 
625,1,8.3102 
625,2,3.4038 
626,1,10.7453 
626,2,5.1655 
627,1,8.0064 
627,2,6.771 
628,1,10.0831 
628,2,6.1041 
629,1,9.3637 
629,2,6.5345 
630,1,9.8698 
630,2,6.6665 
631,1,10.9316 
631,2,6.0227 
632,1,10.2811 
632,2,5.257 
633,1,9.4649 
633,2,5.8378 
634,1,9.2346 
634,2,4.7227 
635,1,10.4896 
635,2,6.1624 
636,1,10.1615 
636,2,4.2741 
637,1,10.0264 
637,2,6.3329 
638,1,12.4082 
638,2,5.5601 
639,1,9.1278 
639,2,6.4928 
640,1,9.4754 
640,2,6.5062 
641,1,10.4493 
641,2,5.4627 
642,1,9.3598 
642,2,6.7332 
643,1,10.11 
643,2,7.1374 
644,1,9.2751 
644,2,6.0982 
645,1,10.7306 
645,2,6.079 
646,1,8.5735 
646,2,4.7914 
647,1,9.0901 
647,2,6.221 
648,1,9.8424 
648,2,6.685 
649,1,9.4736 
649,2,7.3701 
650,1,9.7919 
650,2,5.4111 
651,1,10.407 
651,2,5.5992 
652,1,10.4114 
652,2,6.1582 
653,1,9.26 
653,2,6.8229 
654,1,10.4116 
654,2,3.5988 
655,1,9.0247 
655,2,8.179 
656,1,10.1073 
656,2,6.0864 
657,1,10.4165 
657,2,6.8991 
658,1,10.0447 
658,2,5.6623 
659,1,9.4827 
659,2,6.5487 
660,1,10.0463 
660,2,3.7106 
661,1,9.7854 
661,2,6.1113 
662,1,10.1399 
662,2,4.8892 
663,1,9.9373 
663,2,6.3986 
664,1,9.3534 
664,2,6.5331 
665,1,8.7251 
665,2,6.9474 
666,1,8.8212 
666,2,6.377 
667,1,8.9295 
667,2,6.7534 
668,1,10.0747 
668,2,7.1663 
669,1,10.2317 
669,2,5.7803 
670,1,11.012 
670,2,4.8418 
671,1,9.1231 
671,2,6.1442 
672,1,11.6576 
672,2,5.6557 
673,1,10.8695 
673,2,5.2081 
674,1,10.0274 
674,2,5.1308 
675,1,10.2933 
675,2,6.6587 
676,1,8.5084 
676,2,6.1843 
677,1,11.4359 
677,2,7.2937 
678,1,9.7803 
678,2,6.5849 
679,1,9.7817 
679,2,6.2189 
680,1,11.1804 
680,2,6.2164 
681,1,11.1796 
681,2,6.3685 
682,1,9.8135 
682,2,5.0461 
683,1,11.0154 
683,2,4.2398 
684,1,12.4207 
684,2,6.8299 
685,1,10.6025 
685,2,5.055 
686,1,11.6147 
686,2,6.4228 
687,1,10.5909 
687,2,6.2964 
688,1,11.0523 
688,2,6.056 
689,1,9.2902 
689,2,6.3429 
690,1,9.2092 
690,2,8.1247 
691,1,10.3459 
691,2,6.7118 
692,1,9.7854 
692,2,5.174 
693,1,8.8906 
693,2,8.035 
694,1,11.6116 
694,2,5.9315 
695,1,10.7927 
695,2,4.6393 
696,1,10.5497 
696,2,7.105 
697,1,10.9059 
697,2,7.6813 
698,1,11.3767 
698,2,6.0307 
699,1,11.2627 
699,2,5.9651 
700,1,12.5098 
700,2,6.196 
701,1,11.0579 
701,2,6.8791 
702,1,9.3709 
702,2,5.0432 
703,1,9.8583 
703,2,8.0714 
704,1,11.1166 
704,2,8.4233 
705,1,10.8577 
705,2,7.7321 
706,1,9.9246 
706,2,8.2487 
707,1,12.6374 
707,2,7.0305 
708,1,9.478 
708,2,6.4337 
709,1,10.7258 
709,2,6.2556 
710,1,10.1006 
710,2,5.3432 
711,1,9.8695 
711,2,6.7683 
712,1,8.8571 
712,2,4.989 
713,1,9.4788 
713,2,6.1208 
714,1,11.1158 
714,2,5.3165 
715,1,11.2766 
715,2,4.6281 
716,1,9.5515 
716,2,6.9696 
717,1,10.6863 
717,2,6.0644 
718,1,8.8468 
718,2,7.6493 
719,1,9.4246 
719,2,6.4826 
720,1,9.2139 
720,2,4.884 
721,1,8.2187 
721,2,6.7555 
722,1,9.7942 
722,2,6.4609 
723,1,8.8216 
723,2,7.6369 
724,1,7.2545 
724,2,6.4464 
725,1,9.6864 
725,2,5.2266 
726,1,9.078 
726,2,5.2956 
727,1,8.8545 
727,2,5.061 
728,1,10.0212 
728,2,7.0664 
729,1,7.7217 
729,2,5.101 
730,1,10.26 
730,2,6.8064 
731,1,8.8049 
731,2,6.0409 
732,1,9.6393 
732,2,5.475 
733,1,10.8751 
733,2,6.7157 
734,1,10.4329 
734,2,5.5398 
735,1,8.8683 
735,2,4.8853 
736,1,9.937 
736,2,7.1372 
737,1,9.0778 
737,2,5.0301 
738,1,9.0325 
738,2,6.8515 
739,1,9.9115 
739,2,5.4632 
740,1,9.1822 
740,2,6.0559 
741,1,10.3513 
741,2,5.4281 
742,1,9.4821 
742,2,5.9996 
743,1,9.7899 
743,2,7.4624 
744,1,9.5665 
744,2,5.6708 
745,1,10.1913 
745,2,4.6679 
746,1,8.6933 
746,2,6.6979 
747,1,10.2083 
747,2,3.2716 
748,1,10.1589 
748,2,6.1455 
749,1,10.0816 
749,2,7.0533 
750,1,8.3806 
750,2,6.1511 
751,1,10.4553 
751,2,5.3786 
752,1,8.9442 
752,2,5.7806 
753,1,7.7185 
753,2,6.0723 
754,1,10.9421 
754,2,6.0777 
755,1,11.2728 
755,2,5.1534 
756,1,9.3685 
756,2,5.5322 
757,1,9.4158 
757,2,7.0763 
758,1,9.6491 
758,2,5.0247 
759,1,7.9541 
759,2,6.498 
760,1,9.4538 
760,2,4.419 
761,1,11.3556 
761,2,5.0702 
762,1,9.3826 
762,2,7.5089 
763,1,9.8639 
763,2,7.5735 
764,1,11.3096 
764,2,7.4651 
765,1,9.8359 
765,2,7.1272 
766,1,11.0177 
766,2,7.2452 
767,1,11.1211 
767,2,6.2837 
768,1,9.1867 
768,2,6.7796 
769,1,8.305 
769,2,7.3431 
770,1,8.1511 
770,2,7.5293 
771,1,10.103 
771,2,4.6238 
772,1,10.01 
772,2,5.8762 
773,1,11.2748 
773,2,6.6315 
774,1,11.9342 
774,2,3.8327 
775,1,9.1798 
775,2,6.9725 
776,1,9.6652 
776,2,6.1062 
777,1,10.2917 
777,2,6.5711 
778,1,9.5752 
778,2,5.8296 
779,1,9.6434 
779,2,4.7447 
780,1,12.111 
780,2,5.5732 
781,1,8.2059 
781,2,6.0957 
782,1,10.0257 
782,2,4.1738 
783,1,11.226 
783,2,6.9974 
784,1,9.8886 
784,2,6.1369 
785,1,9.4757 
785,2,6.3375 
786,1,9.4118 
786,2,5.6964 
787,1,7.8896 
787,2,5.0212 
788,1,9.7754 
788,2,5.5375 
789,1,9.8961 
789,2,5.8306 
790,1,10.1865 
790,2,6.0084 
791,1,8.464 
791,2,6.6168 
792,1,9.1529 
792,2,6.5557 
793,1,10.0735 
793,2,6.8788 
794,1,11.0349 
794,2,5.7931 
795,1,10.4012 
795,2,5.9799 
796,1,9.8123 
796,2,6.196 
797,1,9.3355 
797,2,4.9937 
798,1,12.0866 
798,2,6.3531 
799,1,10.2213 
799,2,4.0362 
800,1,9.0675 
800,2,4.6767 
801,1,11.3899 
801,2,7.3217 
802,1,10.3473 
802,2,6.3416 
803,1,9.3157 
803,2,6.6844 
804,1,10.4075 
804,2,5.0313 
805,1,10.28 
805,2,6.7678 
806,1,9.0062 
806,2,7.0717 
807,1,9.6704 
807,2,6.1427 
808,1,9.2181 
808,2,5.3941 
809,1,9.3317 
809,2,5.5721 
810,1,8.8431 
810,2,4.2984 
811,1,11.2665 
811,2,5.9513 
812,1,10.7235 
812,2,6.1634 
813,1,9.5369 
813,2,5.5055 
814,1,8.7434 
814,2,4.7551 
815,1,10.2507 
815,2,8.0472 
816,1,10.6137 
816,2,7.2919 
817,1,9.278 
817,2,6.1747 
818,1,9.5168 
818,2,5.6419 
819,1,9.835 
819,2,6.8466 
820,1,10.0492 
820,2,7.4004 
821,1,8.7083 
821,2,5.6192 
822,1,9.2948 
822,2,6.903 
823,1,9.2007 
823,2,4.6884 
824,1,11.0025 
824,2,6.5557 
825,1,10.2886 
825,2,5.7353 
826,1,8.5841 
826,2,6.8596 
827,1,10.6587 
827,2,4.1358 
828,1,11.2202 
828,2,4.8903 
829,1,9.8369 
829,2,5.0446 
830,1,9.573 
830,2,7.1257 
831,1,10.0642 
831,2,6.5541 
832,1,9.1615 
832,2,5.8848 
833,1,10.9171 
833,2,6.6451 
834,1,9.7755 
834,2,5.8996 
835,1,11.5482 
835,2,5.3238 
836,1,10.1916 
836,2,7.0917 
837,1,9.8265 
837,2,6.0428 
838,1,11.0867 
838,2,4.9408 
839,1,9.2017 
839,2,4.2791 
840,1,8.9459 
840,2,7.007 
841,1,11.5304 
841,2,5.8903 
842,1,9.1047 
842,2,6.1906 
843,1,11.7764 
843,2,5.2809 
844,1,9.3739 
844,2,7.3403 
845,1,8.477 
845,2,6.1587 
846,1,9.632 
846,2,4.8355 
847,1,10.2576 
847,2,7.1643 
848,1,9.5339 
848,2,6.0679 
849,1,10.8209 
849,2,6.9086 
850,1,9.6238 
850,2,5.9267 
851,1,9.4849 
851,2,5.5969 
852,1,9.3767 
852,2,5.2022 
853,1,9.0645 
853,2,5.2528 
854,1,10.6267 
854,2,5.9452 
855,1,9.998 
855,2,5.0517 
856,1,9.7634 
856,2,5.2031 
857,1,8.357 
857,2,6.3949 
858,1,9.4363 
858,2,6.443 
859,1,9.9027 
859,2,5.1754 
860,1,9.6149 
860,2,5.8722 
861,1,10.5843 
861,2,5.1102 
862,1,9.036 
862,2,6.2343 
863,1,8.9629 
863,2,5.212 
864,1,10.1694 
864,2,7.4518 
865,1,10.088 
865,2,4.3006 
866,1,9.8716 
866,2,5.8354 
867,1,11.9383 
867,2,7.8429 
868,1,10.1844 
868,2,6.1167 
869,1,9.5759 
869,2,6.113 
870,1,9.1194 
870,2,5.2163 
871,1,10.7838 
871,2,7.0421 
872,1,10.2011 
872,2,4.7352 
873,1,10.0383 
873,2,5.027 
874,1,12.1423 
874,2,5.8036 
875,1,10.5601 
875,2,6.0207 
876,1,10.7401 
876,2,5.6738 
877,1,11.7363 
877,2,5.7898 
878,1,10.8782 
878,2,6.2545 
879,1,10.5279 
879,2,5.4677 
880,1,11.4216 
880,2,4.2718 
881,1,11.2027 
881,2,5.8577 
882,1,10.4735 
882,2,4.2184 
883,1,9.6705 
883,2,6.9734 
884,1,8.6718 
884,2,6.2396 
885,1,9.4713 
885,2,5.2267 
886,1,9.1101 
886,2,6.2336 
887,1,9.7061 
887,2,6.7139 
888,1,10.6012 
888,2,4.844 
889,1,9.758 
889,2,7.4828 
890,1,9.0898 
890,2,5.1286 
891,1,9.0241 
891,2,6.2716 
892,1,8.8722 
892,2,5.13 
893,1,9.2706 
893,2,5.3672 
894,1,8.8822 
894,2,5.6734 
895,1,9.729 
895,2,5.8904 
896,1,8.5587 
896,2,5.919 
897,1,10.2719 
897,2,5.5277 
898,1,10.3927 
898,2,6.2858 
899,1,10.1161 
899,2,6.5029 
900,1,9.9332 
900,2,7.2867 
901,1,10.1828 
901,2,4.9359 
902,1,9.4951 
902,2,5.7621 
903,1,11.507 
903,2,4.6365 
904,1,9.8676 
904,2,6.7643 
905,1,9.6481 
905,2,7.2039 
906,1,8.6831 
906,2,5.7774 
907,1,9.5209 
907,2,6.5363 
908,1,9.8992 
908,2,6.3147 
909,1,11.491 
909,2,7.3399 
910,1,8.3591 
910,2,4.7273 
911,1,11.7389 
911,2,7.6938 
912,1,9.8812 
912,2,7.9472 
913,1,10.6041 
913,2,3.955 
914,1,10.7223 
914,2,5.9488 
915,1,11.0336 
915,2,6.4963 
916,1,9.5376 
916,2,6.8556 
917,1,9.6981 
917,2,7.486 
918,1,9.8253 
918,2,6.142 
919,1,9.9124 
919,2,5.9715 
920,1,8.9375 
920,2,7.7097 
921,1,9.7612 
921,2,4.4859 
922,1,11.3536 
922,2,5.8699 
923,1,10.7188 
923,2,4.4361 
924,1,11.5595 
924,2,4.2474 
925,1,10.6528 
925,2,7.2225 
926,1,9.6253 
926,2,5.5283 
927,1,10.4834 
927,2,8.0631 
928,1,10.4207 
928,2,7.0953 
929,1,9.682 
929,2,5.1648 
930,1,8.5579 
930,2,6.376 
931,1,11.4414 
931,2,5.9559 
932,1,10.0782 
932,2,4.8036 
933,1,9.7031 
933,2,4.0819 
934,1,8.6496 
934,2,7.3496 
935,1,9.195 
935,2,7.0285 
936,1,10.2982 
936,2,5.3507 
937,1,9.1309 
937,2,7.4081 
938,1,9.2307 
938,2,5.6939 
939,1,10.2041 
939,2,8.1295 
940,1,9.0316 
940,2,7.5388 
941,1,11.1805 
941,2,6.9999 
942,1,10.6533 
942,2,6.3371 
943,1,9.1595 
943,2,5.7941 
944,1,9.7351 
944,2,6.2827 
945,1,9.2864 
945,2,5.2031 
946,1,10.7909 
946,2,4.6881 
947,1,10.154 
947,2,5.5384 
948,1,10.3974 
948,2,5.4802 
949,1,9.457 
949,2,7.3967 
950,1,9.7739 
950,2,6.1527 
951,1,11.3229 
951,2,7.3629 
952,1,9.4076 
952,2,6.9292 
953,1,9.9947 
953,2,5.244 
954,1,9.3174 
954,2,7.077 
955,1,9.2068 
955,2,8.1636 
956,1,9.1617 
956,2,5.1997 
957,1,9.847 
957,2,5.4591 
958,1,10.4715 
958,2,5.665 
959,1,10.3279 
959,2,5.0024 
960,1,9.6862 
960,2,6.2326 
961,1,9.1843 
961,2,6.8795 
962,1,9.7178 
962,2,5.0793 
963,1,9.4762 
963,2,5.6484 
964,1,8.1561 
964,2,6.6102 
965,1,10.9115 
965,2,6.8154 
966,1,9.8733 
966,2,5.75 
967,1,12.0865 
967,2,5.4896 
968,1,10.8678 
968,2,6.5482 
969,1,8.3141 
969,2,6.6165 
970,1,11.8635 
970,2,4.9514 
971,1,9.6169 
971,2,5.6309 
972,1,9.7826 
972,2,6.5384 
973,1,11.1031 
973,2,6.4286 
974,1,9.6336 
974,2,7.2301 
975,1,10.7681 
975,2,4.2978 
976,1,9.0128 
976,2,4.7851 
977,1,10.0265 
977,2,5.7395 
978,1,8.5385 
978,2,6.4956 
979,1,10.4431 
979,2,6.9466 
980,1,9.7803 
980,2,4.8665 
981,1,10.8552 
981,2,6.0784 
982,1,9.9026 
982,2,5.3577 
983,1,9.0013 
983,2,7.1413 
984,1,10.1138 
984,2,6.2922 
985,1,8.9586 
985,2,7.838 
986,1,10.3919 
986,2,5.173 
987,1,11.5895 
987,2,5.0247 
988,1,8.5221 
988,2,5.4789 
989,1,9.3205 
989,2,6.9362 
990,1,8.8325 
990,2,6.6931 
991,1,9.7122 
991,2,7.0428 
992,1,10.5516 
992,2,3.2629 
993,1,9.8535 
993,2,6.6296 
994,1,9.2409 
994,2,5.5284 
995,1,8.5924 
995,2,4.5941 
996,1,10.6526 
996,2,4.8509 
997,1,10.689 
997,2,5.8424 
998,1,9.3762 
998,2,6.1568 
999,1,9.6174 
999,2,3.2462 
1000,1,10.2448 
1000,2,6.5666 
