1,1,2.8154 
1,2,9.3927 
2,1,2.7765 
2,2,8.9349 
3,1,3.7169 
3,2,10.5113 
4,1,1.7332 
4,2,9.3714 
5,1,2.0345 
5,2,10.1336 
6,1,1.801 
6,2,10.9646 
7,1,0.67 
7,2,10.5266 
8,1,0.3119 
8,2,8.9311 
9,1,2.3851 
9,2,11.2295 
10,1,-0.5901 
10,2,10.234 
11,1,3.958 
11,2,8.04 
12,1,2.5119 
12,2,12.4423 
13,1,1.1599 
13,2,9.9936 
14,1,0.7738 
14,2,9.1148 
15,1,4.4429 
15,2,10.1359 
16,1,2.6151 
16,2,9.5986 
17,1,1.6352 
17,2,10.4171 
18,1,1.5506 
18,2,10.0715 
19,1,0.7824 
19,2,10.5425 
20,1,2.5509 
20,2,9.3022 
21,1,1.9839 
21,2,11.1153 
22,1,3.0798 
22,2,11.8323 
23,1,2.9758 
23,2,10.0945 
24,1,0.0273 
24,2,9.9467 
25,1,2.9502 
25,2,9.1341 
26,1,1.7441 
26,2,11.1773 
27,1,1.8367 
27,2,9.1331 
28,1,2.0163 
28,2,8.5709 
29,1,1.2447 
29,2,10.7129 
30,1,4.3943 
30,2,9.6581 
31,1,2.057 
31,2,9.6657 
32,1,0.5269 
32,2,11.7423 
33,1,2.6357 
33,2,9.8583 
34,1,2.1344 
34,2,9.207 
35,1,3.2856 
35,2,10.7631 
36,1,0.4244 
36,2,10.6407 
37,1,2.8809 
37,2,9.3816 
38,1,2.0054 
38,2,9.8625 
39,1,0.0106 
39,2,11.809 
40,1,3.7838 
40,2,9.0201 
41,1,2.0739 
41,2,10.7697 
42,1,0.657 
42,2,11.2788 
43,1,2.426 
43,2,9.089 
44,1,2.6822 
44,2,10.5776 
45,1,2.1628 
45,2,9.0854 
46,1,1.0911 
46,2,10.113 
47,1,0.4561 
47,2,8.9924 
48,1,-0.3162 
48,2,10.8079 
49,1,2.0199 
49,2,8.9362 
50,1,-0.3041 
50,2,10.774 
51,1,1.7761 
51,2,9.743 
52,1,1.7752 
52,2,11.7645 
53,1,1.7821 
53,2,11.1694 
54,1,0.5179 
54,2,9.257 
55,1,1.6242 
55,2,8.7238 
56,1,1.3126 
56,2,9.3024 
57,1,3.0121 
57,2,8.5071 
58,1,1.6045 
58,2,9.8454 
59,1,0.3225 
59,2,9.7456 
60,1,3.5065 
60,2,10.944 
61,1,1.9167 
61,2,9.7778 
62,1,2.8035 
62,2,9.507 
63,1,2.3381 
63,2,12.2117 
64,1,1.8853 
64,2,8.985 
65,1,1.3132 
65,2,10.5277 
66,1,1.0667 
66,2,10.9007 
67,1,1.9715 
67,2,9.9398 
68,1,2.8471 
68,2,9.5094 
69,1,1.6677 
69,2,9.2968 
70,1,1.4812 
70,2,10.479 
71,1,2.684 
71,2,8.8627 
72,1,1.8988 
72,2,9.6265 
73,1,-0.5542 
73,2,9.1447 
74,1,0.4669 
74,2,9.8354 
75,1,2.0856 
75,2,8.2084 
76,1,1.9629 
76,2,11.3271 
77,1,0.7955 
77,2,10.3996 
78,1,0.7945 
78,2,10.2767 
79,1,3.2198 
79,2,11.5536 
80,1,0.0787 
80,2,10.5473 
81,1,2.7496 
81,2,12.3362 
82,1,2.829 
82,2,9.3872 
83,1,2.9028 
83,2,11.7214 
84,1,2.7302 
84,2,9.5234 
85,1,2.181 
85,2,9.6042 
86,1,1.8537 
86,2,9.7944 
87,1,0.5779 
87,2,10.8876 
88,1,2.407 
88,2,9.623 
89,1,2.8334 
89,2,10.2678 
90,1,2.3787 
90,2,9.1233 
91,1,2.9234 
91,2,9.6534 
92,1,1.9185 
92,2,9.8129 
93,1,1.0669 
93,2,11.0245 
94,1,1.2391 
94,2,10.9925 
95,1,1.5961 
95,2,9.7776 
96,1,1.8844 
96,2,9.6529 
97,1,2.4949 
97,2,9.9331 
98,1,2.8906 
98,2,9.9826 
99,1,1.4214 
99,2,9.5873 
100,1,3.4199 
100,2,8.7294 
101,1,3.2173 
101,2,8.1868 
102,1,1.8808 
102,2,9.7838 
103,1,2.7235 
103,2,10.265 
104,1,1.6474 
104,2,10.6418 
105,1,1.7567 
105,2,9.9973 
106,1,1.0596 
106,2,9.2895 
107,1,1.185 
107,2,10.2726 
108,1,2.7128 
108,2,9.9204 
109,1,1.2167 
109,2,10.5153 
110,1,1.8038 
110,2,10.4911 
111,1,1.7947 
111,2,10.5106 
112,1,2.4786 
112,2,10.5681 
113,1,1.6763 
113,2,9.9807 
114,1,0.6043 
114,2,9.6761 
115,1,1.1604 
115,2,8.2935 
116,1,0.385 
116,2,10.5967 
117,1,1.5761 
117,2,9.5071 
118,1,1.7903 
118,2,10.7368 
119,1,1.5588 
119,2,10.3667 
120,1,0.1561 
120,2,10.3177 
121,1,2.0979 
121,2,9.9099 
122,1,2.8107 
122,2,10.8398 
123,1,3.2908 
123,2,10.8162 
124,1,2.8921 
124,2,11.4962 
125,1,4.2432 
125,2,11.0823 
126,1,3.1239 
126,2,10.4427 
127,1,1.8505 
127,2,10.4315 
128,1,4.5356 
128,2,9.5253 
129,1,3.7857 
129,2,12.0161 
130,1,1.5791 
130,2,10.0074 
131,1,0.5073 
131,2,9.5782 
132,1,1.5332 
132,2,10.9546 
133,1,3.1987 
133,2,11.4341 
134,1,-0.1421 
134,2,10.161 
135,1,2.4433 
135,2,10.8128 
136,1,0.0478 
136,2,9.4079 
137,1,0.8401 
137,2,11.4055 
138,1,1.3301 
138,2,10.1986 
139,1,2.5904 
139,2,9.8681 
140,1,0.4049 
140,2,8.0864 
141,1,1.6061 
141,2,9.3205 
142,1,1.6274 
142,2,10.7492 
143,1,0.7589 
143,2,10.1913 
144,1,-0.5789 
144,2,9.2211 
145,1,0.9946 
145,2,9.8612 
146,1,2.0647 
146,2,9.638 
147,1,3.2005 
147,2,13.5771 
148,1,1.1494 
148,2,11.7568 
149,1,2.6466 
149,2,10.1458 
150,1,2.065 
150,2,10.0726 
151,1,1.7515 
151,2,12.8178 
152,1,2.3346 
152,2,10.4992 
153,1,2.5563 
153,2,9.3484 
154,1,3.4776 
154,2,9.5519 
155,1,3.0032 
155,2,9.1224 
156,1,4.5423 
156,2,10.2726 
157,1,3.0917 
157,2,9.4378 
158,1,1.9182 
158,2,10.1565 
159,1,0.6089 
159,2,9.4728 
160,1,1.1726 
160,2,10.4492 
161,1,1.6412 
161,2,10.3457 
162,1,1.8158 
162,2,9.9332 
163,1,3.0273 
163,2,9.0011 
164,1,2.6955 
164,2,11.47 
165,1,2.7044 
165,2,9.5903 
166,1,1.8691 
166,2,9.2631 
167,1,2.296 
167,2,11.3159 
168,1,0.7161 
168,2,8.5296 
169,1,3.4457 
169,2,9.8994 
170,1,0.427 
170,2,9.9257 
171,1,1.6398 
171,2,10.3007 
172,1,4.0012 
172,2,10.2988 
173,1,3.6831 
173,2,9.407 
174,1,2.4356 
174,2,11.2532 
175,1,2.2375 
175,2,11.2801 
176,1,0.9575 
176,2,9.7182 
177,1,2.2008 
177,2,10.2509 
178,1,2.6941 
178,2,11.0719 
179,1,2.2958 
179,2,10.8375 
180,1,2.7407 
180,2,11.8363 
181,1,3.3376 
181,2,10.3023 
182,1,3.1428 
182,2,10.215 
183,1,2.4647 
183,2,10.4751 
184,1,2.935 
184,2,9.195 
185,1,1.1238 
185,2,10.3275 
186,1,1.5537 
186,2,10.5055 
187,1,3.6194 
187,2,9.0861 
188,1,3.9445 
188,2,7.9089 
189,1,2.6792 
189,2,10.4592 
190,1,1.0759 
190,2,9.9627 
191,1,2.791 
191,2,10.1295 
192,1,2.8068 
192,2,9.7232 
193,1,2.048 
193,2,9.6159 
194,1,2.3145 
194,2,9.4145 
195,1,1.0839 
195,2,10.2388 
196,1,1.9108 
196,2,10.5225 
197,1,3.376 
197,2,8.5137 
198,1,-0.6699 
198,2,9.3246 
199,1,0.8334 
199,2,11.7133 
200,1,1.3244 
200,2,10.6061 
201,1,0.2809 
201,2,9.4633 
202,1,0.502 
202,2,8.2475 
203,1,1.6805 
203,2,10.6698 
204,1,1.6124 
204,2,9.9166 
205,1,1.9136 
205,2,10.0798 
206,1,1.822 
206,2,9.8001 
207,1,0.1216 
207,2,9.7522 
208,1,2.7016 
208,2,9.0879 
209,1,3.2912 
209,2,11.8203 
210,1,3.6935 
210,2,9.701 
211,1,2.8258 
211,2,9.7495 
212,1,0.8337 
212,2,8.8618 
213,1,2.1166 
213,2,10.7468 
214,1,2.3834 
214,2,10.4961 
215,1,1.4321 
215,2,10.0094 
216,1,2.7288 
216,2,8.5469 
217,1,2.2821 
217,2,11.5857 
218,1,2.8504 
218,2,8.373 
219,1,2.5173 
219,2,9.076 
220,1,1.993 
220,2,10.0324 
221,1,3.1729 
221,2,10.4806 
222,1,1.4447 
222,2,8.9857 
223,1,1.4159 
223,2,11.8689 
224,1,2.8732 
224,2,9.3652 
225,1,2.4214 
225,2,9.0484 
226,1,2.8623 
226,2,9.8404 
227,1,-0.1051 
227,2,11.5996 
228,1,2.7542 
228,2,9.465 
229,1,1.8589 
229,2,8.6465 
230,1,2.946 
230,2,8.4511 
231,1,3.1807 
231,2,10.068 
232,1,1.5908 
232,2,9.1235 
233,1,1.0463 
233,2,11.1122 
234,1,3.1176 
234,2,9.6799 
235,1,2.4522 
235,2,10.2287 
236,1,0.9978 
236,2,9.8606 
237,1,0.1162 
237,2,8.4225 
238,1,2.7524 
238,2,9.4488 
239,1,1.9783 
239,2,10.3756 
240,1,1.7282 
240,2,10.5667 
241,1,2.0446 
241,2,10.4382 
242,1,1.2303 
242,2,9.6347 
243,1,3.0691 
243,2,8.8644 
244,1,3.0465 
244,2,12.5071 
245,1,1.9117 
245,2,10.4579 
246,1,2.8704 
246,2,8.7121 
247,1,3.5813 
247,2,9.3612 
248,1,1.5567 
248,2,10.8691 
249,1,1.8532 
249,2,9.6319 
250,1,2.1313 
250,2,9.811 
251,1,1.6124 
251,2,9.8803 
252,1,1.6586 
252,2,12.1482 
253,1,1.5365 
253,2,9.5867 
254,1,0.887 
254,2,10.5719 
255,1,-0.4919 
255,2,10.4127 
256,1,1.7557 
256,2,10.1351 
257,1,1.259 
257,2,11.2922 
258,1,1.419 
258,2,10.8047 
259,1,2.6905 
259,2,10.4488 
260,1,-0.5268 
260,2,10.2507 
261,1,1.5548 
261,2,9.537 
262,1,2.0641 
262,2,9.6171 
263,1,2.4745 
263,2,9.3738 
264,1,2.0331 
264,2,11.1029 
265,1,1.1778 
265,2,11.6006 
266,1,1.9052 
266,2,9.2942 
267,1,0.7488 
267,2,9.5187 
268,1,0.2291 
268,2,9.3461 
269,1,2.7494 
269,2,10.7124 
270,1,1.3834 
270,2,8.3707 
271,1,1.4242 
271,2,10.4091 
272,1,3.6329 
272,2,8.4704 
273,1,1.8136 
273,2,9.4667 
274,1,2.2121 
274,2,8.5789 
275,1,1.9186 
275,2,10.4435 
276,1,2.1794 
276,2,9.8497 
277,1,3.8986 
277,2,10.8211 
278,1,0.3834 
278,2,9.3898 
279,1,2.3245 
279,2,10.0209 
280,1,1.8527 
280,2,9.772 
281,1,3.7429 
281,2,10.7951 
282,1,1.3811 
282,2,10.5922 
283,1,2.3069 
283,2,9.0586 
284,1,1.1009 
284,2,8.4929 
285,1,2.727 
285,2,9.3501 
286,1,1.8118 
286,2,10.5594 
287,1,2.0727 
287,2,9.8082 
288,1,1.1779 
288,2,9.5375 
289,1,1.6565 
289,2,11.1394 
290,1,2.9688 
290,2,10.0446 
291,1,1.2427 
291,2,8.7997 
292,1,2.915 
292,2,9.2131 
293,1,1.7938 
293,2,11.2022 
294,1,-0.0254 
294,2,9.222 
295,1,1.745 
295,2,9.1903 
296,1,0.7796 
296,2,10.5524 
297,1,2.8279 
297,2,11.6435 
298,1,3.7817 
298,2,11.1163 
299,1,2.6405 
299,2,8.6451 
300,1,2.2281 
300,2,9.8778 
301,1,2.4217 
301,2,11.4762 
302,1,0.8403 
302,2,11.1591 
303,1,1.27 
303,2,8.9875 
304,1,2.045 
304,2,8.711 
305,1,2.1031 
305,2,10.6532 
306,1,1.0369 
306,2,10.6598 
307,1,0.1173 
307,2,11.3675 
308,1,3.0951 
308,2,8.6853 
309,1,1.6744 
309,2,10.2232 
310,1,3.2931 
310,2,9.7213 
311,1,0.1413 
311,2,9.5998 
312,1,1.0165 
312,2,8.917 
313,1,0.8553 
313,2,9.048 
314,1,2.0686 
314,2,9.4954 
315,1,1.0773 
315,2,11.6446 
316,1,1.4287 
316,2,11.1167 
317,1,1.1216 
317,2,9.3025 
318,1,1.6187 
318,2,9.7058 
319,1,2.0628 
319,2,11.2329 
320,1,1.6667 
320,2,8.783 
321,1,1.5098 
321,2,11.6441 
322,1,1.8563 
322,2,9.2024 
323,1,4.5389 
323,2,9.0929 
324,1,2.3118 
324,2,10.7995 
325,1,1.3408 
325,2,10.0698 
326,1,3.226 
326,2,10.8676 
327,1,1.3239 
327,2,10.2455 
328,1,1.8875 
328,2,11.0286 
329,1,3.4592 
329,2,9.9589 
330,1,1.8657 
330,2,10.9707 
331,1,2.4878 
331,2,8.4176 
332,1,2.7753 
332,2,9.1954 
333,1,2.5528 
333,2,11.0939 
334,1,3.2285 
334,2,10.4191 
335,1,2.3432 
335,2,10.2832 
336,1,3.0241 
336,2,10.2292 
337,1,2.596 
337,2,10.0307 
338,1,2.0121 
338,2,10.8011 
339,1,2.2297 
339,2,11.0668 
340,1,1.7355 
340,2,9.6163 
341,1,1.7992 
341,2,9.9936 
342,1,1.6025 
342,2,10.5802 
343,1,3.8225 
343,2,11.8721 
344,1,2.4589 
344,2,10.5718 
345,1,1.2425 
345,2,9.1599 
346,1,2.3656 
346,2,9.0891 
347,1,2.4678 
347,2,9.664 
348,1,2.7558 
348,2,11.3821 
349,1,1.7498 
349,2,9.2438 
350,1,0.5328 
350,2,10.0277 
351,1,2.4235 
351,2,11.1453 
352,1,4.9048 
352,2,9.5427 
353,1,1.2563 
353,2,12.2044 
354,1,1.3801 
354,2,10.2827 
355,1,1.317 
355,2,9.7692 
356,1,2.2725 
356,2,9.7222 
357,1,1.1464 
357,2,11.9951 
358,1,-1.1873 
358,2,11.5331 
359,1,2.4145 
359,2,10.7343 
360,1,2.163 
360,2,10.0314 
361,1,3.2687 
361,2,10.607 
362,1,0.1662 
362,2,9.3389 
363,1,2.3813 
363,2,9.8357 
364,1,2.1924 
364,2,11.8737 
365,1,2.6159 
365,2,10.89 
366,1,0.8461 
366,2,11.2838 
367,1,2.4366 
367,2,10.5818 
368,1,1.0091 
368,2,10.4396 
369,1,2.3255 
369,2,10.6444 
370,1,0.9179 
370,2,9.9534 
371,1,1.3831 
371,2,9.4165 
372,1,2.0925 
372,2,9.9386 
373,1,2.4356 
373,2,10.5009 
374,1,2.2196 
374,2,8.2049 
375,1,1.9534 
375,2,10.4785 
376,1,2.1501 
376,2,9.9831 
377,1,2.6669 
377,2,8.5277 
378,1,1.3326 
378,2,9.1115 
379,1,1.807 
379,2,12.3626 
380,1,0.8001 
380,2,9.1263 
381,1,3.0563 
381,2,9.7212 
382,1,0.4998 
382,2,9.7131 
383,1,0.2796 
383,2,9.6336 
384,1,0.8272 
384,2,8.514 
385,1,3.4948 
385,2,10.247 
386,1,1.5282 
386,2,9.7386 
387,1,1.5721 
387,2,10.3279 
388,1,4.5937 
388,2,11.5733 
389,1,1.4482 
389,2,8.5871 
390,1,2.4384 
390,2,9.3191 
391,1,2.9099 
391,2,8.9538 
392,1,2.4736 
392,2,10.0776 
393,1,1.1698 
393,2,10.592 
394,1,3.0526 
394,2,10.9712 
395,1,0.8119 
395,2,9.8442 
396,1,1.8856 
396,2,10.4759 
397,1,1.7499 
397,2,11.4654 
398,1,1.1908 
398,2,9.7064 
399,1,2.6008 
399,2,9.4764 
400,1,2.2679 
400,2,9.1788 
401,1,3.2275 
401,2,10.5887 
402,1,0.806 
402,2,8.4636 
403,1,1.5938 
403,2,10.2906 
404,1,3.0432 
404,2,11.365 
405,1,2.0907 
405,2,8.964 
406,1,2.7207 
406,2,9.0912 
407,1,0.4272 
407,2,10.7429 
408,1,2.5124 
408,2,12.1744 
409,1,0.9025 
409,2,9.4602 
410,1,0.8102 
410,2,11.1671 
411,1,1.3554 
411,2,8.6679 
412,1,0.5835 
412,2,8.7018 
413,1,2.2552 
413,2,9.1273 
414,1,2.5804 
414,2,8.9683 
415,1,2.0234 
415,2,9.2694 
416,1,1.8334 
416,2,9.8729 
417,1,1.2303 
417,2,9.0206 
418,1,1.8265 
418,2,10.5906 
419,1,1.7219 
419,2,9.3894 
420,1,2.8743 
420,2,10.9205 
421,1,2.2287 
421,2,10.9074 
422,1,1.7421 
422,2,8.8289 
423,1,-0.6366 
423,2,9.7258 
424,1,1.0489 
424,2,10.4438 
425,1,2.6513 
425,2,10.5196 
426,1,3.6091 
426,2,10.18 
427,1,1.3151 
427,2,10.8643 
428,1,2.0669 
428,2,8.0801 
429,1,2.133 
429,2,9.5855 
430,1,2.2099 
430,2,7.5196 
431,1,2.7704 
431,2,10.2937 
432,1,1.8435 
432,2,9.8699 
433,1,1.1054 
433,2,10.6614 
434,1,1.5277 
434,2,8.9906 
435,1,2.9352 
435,2,10.2345 
436,1,3.4409 
436,2,9.1797 
437,1,2.1072 
437,2,9.8714 
438,1,0.9575 
438,2,10.0446 
439,1,2.1606 
439,2,8.4899 
440,1,2.6156 
440,2,10.4697 
441,1,2.4017 
441,2,9.63 
442,1,2.6881 
442,2,9.8407 
443,1,0.6553 
443,2,10.521 
444,1,1.4318 
444,2,11.7259 
445,1,1.4494 
445,2,8.7472 
446,1,2.1265 
446,2,9.9883 
447,1,1.6381 
447,2,8.9573 
448,1,3.4913 
448,2,10.4974 
449,1,1.928 
449,2,11.6988 
450,1,1.0971 
450,2,9.8154 
451,1,3.79 
451,2,10.5639 
452,1,2.0693 
452,2,11.091 
453,1,3.1554 
453,2,10.3996 
454,1,1.7276 
454,2,9.0634 
455,1,1.6483 
455,2,10.9345 
456,1,1.5396 
456,2,10.5054 
457,1,1.8027 
457,2,8.5708 
458,1,1.9583 
458,2,9.7896 
459,1,1.7629 
459,2,12.0748 
460,1,2.3094 
460,2,8.6038 
461,1,3.7462 
461,2,10.4585 
462,1,2.4014 
462,2,9.2071 
463,1,2.7342 
463,2,9.4473 
464,1,1.9146 
464,2,9.8642 
465,1,2.4165 
465,2,8.7621 
466,1,3.2851 
466,2,9.5819 
467,1,2.2921 
467,2,9.6814 
468,1,1.1574 
468,2,11.3703 
469,1,1.4734 
469,2,11.4122 
470,1,1.6188 
470,2,10.2992 
471,1,2.5046 
471,2,9.8069 
472,1,1.8718 
472,2,11.3651 
473,1,2.2503 
473,2,8.6 
474,1,0.7478 
474,2,10.9472 
475,1,2.1625 
475,2,8.6871 
476,1,2.0208 
476,2,8.9218 
477,1,3.1688 
477,2,10.9539 
478,1,3.3834 
478,2,10.3047 
479,1,1.2679 
479,2,9.0738 
480,1,1.8491 
480,2,9.3099 
481,1,2.6116 
481,2,9.4405 
482,1,2.9869 
482,2,10.2585 
483,1,2.4236 
483,2,10.5749 
484,1,2.5125 
484,2,9.0885 
485,1,1.1195 
485,2,10.0031 
486,1,1.1304 
486,2,7.9615 
487,1,2.962 
487,2,8.7939 
488,1,3.1218 
488,2,9.7383 
489,1,2.1405 
489,2,11.0487 
490,1,2.7309 
490,2,10.6062 
491,1,2.4856 
491,2,9.7071 
492,1,3.31 
492,2,9.6834 
493,1,2.5242 
493,2,11.369 
494,1,-0.2713 
494,2,9.1182 
495,1,2.5239 
495,2,11.0205 
496,1,2.5049 
496,2,10.0715 
497,1,1.1728 
497,2,11.4422 
498,1,0.9289 
498,2,9.6116 
499,1,3.3876 
499,2,10.5375 
500,1,3.016 
500,2,10.6581 
501,1,8.6764 
501,2,7.5211 
502,1,7.4881 
502,2,7.1502 
503,1,7.4093 
503,2,5.2312 
504,1,7.665 
504,2,6.093 
505,1,6.6224 
505,2,6.2279 
506,1,7.4098 
506,2,4.7031 
507,1,6.4019 
507,2,5.7026 
508,1,6.5484 
508,2,5.8001 
509,1,7.4473 
509,2,7.9585 
510,1,6.2952 
510,2,6.9134 
511,1,7.3081 
511,2,5.3284 
512,1,8.5445 
512,2,8.2373 
513,1,8.1568 
513,2,4.3798 
514,1,7.504 
514,2,4.9778 
515,1,5.8029 
515,2,5.7474 
516,1,6.9375 
516,2,7.8427 
517,1,7.4812 
517,2,4.9046 
518,1,9.4152 
518,2,5.9168 
519,1,6.6968 
519,2,3.9577 
520,1,7.7512 
520,2,6.3058 
521,1,8.9436 
521,2,7.1612 
522,1,8.3838 
522,2,5.6954 
523,1,8.9479 
523,2,7.2267 
524,1,7.2694 
524,2,5.8276 
525,1,7.3062 
525,2,5.3751 
526,1,8.3947 
526,2,5.7557 
527,1,7.4591 
527,2,6.4153 
528,1,9.1685 
528,2,7.4478 
529,1,7.4829 
529,2,4.0927 
530,1,8.4096 
530,2,6.3184 
531,1,7.9999 
531,2,7.8511 
532,1,7.9372 
532,2,6.1773 
533,1,8.4475 
533,2,4.337 
534,1,7.7124 
534,2,5.0577 
535,1,6.7503 
535,2,5.7051 
536,1,7.9641 
536,2,7.2661 
537,1,7.8268 
537,2,6.5718 
538,1,10.419 
538,2,7.0505 
539,1,8.7528 
539,2,5.313 
540,1,7.6613 
540,2,5.6934 
541,1,6.8556 
541,2,6.4666 
542,1,8.8216 
542,2,5.556 
543,1,8.1659 
543,2,5.2047 
544,1,9.4904 
544,2,7.7534 
545,1,6.251 
545,2,6.0694 
546,1,7.0953 
546,2,7.0828 
547,1,6.7914 
547,2,5.7989 
548,1,8.0282 
548,2,4.5009 
549,1,9.5384 
549,2,5.4441 
550,1,7.5338 
550,2,6.4646 
551,1,6.4187 
551,2,7.5971 
552,1,9.12 
552,2,5.4422 
553,1,9.1051 
553,2,5.3269 
554,1,8.57 
554,2,5.8604 
555,1,10.7034 
555,2,4.4179 
556,1,7.592 
556,2,4.8569 
557,1,7.9061 
557,2,7.1823 
558,1,7.4053 
558,2,7.1308 
559,1,5.2396 
559,2,7.5467 
560,1,9.1309 
560,2,7.387 
561,1,7.7805 
561,2,4.4851 
562,1,7.5933 
562,2,5.4691 
563,1,7.8755 
563,2,4.1601 
564,1,9.7085 
564,2,7.6922 
565,1,8.3211 
565,2,6.2026 
566,1,8.8606 
566,2,7.9132 
567,1,6.3883 
567,2,5.0391 
568,1,9.3641 
568,2,5.8377 
569,1,8.0668 
569,2,6.0284 
570,1,6.8266 
570,2,5.4148 
571,1,10.0513 
571,2,5.2495 
572,1,7.6359 
572,2,6.0866 
573,1,8.5667 
573,2,6.7036 
574,1,6.9443 
574,2,6.281 
575,1,9.5286 
575,2,4.3807 
576,1,8.9308 
576,2,5.308 
577,1,7.0137 
577,2,4.3757 
578,1,8.6621 
578,2,8.6908 
579,1,6.5531 
579,2,6.5433 
580,1,8.1035 
580,2,5.1876 
581,1,8.8331 
581,2,5.6684 
582,1,8.3043 
582,2,6.4187 
583,1,7.0746 
583,2,8.4368 
584,1,8.3901 
584,2,6.6089 
585,1,7.7406 
585,2,5.4563 
586,1,7.7647 
586,2,5.6797 
587,1,9.7268 
587,2,7.6133 
588,1,7.7132 
588,2,5.0178 
589,1,8.2079 
589,2,4.7468 
590,1,7.3047 
590,2,7.1081 
591,1,10.2423 
591,2,5.737 
592,1,7.7644 
592,2,6.5002 
593,1,8.1779 
593,2,6.4842 
594,1,9.1632 
594,2,5.1247 
595,1,7.7635 
595,2,6.6142 
596,1,9.3337 
596,2,5.7411 
597,1,6.7951 
597,2,5.0528 
598,1,8.8662 
598,2,5.6197 
599,1,8.2149 
599,2,6.3042 
600,1,7.6732 
600,2,7.5192 
601,1,9.3112 
601,2,5.618 
602,1,7.4893 
602,2,6.7635 
603,1,8.1016 
603,2,7.8261 
604,1,9.6161 
604,2,5.8591 
605,1,7.8712 
605,2,4.3323 
606,1,7.369 
606,2,3.8992 
607,1,7.6428 
607,2,6.3454 
608,1,6.7358 
608,2,5.5144 
609,1,8.3128 
609,2,4.8579 
610,1,7.5512 
610,2,8.7056 
611,1,7.773 
611,2,6.0291 
612,1,9.8485 
612,2,6.2177 
613,1,7.2133 
613,2,6.7516 
614,1,7.0834 
614,2,6.5274 
615,1,8.3568 
615,2,4.7939 
616,1,7.1836 
616,2,4.673 
617,1,6.4223 
617,2,5.9554 
618,1,8.7184 
618,2,5.6653 
619,1,7.4165 
619,2,6.3606 
620,1,8.7331 
620,2,4.7975 
621,1,8.7697 
621,2,4.8926 
622,1,7.677 
622,2,7.0282 
623,1,6.3375 
623,2,6.6013 
624,1,7.098 
624,2,4.434 
625,1,8.0166 
625,2,3.8607 
626,1,9.1232 
626,2,6.4642 
627,1,7.8075 
627,2,4.8679 
628,1,7.9421 
628,2,3.9726 
629,1,8.1873 
629,2,6.5419 
630,1,7.8822 
630,2,4.6846 
631,1,6.8714 
631,2,6.0029 
632,1,5.8351 
632,2,6.2746 
633,1,8.3494 
633,2,4.0148 
634,1,8.5614 
634,2,5.1028 
635,1,8.5992 
635,2,6.1804 
636,1,7.5058 
636,2,6.2754 
637,1,7.1553 
637,2,6.7109 
638,1,7.7705 
638,2,5.7352 
639,1,8.2578 
639,2,5.7151 
640,1,6.1921 
640,2,6.9399 
641,1,8.7358 
641,2,6.4776 
642,1,8.953 
642,2,6.6047 
643,1,8.7836 
643,2,5.9888 
644,1,7.0627 
644,2,6.3531 
645,1,7.7579 
645,2,6.2495 
646,1,8.0226 
646,2,5.2412 
647,1,8.1967 
647,2,5.4023 
648,1,9.3555 
648,2,4.6685 
649,1,6.6674 
649,2,5.6833 
650,1,8.0048 
650,2,4.9903 
651,1,8.8947 
651,2,6.5762 
652,1,8.6388 
652,2,6.603 
653,1,6.3061 
653,2,6.0011 
654,1,6.9474 
654,2,6.3668 
655,1,8.0856 
655,2,7.5315 
656,1,8.3953 
656,2,4.4119 
657,1,8.6229 
657,2,6.4923 
658,1,8.1185 
658,2,5.8577 
659,1,7.099 
659,2,5.2686 
660,1,7.5506 
660,2,6.6842 
661,1,7.9257 
661,2,5.726 
662,1,7.0964 
662,2,7.611 
663,1,8.8573 
663,2,6.6116 
664,1,8.4481 
664,2,8.2066 
665,1,9.7177 
665,2,6.8492 
666,1,7.1266 
666,2,7.0673 
667,1,7.3246 
667,2,5.4441 
668,1,7.8013 
668,2,5.4585 
669,1,5.5867 
669,2,6.764 
670,1,8.2572 
670,2,5.935 
671,1,9.6428 
671,2,6.0701 
672,1,7.1695 
672,2,8.6737 
673,1,7.5942 
673,2,3.8179 
674,1,8.709 
674,2,5.5389 
675,1,7.5381 
675,2,6.2191 
676,1,6.6201 
676,2,5.7097 
677,1,8.9419 
677,2,7.7087 
678,1,7.3866 
678,2,5.9262 
679,1,6.3295 
679,2,6.4393 
680,1,7.2521 
680,2,5.1252 
681,1,8.4536 
681,2,5.5053 
682,1,7.9332 
682,2,6.174 
683,1,8.2862 
683,2,5.531 
684,1,7.779 
684,2,4.3508 
685,1,8.597 
685,2,5.308 
686,1,7.2671 
686,2,5.6437 
687,1,7.6878 
687,2,6.8316 
688,1,8.5138 
688,2,7.0366 
689,1,9.8665 
689,2,8.9017 
690,1,8.1594 
690,2,6.1551 
691,1,7.6781 
691,2,5.989 
692,1,6.6566 
692,2,6.4995 
693,1,8.7447 
693,2,6.3375 
694,1,7.8873 
694,2,5.6983 
695,1,6.9664 
695,2,5.2185 
696,1,8.0741 
696,2,6.5139 
697,1,6.9555 
697,2,6.6496 
698,1,9.8134 
698,2,6.7531 
699,1,8.6085 
699,2,6.0535 
700,1,7.4976 
700,2,5.3582 
701,1,8.375 
701,2,6.0595 
702,1,6.6431 
702,2,5.4514 
703,1,8.0588 
703,2,6.2286 
704,1,9.646 
704,2,4.8987 
705,1,8.4309 
705,2,6.8931 
706,1,8.8958 
706,2,6.0652 
707,1,7.1323 
707,2,4.7406 
708,1,6.1973 
708,2,5.9224 
709,1,6.978 
709,2,7.5842 
710,1,7.9526 
710,2,6.7046 
711,1,5.0396 
711,2,6.1682 
712,1,8.7552 
712,2,4.4998 
713,1,7.6716 
713,2,7.3726 
714,1,7.5834 
714,2,5.9943 
715,1,5.7068 
715,2,8.3313 
716,1,5.523 
716,2,6.0157 
717,1,5.5456 
717,2,7.9142 
718,1,8.0097 
718,2,6.7592 
719,1,8.468 
719,2,6.816 
720,1,7.7615 
720,2,5.9951 
721,1,9.6255 
721,2,7.0456 
722,1,8.8543 
722,2,4.8153 
723,1,7.6843 
723,2,4.1387 
724,1,8.2247 
724,2,4.4056 
725,1,8.2562 
725,2,5.3015 
726,1,8.9021 
726,2,5.3236 
727,1,9.8467 
727,2,4.9791 
728,1,6.3402 
728,2,5.0721 
729,1,6.8234 
729,2,6.638 
730,1,9.8688 
730,2,4.3484 
731,1,7.7335 
731,2,4.8164 
732,1,9.3891 
732,2,6.2297 
733,1,8.3223 
733,2,4.6572 
734,1,9.2432 
734,2,7.8065 
735,1,11.2144 
735,2,5.8684 
736,1,6.4535 
736,2,5.4871 
737,1,6.9132 
737,2,6.3776 
738,1,6.9475 
738,2,5.359 
739,1,8.4867 
739,2,5.7156 
740,1,7.3972 
740,2,6.4557 
741,1,6.7881 
741,2,4.4354 
742,1,9.417 
742,2,5.6059 
743,1,6.4151 
743,2,6.8064 
744,1,8.4288 
744,2,7.8167 
745,1,7.404 
745,2,4.9049 
746,1,6.8873 
746,2,6.7515 
747,1,7.4995 
747,2,5.6356 
748,1,8.3319 
748,2,4.5778 
749,1,7.3928 
749,2,7.9953 
750,1,8.5302 
750,2,5.3153 
751,1,9.7955 
751,2,6.4204 
752,1,7.5168 
752,2,5.2332 
753,1,8.6096 
753,2,5.9532 
754,1,8.5952 
754,2,5.4549 
755,1,7.5223 
755,2,4.9986 
756,1,9.1966 
756,2,7.0842 
757,1,7.0329 
757,2,6.9746 
758,1,8.8227 
758,2,5.828 
759,1,6.8404 
759,2,7.0042 
760,1,6.3072 
760,2,6.3491 
761,1,6.9331 
761,2,4.3987 
762,1,8.653 
762,2,6.2423 
763,1,5.9783 
763,2,6.2727 
764,1,6.9224 
764,2,6.1608 
765,1,9.1716 
765,2,3.2991 
766,1,8.4958 
766,2,5.3809 
767,1,11.6239 
767,2,7.5312 
768,1,9.4246 
768,2,5.607 
769,1,6.6785 
769,2,6.2708 
770,1,6.7279 
770,2,6.3109 
771,1,7.6755 
771,2,5.8382 
772,1,9.4156 
772,2,5.2963 
773,1,7.6828 
773,2,7.3382 
774,1,6.9276 
774,2,5.507 
775,1,7.6702 
775,2,6.6209 
776,1,8.6103 
776,2,4.689 
777,1,8.5651 
777,2,6.2287 
778,1,8.1462 
778,2,5.8933 
779,1,9.7607 
779,2,5.8898 
780,1,7.9796 
780,2,5.169 
781,1,7.9349 
781,2,6.4951 
782,1,6.5312 
782,2,5.9892 
783,1,7.4479 
783,2,6.9478 
784,1,8.4471 
784,2,4.6467 
785,1,6.5365 
785,2,6.3613 
786,1,7.0166 
786,2,7.1268 
787,1,7.4327 
787,2,7.0037 
788,1,6.3429 
788,2,5.6184 
789,1,6.3429 
789,2,6.5839 
790,1,9.8146 
790,2,4.9825 
791,1,7.3253 
791,2,7.0677 
792,1,7.2525 
792,2,7.0076 
793,1,8.0611 
793,2,7.1671 
794,1,7.2117 
794,2,4.6873 
795,1,9.0861 
795,2,4.992 
796,1,7.82 
796,2,4.7513 
797,1,8.576 
797,2,7.8832 
798,1,9.7505 
798,2,5.5865 
799,1,8.0582 
799,2,5.6994 
800,1,7.0956 
800,2,6.2081 
801,1,8.0642 
801,2,6.9021 
802,1,8.3359 
802,2,5.4571 
803,1,6.7614 
803,2,6.0196 
804,1,6.6149 
804,2,8.6684 
805,1,7.9065 
805,2,6.2838 
806,1,8.1719 
806,2,7.7433 
807,1,10.0526 
807,2,5.7879 
808,1,8.1111 
808,2,4.8929 
809,1,8.0822 
809,2,6.1121 
810,1,9.6204 
810,2,6.6736 
811,1,9.0324 
811,2,6.3561 
812,1,7.3417 
812,2,6.1284 
813,1,7.2725 
813,2,4.8134 
814,1,8.0664 
814,2,6.3315 
815,1,8.5704 
815,2,4.9623 
816,1,7.1197 
816,2,8.2231 
817,1,6.7469 
817,2,6.5276 
818,1,9.3645 
818,2,6.0928 
819,1,7.2684 
819,2,7.3634 
820,1,9.2121 
820,2,6.4526 
821,1,9.0993 
821,2,4.8566 
822,1,8.9996 
822,2,6.0376 
823,1,7.3917 
823,2,4.045 
824,1,7.3727 
824,2,5.9311 
825,1,8.1927 
825,2,4.2606 
826,1,7.9217 
826,2,6.2601 
827,1,9.2329 
827,2,3.5836 
828,1,9.1961 
828,2,6.3214 
829,1,8.0596 
829,2,5.779 
830,1,8.6579 
830,2,6.3756 
831,1,9.6869 
831,2,6.3067 
832,1,8.1625 
832,2,5.1392 
833,1,8.8931 
833,2,6.9358 
834,1,7.7415 
834,2,4.8259 
835,1,9.6184 
835,2,5.298 
836,1,8.7332 
836,2,7.1945 
837,1,8.3571 
837,2,5.8251 
838,1,7.215 
838,2,6.9457 
839,1,6.7607 
839,2,5.7778 
840,1,9.3709 
840,2,5.4092 
841,1,6.2067 
841,2,5.716 
842,1,7.1554 
842,2,6.1328 
843,1,7.0568 
843,2,7.8495 
844,1,5.9784 
844,2,5.3704 
845,1,9.1981 
845,2,4.8586 
846,1,9.159 
846,2,4.4576 
847,1,7.7093 
847,2,6.0176 
848,1,9.1569 
848,2,7.0677 
849,1,9.2164 
849,2,6.4817 
850,1,7.719 
850,2,4.9412 
851,1,7.0684 
851,2,6.9928 
852,1,6.5596 
852,2,4.7521 
853,1,7.3026 
853,2,6.4555 
854,1,9.9112 
854,2,6.9339 
855,1,8.3775 
855,2,8.2139 
856,1,9.8419 
856,2,5.6626 
857,1,8.8413 
857,2,7.5997 
858,1,7.5924 
858,2,5.4824 
859,1,7.2929 
859,2,7.9221 
860,1,9.732 
860,2,5.5932 
861,1,8.1553 
861,2,6.0581 
862,1,7.0731 
862,2,5.7852 
863,1,8.1292 
863,2,5.9053 
864,1,7.879 
864,2,6.0602 
865,1,8.3849 
865,2,5.0311 
866,1,8.5724 
866,2,4.8322 
867,1,8.7387 
867,2,5.8122 
868,1,8.1342 
868,2,6.096 
869,1,9.7035 
869,2,7.0777 
870,1,9.0305 
870,2,5.8054 
871,1,8.0317 
871,2,5.9829 
872,1,7.7611 
872,2,5.777 
873,1,7.4296 
873,2,5.7302 
874,1,7.5475 
874,2,6.866 
875,1,6.4877 
875,2,7.6094 
876,1,6.6156 
876,2,5.2356 
877,1,9.2955 
877,2,6.5096 
878,1,8.8836 
878,2,7.5371 
879,1,6.4649 
879,2,6.1413 
880,1,7.2771 
880,2,6.0081 
881,1,6.8956 
881,2,5.7367 
882,1,9.6206 
882,2,4.9684 
883,1,7.5752 
883,2,4.6179 
884,1,8.2324 
884,2,6.7191 
885,1,8.841 
885,2,6.6982 
886,1,7.5427 
886,2,5.3559 
887,1,8.4337 
887,2,5.8925 
888,1,10.1905 
888,2,6.3565 
889,1,7.4362 
889,2,5.0517 
890,1,8.7493 
890,2,6.2035 
891,1,7.4468 
891,2,4.9208 
892,1,7.8124 
892,2,6.8212 
893,1,8.3106 
893,2,6.9116 
894,1,7.9698 
894,2,6.6469 
895,1,6.8087 
895,2,5.5979 
896,1,6.9438 
896,2,8.5033 
897,1,8.0355 
897,2,6.716 
898,1,6.4884 
898,2,4.6014 
899,1,7.3771 
899,2,5.7517 
900,1,8.0345 
900,2,7.2101 
901,1,6.2097 
901,2,5.2614 
902,1,8.184 
902,2,6.2873 
903,1,7.2926 
903,2,5.7871 
904,1,7.5958 
904,2,5.5226 
905,1,7.6059 
905,2,7.6005 
906,1,8.6826 
906,2,6.2218 
907,1,8.8427 
907,2,4.3239 
908,1,8.7911 
908,2,5.8961 
909,1,9.2678 
909,2,5.9928 
910,1,8.7617 
910,2,6.3418 
911,1,10.1813 
911,2,4.7121 
912,1,8.9328 
912,2,6.0665 
913,1,7.1825 
913,2,6.898 
914,1,7.8182 
914,2,6.2806 
915,1,7.1921 
915,2,6.9111 
916,1,6.8892 
916,2,6.1744 
917,1,8.5545 
917,2,6.1215 
918,1,6.7305 
918,2,5.8669 
919,1,7.1702 
919,2,4.5922 
920,1,8.1854 
920,2,6.0726 
921,1,6.726 
921,2,6.5187 
922,1,7.0942 
922,2,6.3133 
923,1,7.4524 
923,2,5.5237 
924,1,7.7673 
924,2,5.5633 
925,1,7.4839 
925,2,6.2051 
926,1,7.2721 
926,2,7.6566 
927,1,8.6928 
927,2,6.5278 
928,1,8.464 
928,2,4.5813 
929,1,7.7202 
929,2,4.5632 
930,1,6.8964 
930,2,5.9305 
931,1,6.1078 
931,2,5.837 
932,1,8.5533 
932,2,5.0941 
933,1,7.1826 
933,2,7.2848 
934,1,7.4187 
934,2,6.7962 
935,1,6.4146 
935,2,6.8402 
936,1,5.9139 
936,2,6.7219 
937,1,8.2405 
937,2,6.6249 
938,1,8.8417 
938,2,7.2618 
939,1,8.8251 
939,2,3.1923 
940,1,8.8068 
940,2,6.4663 
941,1,8.3302 
941,2,4.8711 
942,1,6.7572 
942,2,6.6634 
943,1,9.452 
943,2,6.1412 
944,1,7.9164 
944,2,5.0775 
945,1,8.2636 
945,2,8.118 
946,1,8.4343 
946,2,5.9492 
947,1,8.5965 
947,2,5.8255 
948,1,7.0641 
948,2,5.8829 
949,1,8.3717 
949,2,4.3017 
950,1,7.6647 
950,2,4.8382 
951,1,8.2596 
951,2,8.1643 
952,1,8.377 
952,2,7.4604 
953,1,7.6062 
953,2,6.1667 
954,1,6.8546 
954,2,6.4818 
955,1,9.2976 
955,2,4.8807 
956,1,8.9438 
956,2,5.8577 
957,1,6.4167 
957,2,6.6793 
958,1,7.2221 
958,2,6.6211 
959,1,7.6804 
959,2,7.1279 
960,1,7.6569 
960,2,5.491 
961,1,7.7256 
961,2,4.5152 
962,1,8.5778 
962,2,4.5877 
963,1,7.3771 
963,2,3.5417 
964,1,5.9963 
964,2,7.076 
965,1,7.9636 
965,2,4.9547 
966,1,7.5892 
966,2,7.0143 
967,1,7.1623 
967,2,5.0428 
968,1,7.4726 
968,2,5.7956 
969,1,7.6514 
969,2,6.9678 
970,1,7.9078 
970,2,7.7429 
971,1,7.3552 
971,2,5.8422 
972,1,6.8935 
972,2,5.8539 
973,1,8.4192 
973,2,6.6605 
974,1,8.0757 
974,2,5.5652 
975,1,8.2401 
975,2,5.9054 
976,1,9.2361 
976,2,4.3165 
977,1,7.7215 
977,2,4.643 
978,1,8.4656 
978,2,8.6677 
979,1,7.7647 
979,2,4.1833 
980,1,8.8875 
980,2,6.9893 
981,1,7.8264 
981,2,5.5373 
982,1,9.1152 
982,2,6.8446 
983,1,8.4581 
983,2,9.4607 
984,1,8.7397 
984,2,5.5556 
985,1,7.5152 
985,2,5.2125 
986,1,7.4554 
986,2,7.1137 
987,1,9.0261 
987,2,5.3554 
988,1,8.3018 
988,2,6.4961 
989,1,8.7234 
989,2,4.0168 
990,1,7.3443 
990,2,6.7256 
991,1,8.7528 
991,2,4.6158 
992,1,6.7753 
992,2,5.8196 
993,1,7.1775 
993,2,5.9114 
994,1,8.9476 
994,2,5.5381 
995,1,8.7393 
995,2,7.0165 
996,1,6.3917 
996,2,6.1211 
997,1,6.4685 
997,2,6.4408 
998,1,8.4353 
998,2,5.6248 
999,1,7.8164 
999,2,4.8674 
1000,1,7.0835 
1000,2,7.5591 
