Feature1,Feature2,Feature3,Feature4,Feature5,Class
2.3168,9.5066,3.2179,2.4368,1.2723,1 
2.4303,9.3133,1.547,1.2671,1.2464,1 
1.1675,10.4499,3.8075,1.5105,2.8816,1 
1.3017,9.95,3.9075,1.6724,3.15,1 
1.5513,8.9107,5.1537,2.4312,2.7339,1 
1.4118,9.7363,1.2867,2.6695,3.0579,1 
3.0607,11.0253,1.695,2.6599,2.2942,1 
1.8681,10.2799,1.4074,1.3504,1.02,1 
3.2063,10.8326,2.5469,2.7136,3.5141,1 
2.5174,9.8302,-0.3304,2.7655,1.402,1 
3.8175,9.4866,1.9967,2.7473,2.2332,1 
1.4145,9.7837,0.6894,1.9047,1.8763,1 
3.4477,9.3481,1.9476,0.9666,1.2591,1 
1.6881,9.3253,3.1234,1.8888,3.0285,1 
2.0688,7.59,1.8771,3.081,2.6555,1 
1.1311,9.2914,3.1043,2.2735,1.5197,1 
1.6642,9.7263,1.4258,1.3977,2.7231,1 
0.5807,9.3601,1.4868,0.5348,3.0,1 
2.1433,11.2586,-0.0036,1.0917,2.9149,1 
2.0044,9.9657,1.5017,1.9056,3.0793,1 
2.0262,10.3103,0.5448,2.6365,1.529,1 
2.538,10.5368,2.2492,2.5294,2.7605,1 
1.6288,8.5579,1.0098,1.8351,2.6575,1 
2.2406,9.667,2.9206,2.4569,2.4911,1 
1.9876,11.0115,3.2965,1.7663,2.5386,1 
1.7769,8.7295,1.3132,1.9807,0.745,1 
1.8083,10.6516,3.9583,-1.0483,0.9543,1 
1.4752,9.1601,2.3668,2.0045,2.552,1 
1.684,10.0284,2.3225,1.3894,0.4244,1 
2.8908,9.913,2.1449,2.844,3.1241,1 
0.5366,10.9503,2.7755,0.8643,2.4173,1 
0.5003,10.3714,2.5251,0.3538,0.5452,1 
1.7816,9.4376,1.5362,0.4272,0.5777,1 
-0.7709,9.2502,1.5426,2.8171,2.5827,1 
1.4762,9.8917,0.7442,1.9081,2.6683,1 
1.2601,10.7864,0.5584,1.1731,2.6497,1 
1.0347,10.7293,2.6264,1.94,1.4496,1 
3.7137,10.854,0.6107,2.0286,2.9159,1 
0.8229,10.3047,1.8562,2.9485,2.7498,1 
1.0597,10.9094,1.9415,0.9793,1.3969,1 
1.9757,10.4397,1.5075,0.4116,2.0415,1 
0.8942,10.212,1.1309,1.3686,0.2758,1 
0.962,10.7488,2.8309,2.8882,1.4674,1 
0.9028,8.3427,1.4373,1.5561,0.6034,1 
2.3624,9.4308,3.0345,2.1808,2.5815,1 
0.4367,7.2096,1.1182,3.2988,1.5462,1 
3.2857,9.7808,0.8936,0.7689,2.1576,1 
0.5531,8.9553,1.6643,1.356,1.2409,1 
0.1947,10.0381,2.5822,2.0012,1.3849,1 
2.3635,9.1331,1.5431,0.2708,1.8743,1 
1.2926,9.8973,2.4541,0.9835,1.773,1 
3.7858,8.4109,1.7413,1.3528,0.6206,1 
1.9478,9.7128,1.2429,1.8912,2.2005,1 
1.7618,10.8921,4.0028,4.0666,1.9106,1 
1.6078,10.143,2.2328,1.7561,3.0377,1 
4.7409,10.0256,0.0303,2.2268,1.0213,1 
2.6346,9.1341,0.8025,2.1715,2.9761,1 
0.8315,9.7482,2.3468,2.0549,1.9304,1 
2.2113,9.122,0.1124,1.2314,1.0644,1 
2.3041,12.2385,1.7977,1.4173,3.3067,1 
1.5644,9.281,1.9097,1.9433,0.9673,1 
2.1393,9.6584,1.0464,0.5528,2.9303,1 
1.9765,10.3564,2.2587,2.8835,2.8975,1 
2.0472,11.4316,1.4232,-0.63,2.0511,1 
1.1175,10.8278,2.5485,3.5454,3.5304,1 
3.2022,8.5625,0.4041,0.3925,1.6694,1 
1.2405,11.3624,2.8765,1.0939,0.6518,1 
2.7091,10.8205,1.3637,2.3614,1.0751,1 
2.2406,9.8543,2.3379,1.3027,0.8996,1 
4.0132,9.9032,1.6226,2.2882,2.7769,1 
3.0954,9.7835,0.7797,1.9757,-0.2422,1 
1.4222,9.2546,2.0793,1.195,-0.5155,1 
1.14,10.4041,2.2465,2.6199,2.1407,1 
2.6821,10.2076,2.1699,2.1347,0.8626,1 
2.7298,9.1438,2.1688,2.5376,2.1125,1 
5.1366,8.9212,1.4373,0.1291,2.0061,1 
2.7651,11.3937,2.125,0.5517,2.2986,1 
2.5017,9.6487,2.4368,2.8383,3.0252,1 
2.101,12.5796,2.2585,0.1575,1.8499,1 
2.7446,8.8686,1.211,0.7094,0.7271,1 
1.973,8.6757,2.2083,1.366,0.3437,1 
0.9161,8.3501,2.384,2.2921,3.1606,1 
1.7034,9.3201,4.525,1.6373,0.8314,1 
1.7543,10.1096,1.7357,1.3522,2.7501,1 
1.7024,8.1824,-0.3954,3.1451,2.6973,1 
2.086,8.5216,2.1973,2.8925,3.3654,1 
3.437,12.0466,2.7485,1.0969,1.2221,1 
2.0139,10.6582,1.3827,2.6457,2.0861,1 
3.0521,11.2993,1.7601,3.8068,2.2894,1 
2.3879,9.1054,1.8417,2.0969,2.053,1 
0.8615,9.1779,1.8027,0.7167,2.2262,1 
2.8987,8.4238,1.7828,3.5963,2.088,1 
1.5746,8.9273,2.5609,2.9029,1.884,1 
2.2849,9.1563,2.5821,1.4724,0.9517,1 
1.6513,8.9724,0.9189,2.3403,0.6357,1 
2.7539,9.4669,1.6092,3.0147,0.332,1 
2.7042,10.9095,0.7104,3.3592,2.233,1 
2.5213,10.9608,3.0478,2.2506,1.8019,1 
0.4422,9.185,1.205,3.0181,1.8037,1 
1.3131,8.2874,1.4046,2.6078,1.3489,1 
3.2144,8.031,2.3516,2.1772,1.1545,1 
0.8862,10.7944,0.4841,1.4316,-0.3781,1 
1.4041,10.6305,1.4378,2.8791,1.8984,1 
3.0686,10.1215,1.3805,-0.1702,2.0806,1 
1.0149,11.2553,1.0735,1.2592,2.3074,1 
4.4188,11.8906,1.4649,3.0634,2.7199,1 
3.8795,9.6852,1.482,3.4316,3.1774,1 
2.3068,10.1496,0.7737,2.513,2.9562,1 
4.1429,10.5196,4.1435,1.1498,1.6355,1 
3.1847,11.2865,2.8138,4.1295,2.2571,1 
2.5203,9.7276,2.2028,1.919,4.6119,1 
2.5958,8.9329,2.4956,3.8966,3.408,1 
2.2879,8.6122,1.3004,3.6764,0.7952,1 
-0.1625,9.651,1.2415,1.8037,3.0955,1 
1.7076,9.6102,1.2985,2.8684,-0.1337,1 
1.466,10.999,1.4117,2.5328,3.496,1 
1.0901,10.7894,2.4635,0.8562,2.0773,1 
1.4267,9.53,2.5045,1.5479,1.678,1 
0.9729,8.3922,0.5203,2.8411,2.7194,1 
1.9183,9.826,1.8178,3.2879,0.5083,1 
2.552,9.2168,0.6909,2.9839,2.0976,1 
3.3781,9.8765,3.9319,0.7483,2.6613,1 
0.7635,9.8883,3.0751,0.7138,2.1834,1 
3.013,10.5395,3.2123,1.482,2.7954,1 
0.9301,8.9516,2.9673,2.1934,1.8717,1 
2.919,8.9712,4.1617,4.9585,1.8677,1 
0.9849,10.6334,3.8711,1.5892,2.6364,1 
2.6032,9.5616,1.5808,2.9217,0.1082,1 
2.1281,9.1371,1.1402,1.9515,4.0964,1 
2.3311,8.5155,2.7939,1.1292,0.4401,1 
1.217,11.5134,1.7159,1.7391,0.861,1 
1.3162,10.4973,-0.9027,0.5122,3.623,1 
3.0697,9.5344,3.4307,0.7381,2.1928,1 
2.0232,9.2645,3.9057,1.1349,2.8412,1 
1.7198,9.4835,1.8238,3.6655,1.4457,1 
4.0928,10.9254,1.2714,3.0351,1.5964,1 
1.8117,9.6998,1.2604,2.4581,2.5656,1 
2.696,10.0201,1.0709,0.8365,3.71,1 
2.0789,9.2148,2.7559,1.7927,1.3366,1 
2.3048,9.0531,1.6684,2.9705,2.2977,1 
1.5302,9.6688,0.9417,2.1943,1.2401,1 
2.6157,10.8158,2.4087,2.9692,3.4147,1 
3.0026,10.6114,0.5559,1.5105,2.8501,1 
1.2467,9.2338,1.8457,1.0018,1.6922,1 
2.5442,9.6602,1.9558,1.9227,1.4307,1 
1.3074,9.1653,1.2031,3.3417,0.5175,1 
2.049,8.4066,2.1988,2.231,2.9416,1 
1.5279,9.01,3.6304,2.3125,2.4541,1 
1.6929,10.5764,2.0831,1.7166,1.3236,1 
2.2247,10.3097,3.0864,3.0693,1.8501,1 
1.9107,9.8939,1.2452,1.9625,2.2288,1 
1.7412,10.2016,1.9342,1.8906,3.3819,1 
2.1981,10.0239,3.0265,0.9326,3.3594,1 
1.0817,11.9313,1.1068,0.231,2.3384,1 
2.5218,11.7617,-0.6858,2.0193,1.8984,1 
1.1676,10.7185,1.5683,2.4311,1.2868,1 
1.1464,8.653,1.8778,1.9882,3.4039,1 
1.0983,10.1795,2.4813,1.2328,1.3973,1 
2.8994,9.9259,2.5877,1.5033,2.2569,1 
1.7334,8.7961,2.1256,2.7678,1.6792,1 
0.865,10.356,2.6994,1.8437,0.9151,1 
1.9369,10.147,1.5782,0.1342,0.9558,1 
4.4697,11.1816,0.3219,1.6762,2.7339,1 
2.9276,9.0622,2.2731,0.6586,2.4884,1 
2.9561,12.4485,2.5644,3.1585,3.2972,1 
1.5245,9.5885,1.6298,0.7971,2.0498,1 
1.8874,7.4765,2.0128,2.3542,1.6764,1 
1.1007,8.2372,1.9069,3.3117,3.0503,1 
0.582,10.2844,0.3288,1.5767,0.8179,1 
2.2168,10.5284,1.8739,1.9683,0.6212,1 
-0.1734,10.3448,1.5871,3.4071,4.0522,1 
1.958,10.1295,3.4358,2.8814,1.9482,1 
1.6833,11.6008,2.0391,2.1385,4.2751,1 
3.2815,10.9146,1.7298,1.1893,1.714,1 
1.4606,9.9843,1.0841,2.2576,0.7424,1 
1.4337,10.2914,2.6499,1.8275,1.6401,1 
3.3343,8.595,1.6122,1.5786,2.2679,1 
1.9801,8.006,2.6659,1.0537,1.4935,1 
2.0912,9.9396,1.906,1.7138,3.106,1 
2.8605,9.5259,1.5069,1.9917,3.8456,1 
0.6417,10.1687,1.8749,3.4966,2.2205,1 
2.0112,9.6219,-0.4367,2.2238,1.4463,1 
2.0484,10.2267,1.6528,0.8327,2.957,1 
3.8923,10.1763,2.4087,2.5943,3.0782,1 
0.6155,10.5421,1.6185,2.3592,1.8063,1 
0.8445,9.9094,2.1594,2.7853,2.8978,1 
2.0883,8.8739,1.7905,1.3281,0.3536,1 
1.6902,9.5577,0.0931,3.1144,1.1795,1 
0.956,9.6009,3.263,2.9246,2.4049,1 
3.5201,9.03,2.1551,2.3717,4.2301,1 
1.1305,10.3616,1.6443,2.0608,2.129,1 
0.2126,10.3541,2.7443,1.6834,4.4346,1 
2.7363,10.4105,1.9491,3.8872,2.2991,1 
2.7956,10.3414,2.8425,3.1944,1.6795,1 
1.1619,9.4504,2.2593,1.5103,2.6371,1 
0.4549,10.3947,2.5054,0.9609,2.0004,1 
1.9832,7.4088,0.558,1.4346,1.733,1 
1.9823,10.2136,1.5673,2.2542,4.3191,1 
3.2934,9.4334,2.3903,1.6485,2.3266,1 
0.9498,11.7548,2.1191,1.2901,2.1409,1 
1.2701,10.252,3.0731,2.9289,1.9798,1 
4.8984,11.3555,3.1897,0.8412,3.0058,1 
2.4987,8.9107,0.9533,0.8367,1.8479,1 
1.1537,10.0644,3.2036,4.0322,2.4061,1 
3.1063,10.7838,2.7371,1.1514,1.6412,1 
0.4532,8.9936,2.2706,1.8677,2.5114,1 
0.3514,10.7709,1.9638,2.8954,0.9654,1 
3.1627,9.0138,1.4991,0.8609,2.5363,1 
3.9366,10.555,0.6802,4.7085,1.7234,1 
1.6951,9.4457,1.2685,3.0157,2.7422,1 
3.8429,9.59,3.0291,3.3389,2.3893,1 
2.8733,8.5629,2.7224,1.3764,2.1671,1 
1.2405,9.3512,3.0592,2.6954,1.078,1 
2.6422,10.2641,3.4876,1.2944,1.8229,1 
1.9719,8.2606,2.4738,1.9257,0.0534,1 
0.3355,9.0498,0.6648,0.7732,2.9257,1 
1.1099,10.0058,1.6474,3.0274,0.9254,1 
1.4361,8.7969,0.0932,1.884,1.4469,1 
2.29,10.212,3.4783,3.235,1.3204,1 
2.8008,10.5312,0.2385,1.1114,1.5229,1 
4.1606,9.9635,0.7712,2.8373,1.0182,1 
2.5621,10.3342,3.3032,1.7615,2.4726,1 
2.157,9.9168,3.196,1.5529,1.9948,1 
1.8311,9.4964,0.6107,2.9155,2.0406,1 
4.7188,9.5631,0.2416,2.3344,0.803,1 
2.7809,10.2372,0.8634,3.7198,2.3536,1 
2.189,11.6888,1.2714,2.3611,2.1507,1 
2.2946,10.2758,2.3418,1.9443,0.2777,1 
2.6782,11.5212,0.8716,2.9664,2.2538,1 
1.6849,10.3162,3.4856,2.8536,2.9995,1 
2.0736,9.5543,2.428,3.9937,2.8463,1 
1.507,9.003,1.1596,3.2033,3.2215,1 
1.5195,10.5295,0.93,4.6096,1.3399,1 
2.0391,8.2499,2.8867,1.1085,2.7368,1 
2.3144,9.0005,1.9048,3.4496,3.0813,1 
1.0656,11.5617,0.7023,0.1377,2.2708,1 
2.1063,8.0291,1.7971,1.0251,3.2301,1 
2.2021,8.3833,1.4112,3.005,4.6239,1 
3.4359,9.9166,3.3851,0.803,2.2753,1 
2.1484,9.7832,1.9915,1.32,2.902,1 
0.461,11.4433,2.4366,1.029,4.1074,1 
2.7682,10.541,1.9551,2.3871,4.1057,1 
1.5712,9.565,0.2239,2.8922,1.6108,1 
1.4595,9.3341,2.6334,2.7404,4.3125,1 
4.3592,9.7574,1.1608,-0.7148,2.646,1 
3.6795,8.4473,2.3239,1.6102,1.7785,1 
2.4057,10.2945,-0.487,2.7398,-0.0674,1 
2.7108,9.3362,0.8082,2.4684,2.9883,1 
2.8117,9.9899,2.6929,2.4156,0.1936,1 
3.3254,9.503,2.5227,3.3473,2.1808,1 
1.2028,9.02,1.0355,2.5629,1.3255,1 
1.7784,9.5234,1.3833,2.2072,1.3208,1 
1.3687,8.0901,2.874,3.2058,1.6033,1 
2.2448,10.0316,0.5306,1.968,0.9283,1 
2.24,11.0031,2.5483,2.5799,3.3667,1 
1.0475,7.8943,0.9941,3.9019,1.5256,1 
1.8778,9.7377,2.6821,3.0489,2.3075,1 
2.424,10.7799,0.8141,0.6624,1.9397,1 
2.8911,10.0955,2.2519,1.9364,1.0775,1 
2.2009,9.957,0.9703,1.9759,2.7686,1 
2.4764,10.3221,3.1132,-0.3725,1.9553,1 
0.9168,10.523,1.2609,0.9663,2.4404,1 
2.4443,10.016,1.3978,2.6578,0.9738,1 
0.0199,10.2221,0.4267,2.0298,2.4066,1 
2.0232,10.0229,3.008,0.4824,1.4776,1 
2.2705,12.0405,3.5895,1.1426,2.0535,1 
3.2403,9.2247,0.9043,1.8552,3.4855,1 
0.4483,9.5699,0.8888,2.6973,3.4848,1 
2.5151,10.7416,0.1183,2.5213,0.5084,1 
3.0895,9.6168,0.6574,4.4165,1.8555,1 
2.5597,9.1457,-0.3142,1.1387,2.1677,1 
0.4748,11.4899,3.0342,3.1806,3.0661,1 
2.5346,11.3648,3.9106,3.772,0.0033,1 
1.5315,9.468,3.4954,4.3882,2.0018,1 
1.3119,10.3588,3.1713,2.4485,2.865,1 
1.4775,10.6544,3.033,1.8272,2.5995,1 
0.9241,8.212,2.1778,3.1046,0.9892,1 
0.7358,10.6273,3.3227,0.8986,4.0505,1 
1.0243,8.8657,1.065,0.6539,1.531,1 
1.1396,7.5197,1.7722,1.4824,2.9615,1 
1.2723,9.3459,0.5771,2.469,2.0955,1 
1.9802,10.5346,2.1942,2.6462,3.6052,1 
1.8021,10.8317,1.6368,2.3295,2.3126,1 
3.4375,9.946,2.5548,2.3906,2.3211,1 
1.7819,10.1276,2.8567,2.3323,2.5041,1 
2.4703,8.5531,1.4885,2.5371,1.0396,1 
3.3373,9.6214,3.0803,2.4944,1.5819,1 
1.2569,8.4606,3.0089,1.7789,3.9099,1 
3.5323,12.2066,2.5523,0.8483,3.3206,1 
1.5446,8.9956,1.8138,1.5864,3.2541,1 
-0.1054,10.5745,2.3894,1.1707,3.7446,1 
2.1426,9.6849,2.506,2.7989,2.5226,1 
2.3625,9.4713,0.4821,0.9347,3.994,1 
1.236,10.6857,2.821,1.5814,2.3693,1 
2.1853,11.7418,2.6146,1.327,1.076,1 
2.1944,9.5721,3.0914,2.2928,0.9893,1 
2.5163,9.6584,0.1129,2.9314,1.484,1 
2.8093,10.9824,2.4207,2.2786,3.0558,1 
-0.7132,8.334,2.231,1.3815,1.5745,1 
1.218,11.0148,2.0896,2.3944,2.9284,1 
1.3804,8.9039,2.7827,2.7305,1.8644,1 
1.4631,10.491,2.3549,1.953,0.1427,1 
3.2309,10.9893,1.9955,3.7754,2.9541,1 
2.5927,9.4026,1.7964,2.7978,1.0246,1 
1.3763,8.1366,1.7575,2.0921,0.5391,1 
0.4894,9.328,1.7643,1.0686,2.113,1 
2.3561,9.3405,2.5152,1.2074,2.4682,1 
3.6096,9.2541,3.5396,2.809,2.493,1 
2.226,9.6165,1.7155,2.7494,2.8348,1 
1.7048,8.3544,3.1062,1.8893,4.3103,1 
2.4121,9.749,2.2042,0.8818,2.6963,1 
2.4622,11.08,1.0364,1.4124,1.9732,1 
3.3574,9.699,-0.7566,-0.0272,2.0037,1 
0.9281,9.4382,0.9999,1.6367,1.0706,1 
1.2026,10.6193,1.0881,2.5804,2.9264,1 
0.8526,10.0455,1.5718,0.9875,1.9506,1 
3.092,10.0765,1.7646,2.7477,1.8069,1 
1.2521,10.0468,1.823,3.0172,2.633,1 
0.9545,10.4176,2.0336,0.9476,2.7827,1 
1.3001,9.6529,2.8388,2.1787,2.5983,1 
1.5188,10.0275,0.0838,1.1079,2.1119,1 
3.1295,11.204,3.7463,1.6381,1.454,1 
2.7649,9.9725,2.8141,0.5539,0.9214,1 
3.0048,9.3879,2.0769,2.5889,2.6825,1 
1.1861,9.1356,3.869,1.1087,2.6434,1 
2.2896,10.9287,3.122,0.7688,1.5847,1 
2.4955,8.966,2.7617,3.4222,3.3584,1 
1.4347,11.2658,0.1998,2.2167,1.3716,1 
1.2702,10.3349,2.3111,1.4678,3.3473,1 
3.3027,8.9812,4.1872,2.1827,1.5531,1 
2.1092,10.8558,1.1575,3.5454,1.776,1 
1.033,9.7018,3.3785,0.5163,4.5449,1 
2.5085,9.5717,2.4038,3.9159,1.9625,1 
2.426,9.3462,2.1915,2.6241,3.8417,1 
1.2871,9.0389,0.9386,2.9557,0.3696,1 
3.0906,11.4925,2.8906,3.1015,2.6389,1 
3.2809,9.2566,3.1677,2.118,2.556,1 
2.8346,10.5577,0.6667,2.1445,2.1095,1 
1.9498,8.2786,1.257,2.8075,0.5608,1 
2.5818,9.6915,0.8232,0.2653,1.0319,1 
1.076,11.7583,4.2003,1.0851,2.037,1 
3.2511,9.5674,2.7174,1.3574,2.4563,1 
2.1276,10.9343,1.4091,1.4563,3.7549,1 
1.0333,8.8167,1.8819,1.9954,1.0783,1 
1.4163,9.7375,-1.0948,2.3685,2.7054,1 
1.6642,10.2657,1.1109,2.2328,1.8881,1 
3.6192,10.7689,1.1822,1.7768,2.5656,1 
1.3398,10.1377,3.4273,2.654,0.5174,1 
2.2727,11.3343,2.9549,3.3468,1.851,1 
1.6993,10.4463,3.1391,1.7185,0.3754,1 
1.8836,10.1621,4.7153,1.4002,0.5925,1 
2.3686,9.9696,1.2355,0.8139,1.7949,1 
2.3955,9.839,1.2159,2.6748,1.295,1 
2.0309,9.4563,2.6421,1.6834,2.6006,1 
4.2049,9.3684,1.4439,1.7584,0.4163,1 
1.693,11.4587,1.6228,2.7742,0.5542,1 
2.698,10.0491,1.5432,2.5259,0.8948,1 
2.2142,8.6915,1.8889,3.1919,2.5879,1 
2.2779,8.8748,1.5156,2.2706,1.3547,1 
3.5565,10.297,2.1271,1.0715,1.849,1 
2.6174,9.7839,1.6573,0.9753,2.1215,1 
0.4498,10.6946,0.7563,2.5704,2.215,1 
2.4009,9.2786,4.139,0.0374,2.4863,1 
3.6722,9.0044,2.251,1.1138,1.3737,1 
2.4889,9.3956,2.4843,0.9994,4.1795,1 
2.6866,9.7301,2.2641,2.1034,0.8105,1 
4.002,10.3236,3.1818,1.2146,1.287,1 
3.8284,11.0352,0.4486,2.974,2.3723,1 
1.9127,7.3304,1.9882,1.2021,2.2586,1 
2.0489,10.2839,3.9481,0.5552,2.5319,1 
1.516,8.8081,2.8508,1.8224,1.9803,1 
2.8551,8.4266,3.8176,-0.1504,2.2704,1 
2.9398,9.6281,0.8567,2.1776,2.4798,1 
1.0017,10.2567,2.1857,3.0313,3.6418,1 
1.3113,10.4391,2.2193,1.2499,1.4583,1 
2.1059,12.0277,2.1398,3.1148,2.9282,1 
0.359,9.3852,3.3063,2.4432,1.5518,1 
1.8872,10.8806,-0.4651,2.0203,2.6768,1 
1.7537,11.8036,2.9639,3.3769,0.0305,1 
1.4082,9.8787,1.2317,1.7928,1.0249,1 
2.6925,8.7231,4.1073,1.1353,2.3005,1 
2.0534,10.514,1.1469,3.1361,2.5517,1 
1.5797,9.7812,2.2522,0.1887,0.6742,1 
2.7314,12.0168,2.0983,1.313,1.4777,1 
1.5412,9.5387,2.9014,1.6889,0.8398,1 
1.9106,10.2295,0.7196,0.062,1.8653,1 
1.4036,10.0298,1.036,2.5823,1.9294,1 
1.0103,9.9427,1.9615,1.8632,0.9322,1 
0.8023,10.4122,2.1734,1.0389,0.3435,1 
3.2281,10.8432,1.8701,0.0736,3.2495,1 
2.6048,8.8393,3.3844,1.8631,0.9283,1 
2.0972,9.5939,0.6358,0.8315,1.8388,1 
1.0923,9.1159,2.3384,1.4671,1.3446,1 
2.5297,12.071,0.5617,3.8011,0.6267,1 
3.0301,11.2089,2.008,0.9379,1.5119,1 
1.5136,11.308,1.3126,2.6747,3.344,1 
2.107,10.173,3.9285,2.4601,3.024,1 
0.9359,10.5904,2.9275,2.4756,0.8001,1 
0.4716,9.1592,3.2526,2.0154,2.458,1 
2.855,11.6409,2.185,0.9668,2.2833,1 
0.9766,10.0905,2.0332,1.8902,3.6487,1 
2.4178,8.9073,2.0651,1.6326,1.3428,1 
1.7099,8.6751,0.8984,0.7052,4.0566,1 
2.4414,11.6222,3.3372,1.5102,1.2832,1 
1.7694,9.2476,1.9974,2.415,2.6358,1 
2.5384,12.3076,1.8231,2.3249,0.1195,1 
-0.7193,10.6312,1.9276,2.4001,2.3777,1 
1.9762,10.0064,1.7388,3.0151,2.4467,1 
1.8738,9.7379,1.0098,2.3682,2.3564,1 
0.6949,11.2292,-0.0883,1.7137,2.4526,1 
1.5825,9.8204,1.9443,2.0202,1.2343,1 
1.4723,11.9562,1.7959,2.1416,2.5237,1 
2.0131,9.8718,2.0557,1.3779,2.0329,1 
1.0155,12.8784,2.1074,0.1529,4.0136,1 
2.5804,11.9063,2.8191,2.3961,3.6984,1 
1.904,7.9336,1.6594,1.1113,3.0107,1 
3.0502,11.8809,-0.1437,0.6561,1.9818,1 
1.9252,11.1603,0.2926,1.1967,3.0537,1 
0.5896,10.7981,0.7265,4.4407,1.6581,1 
2.6391,10.3296,4.1259,0.7781,0.8124,1 
-0.043,9.5689,1.9351,1.383,3.3718,1 
2.9035,9.4736,2.8004,1.7981,3.3307,1 
1.6166,9.8209,1.6431,1.8129,2.9799,1 
0.5736,10.9725,1.517,2.4714,2.7122,1 
4.0446,10.3377,1.5277,3.9298,3.4567,1 
1.9913,10.0567,1.0224,2.8937,0.6073,1 
1.9102,9.7973,1.9551,1.7097,2.6376,1 
1.0705,9.9453,2.7401,1.1802,2.6683,1 
2.7133,9.0778,0.876,2.7007,1.2811,1 
2.4995,10.4047,2.4567,1.776,2.7412,1 
4.0688,12.1572,2.0682,2.3635,3.0285,1 
2.1338,11.6266,0.6957,2.572,3.8741,1 
0.6996,10.0402,1.3964,2.3711,3.1778,1 
0.5576,9.5053,2.5083,1.9711,3.0802,1 
3.7109,9.7828,1.6772,1.6898,1.4736,1 
2.3196,9.874,2.5472,2.26,0.9678,1 
3.2085,10.9282,0.7241,2.4223,1.9695,1 
1.0412,9.0679,1.5009,2.2071,3.3125,1 
3.029,10.2443,1.2308,1.9932,1.5696,1 
2.8556,10.6598,2.6594,2.1501,2.2189,1 
3.4657,9.0176,3.2409,3.5278,2.4877,1 
0.9921,8.8534,-0.0906,1.4448,1.6709,1 
3.3165,10.3736,2.5789,3.1757,2.3738,1 
2.1827,9.7083,3.7203,1.8867,3.2674,1 
0.529,9.1962,1.2608,2.6488,1.4305,1 
0.1448,10.6499,-0.4258,3.6158,2.8211,1 
1.3665,11.889,2.2165,2.8339,1.8655,1 
3.2292,8.9234,1.2639,2.6101,2.0869,1 
2.8773,9.4194,0.6727,2.4284,2.644,1 
1.8304,9.3655,1.4735,0.7668,2.7556,1 
1.9286,10.1246,2.1272,1.3071,3.2006,1 
1.3575,10.6826,1.0272,1.1655,2.2955,1 
0.8918,10.7528,2.9832,2.4785,1.2396,1 
2.3393,10.6327,1.6656,2.6905,1.4088,1 
2.8325,9.3962,2.1965,2.96,4.9571,1 
2.3609,9.2395,0.2376,2.0775,0.8145,1 
1.4087,10.106,2.6111,1.2281,1.9481,1 
2.5579,9.1543,0.6099,2.9655,1.6041,1 
3.9006,10.8988,-0.7151,3.4036,0.6348,1 
2.4055,8.3664,3.1197,2.4944,3.1371,1 
2.1049,8.679,1.401,2.9285,0.6786,1 
0.8981,12.0094,2.1119,1.2832,2.3449,1 
1.4989,8.6296,1.307,0.9352,3.1592,1 
0.9321,11.1991,2.0086,2.2797,0.9297,1 
1.8527,8.9734,3.3645,1.3678,1.1836,1 
3.5371,10.6976,0.1909,1.4749,1.9302,1 
2.5949,9.2898,2.4042,0.7709,2.5907,1 
1.1035,10.9342,1.2443,1.7375,0.425,1 
2.0986,9.0112,1.8379,2.8312,1.2384,1 
3.8294,10.5682,1.888,1.9513,2.7884,1 
3.8471,9.9619,2.9635,2.6294,1.8272,1 
1.2403,10.0919,1.7805,0.469,1.61,1 
0.7425,9.4319,2.3122,1.4759,1.2812,1 
1.2217,9.3489,0.6232,1.5007,1.8756,1 
1.3145,9.3476,1.938,2.5932,2.5495,1 
1.9485,10.3576,3.1586,2.2304,1.3241,1 
2.2501,11.4328,1.8984,1.0589,0.1405,1 
1.2795,9.2955,1.9535,1.8182,2.7898,1 
2.6246,10.3177,2.4986,1.0973,1.8138,1 
1.8029,12.0909,2.4939,4.0752,2.0673,1 
2.3361,7.2323,2.2326,1.5688,5.0757,1 
2.7751,10.4025,2.4117,1.8435,3.0124,1 
-0.6998,8.2204,3.1938,1.9053,3.3639,1 
2.8223,10.1777,0.22,0.4867,2.5231,1 
0.3657,10.88,2.1857,3.0043,1.3307,1 
4.0389,10.0244,2.0013,1.1979,3.0525,1 
0.7466,8.5605,2.2067,4.4903,2.4254,1 
0.3277,8.3506,1.361,1.2996,2.7689,1 
2.433,10.6737,3.7097,2.6617,1.1078,1 
2.3963,11.177,0.7127,1.8368,4.1243,1 
2.229,9.1935,2.8596,1.7881,1.9353,1 
1.0709,11.2254,1.8708,3.5131,3.578,1 
2.7558,10.0131,1.3539,2.6186,2.5571,1 
2.6313,8.526,2.7019,3.115,3.3137,1 
2.5601,9.4484,0.5553,1.1631,2.5446,1 
1.1662,11.6898,1.5422,1.9856,1.2278,1 
3.1049,10.4446,0.7542,3.1418,2.0557,1 
1.8148,10.7909,0.8553,3.1764,2.1383,1 
2.2346,8.4419,1.4892,3.0639,1.206,1 
2.5363,11.648,2.5583,1.5553,1.8757,1 
7.9563,9.3657,2.1451,2.4565,0.0095,0 
10.7094,10.7116,2.6547,1.82,3.1711,0 
7.2013,8.7175,2.0552,2.859,2.7681,0 
7.6731,7.0696,1.9718,3.8677,1.3345,0 
9.1378,9.5995,2.4068,1.491,1.8577,0 
8.8966,7.5545,1.9634,3.5808,2.9215,0 
10.4141,7.4466,2.6488,1.6002,2.2864,0 
8.1368,6.9315,0.8782,2.0511,0.9068,0 
10.3327,5.8109,2.0776,1.9118,0.2128,0 
9.9895,7.3111,2.6431,-0.8417,0.4135,0 
8.6904,7.6373,2.8199,1.7947,2.0214,0 
9.3212,6.9748,3.1852,3.0971,1.3788,0 
9.4509,7.8405,1.3738,2.8341,2.221,0 
10.5103,8.3875,2.397,2.7224,1.981,0 
8.4868,9.1738,2.2243,2.1572,2.5676,0 
8.9627,8.0163,0.8659,2.8068,1.3808,0 
8.4413,7.4973,3.116,3.7363,2.9926,0 
7.52,8.424,1.7057,2.2787,3.4947,0 
8.2935,5.9238,2.0181,2.7801,2.3824,0 
9.6461,7.4332,1.3489,3.6638,1.0937,0 
10.6455,5.7301,2.3908,-0.0156,2.0069,0 
9.4828,9.1407,1.9298,4.1202,3.0089,0 
10.9717,8.0048,2.3322,1.9722,1.3645,0 
9.1329,7.3854,1.8361,1.0328,1.9664,0 
8.1176,9.8741,2.623,1.7813,3.9414,0 
9.9678,6.883,1.7379,1.9895,2.1105,0 
9.8437,8.7855,0.8033,1.8639,-0.1483,0 
8.7887,7.9302,2.3954,1.1818,1.9749,0 
7.0602,6.3118,2.5798,1.1939,2.5513,0 
8.3281,8.5414,1.6179,3.2106,2.4969,0 
8.9518,5.9757,1.6462,1.6516,3.0422,0 
9.2707,6.5025,3.1475,1.7549,1.4078,0 
8.8449,9.3256,0.5977,2.3971,2.0493,0 
8.2534,8.1466,2.3551,0.5662,2.4871,0 
8.4936,9.0643,2.3215,4.0097,2.1545,0 
9.5197,9.093,1.8113,1.6573,1.5565,0 
8.0824,7.1048,0.3092,1.6549,0.6946,0 
8.2338,8.2334,2.1692,1.8919,2.9188,0 
10.1894,8.4218,3.3831,1.1967,0.8528,0 
8.0856,7.6501,0.0446,3.367,1.7884,0 
9.2707,6.4177,1.6471,0.5198,0.5061,0 
9.4574,7.2761,2.0444,2.7766,1.5183,0 
8.4437,8.758,0.9749,1.9213,1.8875,0 
10.5348,8.1513,3.1166,2.5202,3.5933,0 
10.2644,7.7181,0.7397,3.7437,-0.3832,0 
8.685,9.4546,1.2364,3.0736,1.5819,0 
8.6473,6.8266,2.0111,2.9924,1.4065,0 
9.9109,8.2577,3.0171,2.3298,1.0433,0 
8.4532,8.8814,1.8538,1.0604,5.3115,0 
7.7314,8.437,1.6889,3.5248,2.0253,0 
8.2563,8.4278,1.764,0.9255,2.1956,0 
8.8001,6.7751,2.6119,1.4764,2.4561,0 
10.1193,9.3523,2.7327,2.8125,-0.7228,0 
7.2579,8.2823,4.3088,2.1571,1.2408,0 
9.4516,9.3586,1.5562,2.9163,3.1257,0 
8.5827,6.3335,0.3373,1.8442,3.3238,0 
8.2115,7.2554,0.8804,1.6923,2.0689,0 
8.3008,7.4407,2.3648,4.4904,3.9832,0 
9.7028,9.3157,0.7302,1.9311,2.2582,0 
9.0526,8.5404,-0.137,1.2538,1.3373,0 
8.8365,7.8138,-0.4214,1.8554,1.8415,0 
8.8784,7.3943,2.5574,3.0722,2.4109,0 
9.2336,7.259,0.6863,2.4126,3.3891,0 
7.7764,7.8981,2.1694,0.9452,3.1702,0 
9.6488,10.1396,1.3157,1.1665,1.0647,0 
11.1733,7.6133,0.9338,2.5744,1.0974,0 
8.2814,8.4932,0.8599,2.9492,0.7264,0 
8.1849,7.3939,1.8943,3.166,0.5477,0 
7.7608,8.037,1.8275,0.9585,2.8257,0 
8.3934,9.0965,1.7767,3.1109,2.6683,0 
7.3425,6.5647,2.1305,0.9368,1.6862,0 
10.2464,7.1701,2.5523,0.121,2.3864,0 
8.7818,6.886,2.9115,0.7752,1.7602,0 
9.8885,4.4367,2.173,1.4079,3.2172,0 
10.3835,6.5635,1.5745,0.7462,2.2478,0 
7.7522,9.3165,1.9975,1.4081,3.8107,0 
10.2338,7.7569,1.6994,1.1954,1.8801,0 
9.8969,8.8257,1.6916,1.9463,2.0278,0 
9.9859,9.0234,1.4896,2.8716,-0.7321,0 
9.4042,6.0629,2.3873,1.9537,2.1281,0 
8.4501,8.2792,3.9115,1.2012,1.905,0 
8.4088,7.1422,1.1031,1.2512,2.565,0 
9.3737,6.9404,2.6911,2.0131,2.1611,0 
10.0224,7.7554,1.4466,3.1287,2.1129,0 
9.8158,7.3097,2.6702,1.877,1.0094,0 
8.8059,9.7794,2.1088,3.5022,1.3796,0 
9.8414,5.8971,1.8716,2.6354,1.6755,0 
8.8718,7.922,2.3041,1.9439,1.404,0 
8.3981,8.1352,3.6114,3.768,1.9041,0 
8.179,9.2119,3.3417,2.4254,-0.4711,0 
8.4091,8.4743,1.1816,1.4785,2.9693,0 
8.1857,7.497,1.5694,2.0331,1.5763,0 
9.5988,7.7918,3.158,1.955,2.272,0 
9.0633,7.4386,3.2894,0.3316,1.877,0 
8.7303,6.5863,1.8937,2.7221,2.626,0 
8.9395,8.3715,2.2337,2.6157,2.6975,0 
9.8234,7.1505,0.1614,3.3243,2.7186,0 
10.2556,8.4412,1.5808,3.8658,2.0004,0 
8.6493,8.3181,3.1933,2.8466,1.4511,0 
7.3746,8.2708,3.0125,2.4441,2.3051,0 
9.0416,8.0687,1.6138,2.405,3.2449,0 
9.1338,8.3252,2.0965,3.325,0.4147,0 
9.9015,7.863,2.646,2.2905,3.1672,0 
7.5728,6.4717,3.4993,1.1567,1.6235,0 
8.7278,7.8626,0.7886,3.4038,2.9175,0 
10.0788,7.7054,2.052,-0.1408,2.9545,0 
9.2457,8.5744,2.0991,-0.34,1.6878,0 
8.3925,6.9684,-0.4661,1.4064,2.964,0 
9.8795,8.1446,2.8896,0.9478,1.4494,0 
8.9347,8.6473,2.4068,0.077,0.9033,0 
9.4168,7.1281,3.1035,0.8383,1.4489,0 
8.4798,7.9457,0.401,1.3776,0.3562,0 
8.3358,8.0695,3.3865,2.1657,0.4867,0 
10.0349,8.5117,1.826,2.0825,3.1315,0 
10.5186,6.7454,2.2526,1.994,2.2604,0 
8.5571,8.0361,1.3424,2.1178,1.2716,0 
8.0341,9.7873,1.9085,2.7787,2.92,0 
9.6321,8.5903,1.5719,2.8061,1.8419,0 
8.1988,7.6239,3.3477,1.5163,3.5306,0 
9.3721,9.3091,2.3403,2.0976,0.1188,0 
7.4846,9.8005,1.0183,1.0875,1.7901,0 
9.4679,9.1009,2.2829,1.7619,2.4055,0 
9.9646,8.0149,1.8804,0.9847,2.7139,0 
8.5416,7.8611,2.1252,2.9143,3.7839,0 
10.6019,9.4251,1.3684,1.3419,0.7394,0 
8.3601,7.7823,0.808,1.8453,3.1738,0 
8.5358,6.1431,0.6719,1.894,1.3486,0 
9.4024,8.4115,1.8159,2.8906,2.6179,0 
8.6503,7.2357,0.4809,0.6081,1.4055,0 
7.918,7.446,1.7777,1.1134,2.6561,0 
9.0808,8.9922,2.748,1.1286,1.212,0 
9.402,7.712,3.1423,4.5227,1.9953,0 
11.156,7.0533,3.8795,1.3722,2.1806,0 
9.9091,8.8832,1.3912,1.9983,1.4356,0 
9.0485,8.3177,1.8603,4.1152,2.3278,0 
10.1496,10.5883,1.9037,2.4102,1.0811,0 
8.8176,5.9477,1.7355,3.5143,2.4658,0 
8.8523,9.0638,2.6211,3.591,1.1621,0 
9.2669,9.9511,0.0109,2.7982,0.2885,0 
9.1952,6.1413,1.8746,3.337,1.457,0 
10.1317,9.8493,3.0635,-0.1176,0.6682,0 
9.6837,9.3821,2.9527,0.3856,2.2993,0 
9.703,10.0514,2.7769,4.1546,2.898,0 
8.0531,8.5655,0.3588,1.627,1.9858,0 
10.0198,7.7841,3.3382,0.75,1.0393,0 
9.6889,7.1229,2.8237,2.6238,0.6041,0 
9.3641,8.4291,2.2297,0.069,2.237,0 
9.794,7.9607,-0.43,1.8327,3.3674,0 
8.3398,8.166,3.0469,1.1967,3.6219,0 
9.5326,8.4653,1.4071,2.9723,2.2111,0 
10.0703,9.922,2.3061,3.4992,0.6791,0 
9.4353,8.2692,1.5055,1.7763,3.6061,0 
9.8482,8.1317,0.2828,2.2256,1.1416,0 
9.3949,8.4335,1.0081,0.694,2.1118,0 
10.08,8.1918,3.2788,1.4271,-0.5277,0 
8.1201,10.8919,-0.8273,-0.5296,1.328,0 
9.5561,8.0495,3.694,2.8765,2.1389,0 
10.0408,7.5564,2.0027,3.7023,4.6939,0 
8.1649,7.9207,2.5152,1.5867,2.8205,0 
8.116,6.3818,0.9321,2.1734,0.8282,0 
8.4523,6.3003,1.6535,2.3809,2.1098,0 
10.2115,10.1123,1.8595,1.3462,1.9581,0 
7.794,6.6182,2.7883,3.4504,2.0495,0 
10.7623,9.0682,0.9733,1.2855,0.5976,0 
9.3828,7.7492,1.7536,3.6482,2.5569,0 
9.8846,7.6125,1.7884,1.7709,0.9431,0 
8.7999,9.3257,2.7371,1.3431,2.0331,0 
10.19,8.8329,2.0972,1.9546,3.3678,0 
8.8561,7.0349,2.5063,1.4702,0.7587,0 
9.4669,6.8861,2.0791,2.6236,-0.2405,0 
8.3477,9.1429,1.7924,2.2269,1.4176,0 
8.4097,8.5555,2.0549,2.636,2.3682,0 
9.7558,5.6384,2.0901,1.0115,1.7922,0 
8.5616,9.607,2.16,2.1812,2.9099,0 
10.6498,5.8904,1.6731,1.9344,0.9334,0 
7.602,6.1123,2.4817,2.0192,0.5811,0 
8.9609,7.5991,1.7395,2.3116,1.0648,0 
9.0533,7.7947,1.1865,2.0096,3.2437,0 
7.0063,10.6092,2.6179,0.5443,1.0548,0 
9.515,8.8533,1.5028,2.4668,2.5713,0 
9.4197,6.1056,0.862,3.3067,1.1547,0 
10.2407,8.6504,1.8338,-0.0063,1.0779,0 
8.9916,8.3285,1.9783,2.4082,4.7005,0 
10.7814,8.2508,1.6491,0.8143,1.9381,0 
9.7048,7.4746,2.4897,2.3594,2.0791,0 
8.6173,7.5741,1.9449,2.5416,2.7156,0 
9.3901,7.9623,0.7057,1.9668,2.3293,0 
9.1535,7.9265,1.4881,3.3666,1.5318,0 
9.0007,8.888,3.5575,0.3799,1.3025,0 
9.6634,7.5701,0.4832,2.9099,1.3243,0 
8.8341,8.7323,2.0883,1.6882,0.0587,0 
6.5148,7.4011,0.3458,2.2158,1.3392,0 
9.0472,8.2405,2.6681,2.2993,2.3679,0 
9.3077,8.2701,4.1381,1.8946,1.3776,0 
8.1525,7.8531,0.583,-0.1896,0.801,0 
8.581,8.8889,2.4571,1.2283,1.599,0 
8.2288,8.2822,0.9216,3.9147,1.1498,0 
9.2582,8.7391,3.7138,0.8911,3.5082,0 
8.7441,8.2943,1.3289,1.5085,2.6156,0 
8.305,9.8527,2.4978,3.1047,1.9829,0 
11.5682,7.925,0.2132,1.3814,1.7141,0 
7.4711,7.9352,1.141,1.4266,2.2438,0 
9.9867,8.4572,2.4921,2.9278,2.1348,0 
10.3087,6.7967,1.7753,2.5137,1.8742,0 
8.3609,7.3555,2.187,1.0037,2.5781,0 
10.2956,7.4075,0.7834,0.9766,2.6438,0 
8.6099,7.7647,2.1359,2.2714,2.1691,0 
9.3598,7.9845,1.3548,2.8253,2.1515,0 
9.3598,6.0905,3.016,2.2503,1.0645,0 
9.0009,6.2024,1.4689,1.3013,0.9829,0 
10.0512,7.4773,1.3234,2.6857,2.4838,0 
9.5131,7.9405,0.454,1.2744,1.4817,0 
7.3425,5.9369,2.325,-0.1158,1.4819,0 
10.6847,8.6906,2.3624,2.0257,1.9249,0 
10.0122,8.6938,1.2877,2.8928,2.4122,0 
8.6069,8.2326,2.2155,3.4628,1.5067,0 
10.4132,6.6004,3.6424,2.1107,0.9872,0 
9.2236,8.638,1.9652,0.9715,3.048,0 
10.3824,7.9989,3.2263,1.3263,2.5391,0 
9.1628,6.8622,1.7264,3.2432,3.5214,0 
8.038,7.8255,2.9688,2.7494,1.5914,0 
9.911,7.9891,1.4482,2.9593,2.8783,0 
9.0699,7.4281,3.4959,2.4974,3.2022,0 
9.4281,7.7531,4.2116,1.0188,2.4406,0 
7.382,8.1023,3.0793,3.1369,2.269,0 
9.7288,8.3523,2.489,1.8121,1.552,0 
8.8174,8.6177,2.5312,2.8007,1.3014,0 
8.6363,6.9726,3.2239,2.7953,3.0883,0 
8.1483,7.9131,1.5769,1.3982,1.6954,0 
9.9041,8.2126,3.4436,2.2842,2.7857,0 
9.9459,9.0696,2.7256,1.3643,2.9131,0 
9.1108,7.7244,2.0486,0.9825,1.1897,0 
10.3524,8.2882,1.6911,3.3575,1.6124,0 
8.1286,7.9679,2.0592,2.4551,0.3091,0 
7.4526,8.8634,2.1877,2.1641,2.4575,0 
11.2038,6.8724,2.1484,1.9316,1.9956,0 
7.9222,9.1479,1.8011,0.7443,0.9577,0 
9.2043,8.0554,2.7513,3.7481,2.0584,0 
7.6452,8.7391,1.1239,2.8802,2.8715,0 
9.4619,8.3784,1.7312,1.8138,2.6345,0 
8.9554,8.5407,1.6001,2.1018,1.3595,0 
8.5237,8.004,2.6827,1.1584,1.7926,0 
10.2027,7.9924,3.1283,3.0681,2.5516,0 
7.7757,8.0077,0.6414,4.0023,1.5343,0 
10.0221,10.747,-0.4768,2.0172,1.2346,0 
9.8315,7.164,1.6285,0.376,1.1164,0 
7.9997,9.0156,1.1982,0.8038,3.4911,0 
9.6548,5.4189,1.9051,3.2453,2.1092,0 
11.1043,9.98,1.3813,2.4076,1.9481,0 
8.7563,6.5798,0.4567,2.3592,0.0233,0 
8.2846,7.5485,2.0503,2.5015,2.4245,0 
9.1111,7.8747,0.58,2.0417,3.7417,0 
9.0829,8.2803,2.4766,2.2971,1.089,0 
7.5454,7.7356,1.6957,1.1278,0.3563,0 
8.1203,9.3334,2.0971,1.1455,-0.1718,0 
9.4428,8.2351,2.9484,0.4608,2.6343,0 
6.4079,7.9631,0.8317,3.2312,1.9633,0 
9.7851,8.726,1.6866,1.3158,2.3122,0 
8.5212,7.4436,-0.3127,1.6766,1.6444,0 
9.7056,9.0869,1.6137,1.4386,3.7159,0 
9.9379,6.8833,0.4779,3.4808,0.6625,0 
9.4333,9.7643,1.722,2.3864,0.2667,0 
7.0122,7.67,1.4045,1.1006,3.9603,0 
8.3662,7.7368,2.7034,3.1002,0.3686,0 
9.4432,7.1884,2.623,2.3575,2.8811,0 
6.2146,8.0354,1.2984,3.2878,2.3238,0 
7.8176,8.2048,2.6334,1.4989,2.8657,0 
8.7702,9.7241,1.7875,4.267,3.179,0 
7.3374,8.8191,0.3037,2.6448,3.0178,0 
9.8884,7.519,3.3301,1.806,1.5321,0 
8.577,8.1461,2.5231,3.1042,2.9004,0 
8.9776,7.1877,2.7511,2.6496,2.4693,0 
6.9114,8.0748,1.794,3.1341,3.6782,0 
8.2721,8.039,2.1339,1.6733,1.3483,0 
8.6895,6.7179,3.8635,3.1486,0.1912,0 
9.0017,7.4394,3.115,2.9329,1.1196,0 
9.1277,8.2407,2.5112,2.4244,1.2189,0 
7.3394,6.888,2.3584,2.0905,0.1178,0 
8.5217,8.9019,2.4784,3.835,2.9164,0 
8.4844,9.1654,4.55,0.4963,2.0701,0 
9.5408,8.2191,2.7023,3.2206,2.4033,0 
10.4868,8.9848,1.5603,2.4899,1.6101,0 
8.7013,7.3435,1.6016,2.2654,2.5248,0 
9.0478,7.1444,1.3856,2.9737,3.3156,0 
8.6018,6.6698,3.3554,2.1933,2.6412,0 
9.222,9.2369,1.4049,2.4094,0.3404,0 
8.1005,8.832,2.056,3.6722,1.9864,0 
8.4865,8.4575,3.3621,0.1608,4.1338,0 
9.5699,8.1516,3.5042,1.8797,0.6567,0 
7.7514,9.2869,0.7842,2.6842,1.7766,0 
9.6977,7.3122,3.1648,2.6784,1.4736,0 
9.0757,8.8188,1.4471,1.5842,4.3528,0 
8.826,7.6355,0.8186,2.1394,3.0434,0 
8.4196,7.3221,1.7292,3.01,1.0193,0 
10.3542,7.9281,1.7237,3.1795,1.2218,0 
8.6892,7.7546,1.2536,2.8054,0.5975,0 
8.7492,8.1399,1.0316,2.6137,3.6157,0 
10.0077,6.6023,2.7484,0.4265,2.1934,0 
8.0818,8.2974,3.0681,3.4015,1.92,0 
7.8395,8.5922,0.7898,2.6653,2.4529,0 
9.0126,7.9322,1.357,2.3876,2.6351,0 
7.3683,9.1419,1.1297,3.6878,1.2082,0 
8.3836,6.3035,-0.2757,2.617,2.2824,0 
8.2597,8.0479,2.2759,1.9659,1.11,0 
9.6338,7.5753,3.1388,1.7453,1.9673,0 
8.3341,8.6902,2.4835,1.1542,1.5692,0 
9.2558,9.6348,1.049,2.2645,0.9829,0 
9.6666,7.5026,2.7457,1.4694,2.1497,0 
9.4348,9.8496,1.4038,3.0241,0.0773,0 
10.0208,7.3966,3.4238,3.9192,2.4702,0 
7.7279,8.0973,1.4419,1.4966,2.4605,0 
8.2976,10.5377,1.786,2.0377,1.6858,0 
8.8103,8.6361,2.384,1.2031,2.1576,0 
9.1606,6.9794,1.8071,1.5654,2.3263,0 
9.0217,7.9053,1.5259,0.9058,2.0057,0 
10.0037,8.6589,0.7123,-1.0215,1.0995,0 
6.8858,8.6238,2.2233,0.5401,2.0064,0 
8.755,8.6277,2.95,1.3172,1.6348,0 
8.5622,8.4893,1.639,1.7959,2.2773,0 
8.9256,5.7473,0.2122,3.537,1.4609,0 
7.7004,8.2763,2.7698,2.9294,3.6509,0 
7.2677,8.7454,1.0578,0.8527,4.0083,0 
9.6925,8.4849,3.0668,2.3101,3.0782,0 
8.7125,9.7316,1.8205,0.9323,2.9084,0 
11.3291,9.3695,3.3181,2.847,2.7876,0 
8.1085,9.2819,1.6587,3.2552,0.9552,0 
7.9599,10.5594,3.3963,2.857,0.964,0 
9.4294,6.5085,1.2305,1.879,1.0383,0 
9.008,7.8312,2.3782,0.739,1.2823,0 
9.3205,8.833,2.3131,4.0839,3.3855,0 
8.1234,8.8737,2.6086,0.9456,2.058,0 
8.9353,7.1967,2.4212,2.5247,3.9047,0 
10.9119,7.6972,1.1921,2.4689,2.737,0 
7.9692,7.4858,3.0325,2.0982,2.8248,0 
8.8174,8.9958,2.3765,0.1057,2.668,0 
8.2373,9.9414,1.3001,0.6701,1.7294,0 
8.7218,9.3517,1.272,0.7767,0.7884,0 
9.6198,9.1025,2.3724,2.4136,2.8276,0 
9.1269,6.1485,1.0614,2.297,1.5061,0 
10.1202,7.8261,1.8002,1.3112,0.8538,0 
9.2061,8.5909,1.4808,1.8761,2.8193,0 
8.8893,7.7627,1.8356,2.6299,1.7587,0 
8.5698,7.6374,1.32,3.2961,0.872,0 
10.1056,8.3932,-0.0504,1.3321,1.8819,0 
8.0779,8.522,1.4421,2.0666,1.9791,0 
7.8226,6.5088,2.5562,1.7091,3.2274,0 
9.6424,7.4279,2.3471,1.4554,2.0921,0 
7.9319,7.3044,2.37,1.5326,2.5663,0 
9.7924,7.2224,2.0372,1.3538,0.6089,0 
9.9297,7.0735,1.7443,1.5499,3.0614,0 
7.0033,6.4762,2.1395,2.3395,1.3214,0 
8.7019,8.5851,1.3896,2.1404,1.0327,0 
7.7896,8.6316,1.5494,2.1212,1.1489,0 
7.2432,9.0612,1.9913,2.0201,2.2073,0 
8.6465,7.5056,1.9404,3.2937,1.1366,0 
8.004,9.7865,1.7371,0.9843,2.4989,0 
7.8564,7.5028,1.8042,0.4532,0.6281,0 
7.9838,8.8643,2.5293,2.0103,3.1124,0 
8.9607,9.732,3.7364,2.1407,2.7375,0 
8.7492,7.989,1.5654,2.8756,2.6442,0 
10.9269,9.6479,0.84,1.9832,1.9063,0 
9.8033,8.9082,2.6758,1.9491,1.8714,0 
9.3167,6.0251,2.6829,-0.2145,2.6851,0 
8.4317,7.2398,2.613,0.2169,0.4253,0 
8.488,8.8664,1.1148,4.6992,1.3466,0 
9.4809,9.6686,1.5563,0.9012,2.2896,0 
7.5427,8.8018,1.9728,2.1913,1.6454,0 
7.9292,6.3235,0.4669,2.3279,2.8447,0 
7.9048,11.2328,2.4437,0.9874,0.7105,0 
7.5915,9.0728,3.5972,3.4785,3.0008,0 
8.7498,7.9616,1.9569,1.7554,0.7668,0 
8.5946,7.4038,2.7202,1.727,2.8899,0 
10.004,7.9737,1.4431,1.6077,2.6932,0 
9.8779,8.2355,-0.0266,2.6621,2.2253,0 
10.0555,8.1289,2.1753,1.9945,1.2059,0 
8.3087,8.6578,1.1631,1.6306,2.0394,0 
8.1031,8.1351,2.078,2.3512,3.654,0 
9.6218,8.4727,1.2448,1.7826,1.131,0 
7.7409,7.1324,2.0556,0.5836,2.974,0 
9.5168,8.2464,2.9602,-2.0141,2.0798,0 
9.5282,7.4889,1.3654,1.7958,3.284,0 
8.1427,10.4349,3.1627,1.3377,1.0434,0 
8.6837,8.2889,2.4554,0.8931,2.5447,0 
8.3354,8.1894,1.494,0.7282,2.2264,0 
8.6732,7.4894,3.5343,1.7118,2.4898,0 
8.7027,7.6677,0.6835,2.4328,2.8398,0 
7.4569,8.0672,0.7446,0.3996,3.1841,0 
9.8532,5.4974,1.6985,1.3671,0.9714,0 
8.2337,8.5407,2.3233,3.662,2.8992,0 
9.7695,9.8965,2.1417,1.8662,3.727,0 
7.1212,7.536,1.1179,0.1713,2.5456,0 
8.8342,7.6533,2.6319,1.8559,1.1359,0 
9.2723,8.9141,1.5053,1.941,2.3482,0 
9.3099,7.915,1.7373,1.5591,1.727,0 
10.0316,5.7051,2.8211,3.7389,4.3473,0 
9.2681,8.9483,3.1215,3.7998,3.4177,0 
7.6126,7.9936,1.9321,1.8772,3.3531,0 
8.6231,7.5543,2.0631,1.1504,1.4637,0 
9.1218,8.5488,1.5066,1.5511,1.6052,0 
7.0556,8.4362,3.5148,2.3791,1.089,0 
8.3608,7.1535,0.5987,2.5645,2.6338,0 
8.6366,7.3623,2.7183,2.1206,1.6259,0 
8.9232,8.6265,3.2484,1.5764,3.1592,0 
9.6468,8.2002,0.9781,0.5182,0.5706,0 
8.834,6.8837,3.845,1.9895,1.6947,0 
9.2486,8.3027,0.7238,1.3699,1.1709,0 
8.8966,7.9656,2.4751,0.5428,1.2686,0 
8.9543,9.6221,2.2724,2.1373,2.8504,0 
8.1804,7.8732,3.1513,0.7002,2.2841,0 
9.2402,7.4274,1.5545,1.7958,0.6221,0 
11.1533,8.6686,1.6126,2.7022,3.5153,0 
8.9999,7.2258,0.5317,0.8669,2.126,0 
8.4305,7.276,0.6419,1.1958,1.4565,0 
9.4379,8.0512,0.8139,2.3816,2.6272,0 
10.4698,7.2289,1.6346,2.752,2.7737,0 
9.6991,6.9567,2.0322,2.0179,1.4203,0 
9.2248,7.3014,2.4494,2.6386,3.203,0 
9.2489,8.1359,3.2838,1.6648,1.3096,0 
8.1606,7.6074,3.5984,2.3392,1.6771,0 
7.7397,7.4398,1.8452,1.991,3.2945,0 
8.5358,6.9594,1.4158,3.5816,2.5612,0 
8.8137,7.6929,1.7379,2.5331,2.2499,0 
9.9993,8.5606,2.7567,1.5392,3.0138,0 
10.2175,8.0473,2.0602,1.197,1.1104,0 
9.926,9.0488,1.639,2.0148,1.9667,0 
9.4932,7.3002,1.6154,1.4492,1.7074,0 
8.1901,6.3971,1.4857,1.7422,1.7842,0 
9.1934,7.384,-0.1021,1.0481,2.0003,0 
8.5568,8.0796,2.4771,1.5695,1.4465,0 
9.1744,7.885,2.3543,3.5801,3.8508,0 
9.0812,8.3631,0.8709,3.4407,3.2312,0 
7.228,8.1774,2.0488,2.7644,0.2625,0 
9.07,9.299,1.5784,1.4349,3.9742,0 
10.2549,8.2244,1.0647,0.6241,3.3679,0 
9.1979,8.2875,2.1191,2.8664,2.9361,0 
7.6015,7.0924,0.0062,2.786,1.2249,0 
7.3257,7.114,4.0658,0.6423,1.655,0 
7.5941,7.3903,2.6113,2.3211,0.4536,0 
10.3638,7.6778,2.9978,1.6398,0.4931,0 
8.1153,9.0104,2.0268,2.525,2.6948,0 
9.1768,8.1351,0.7594,1.0336,2.0881,0 
9.4946,7.4236,1.4871,2.1528,2.6487,0 
6.9154,6.8785,3.7924,1.8391,0.5927,0 
9.4362,8.8384,1.287,3.1351,2.4401,0 
8.9584,9.2707,3.2248,3.5399,0.6632,0 
9.9851,9.1972,0.5646,1.1478,3.2065,0 
9.4952,6.6657,2.0636,1.5934,3.8443,0 
8.5465,6.0504,1.6284,4.0701,1.3874,0 
6.8483,8.251,1.0845,2.7029,1.5124,0 
10.1799,9.7639,1.5907,2.4295,1.0475,0 
8.8697,7.6704,2.0525,2.653,1.8916,0 
7.9653,7.9405,2.3169,1.5553,2.7468,0 
7.3654,8.4278,3.2443,1.4034,2.472,0 
7.9476,7.8387,4.3714,3.1972,3.6534,0 
11.0926,8.5755,2.052,1.3009,0.9613,0 
8.4955,8.5249,2.9186,1.5281,0.6567,0 
9.8033,6.566,0.2077,2.23,2.0125,0 
8.1111,6.1551,2.8936,2.7818,1.4552,0 
8.5088,6.9377,2.9412,1.3537,3.3075,0 
11.2047,6.8655,1.8012,2.9675,1.6382,0 
9.5494,7.3847,1.2989,1.6652,1.2577,0 
9.2407,7.4042,2.2445,1.0544,1.563,0 
8.61,6.94,2.2387,2.3543,0.9361,0 
10.0445,8.757,0.8407,1.561,0.8062,0 
9.3828,6.9472,1.7603,1.972,3.2581,0 
9.2486,5.8944,0.7351,1.3271,1.4994,0 
9.5058,9.019,2.7105,3.185,0.8898,0 
8.8802,8.1984,1.764,2.5198,1.3313,0 
8.2185,10.5507,2.275,-0.162,0.9645,0 
8.5098,8.1349,2.0208,2.0753,1.4456,0 
9.1675,8.1299,2.5844,1.4757,0.8504,0 
8.328,7.9506,2.1859,3.474,3.4745,0 
10.313,5.6023,1.7077,2.0634,2.565,0 
8.0732,7.5077,0.4306,2.4003,1.9784,0 
6.9063,7.7364,1.0381,1.7149,0.7909,0 
8.1161,8.259,2.14,1.7778,0.031,0 
8.5499,8.8333,2.0222,1.2192,2.8221,0 
9.031,7.1346,2.1855,1.7897,1.3028,0 
8.5673,7.2238,2.7223,2.0593,2.2183,0 
9.4992,7.1058,2.9556,2.6973,2.3651,0 
9.588,7.9307,3.876,2.4624,2.3131,0 
7.1155,8.5655,1.2668,2.4417,2.7538,0 
9.4403,7.4235,3.3915,4.4007,2.7702,0 
10.8303,7.5508,1.6697,1.2816,1.304,0 
10.823,7.8457,2.2284,0.7806,3.0228,0 
8.6106,7.2555,2.5937,2.075,2.0124,0 
11.1532,8.2815,0.2189,1.1859,2.0696,0 
9.4854,7.2463,1.8846,0.5821,2.9711,0 
11.1255,8.0431,2.5331,1.8526,2.9639,0 
9.5069,6.7755,2.373,1.1653,1.873,0 
9.4798,6.812,-0.198,2.4675,1.907,0 
8.5362,9.0258,2.3629,1.3254,1.3176,0 
9.5458,8.0885,-0.2894,3.0395,2.0624,0 
9.6311,8.3763,2.9838,2.1953,2.149,0 
9.1224,6.2195,3.0072,1.98,1.6674,0 
8.9386,9.2916,0.5647,1.6931,2.6436,0 
9.4204,8.3557,2.5777,2.6576,0.5503,0 
8.1118,8.0743,1.7585,3.1878,1.6997,0 
7.7732,6.6811,0.9575,2.889,3.0034,0 
6.6235,8.2674,1.6258,1.9741,0.8197,0 
16.1852,6.2578,2.2752,0.6715,1.2055,1 
15.7516,5.9789,1.3182,1.8555,2.1761,1 
17.2449,5.5581,2.5451,1.8072,2.047,1 
13.8308,6.6336,1.6239,1.9384,1.7721,1 
14.0192,7.0279,1.0498,3.7057,2.7844,1 
15.53,5.9251,3.8938,1.1638,0.1928,1 
15.7069,5.1604,2.5568,2.9433,2.9835,1 
16.2484,3.8303,1.9871,2.7671,1.674,1 
15.6693,5.2795,3.0601,1.3631,2.6719,1 
16.1183,5.9003,1.1273,2.0075,3.0803,1 
16.704,5.7338,1.5696,3.242,1.1626,1 
15.0728,5.1081,1.8513,2.8046,3.2231,1 
16.1879,6.8935,3.1252,1.773,2.6435,1 
14.377,4.6143,3.5871,2.4597,2.168,1 
16.4245,4.4919,1.8303,1.8443,0.6197,1 
16.096,6.4421,2.5287,2.5087,0.6187,1 
16.0911,5.6959,0.6661,1.3788,-0.1326,1 
14.4293,8.4776,1.6671,2.5166,0.761,1 
15.5764,5.5236,4.1063,3.4574,3.9874,1 
14.9802,4.8225,2.3186,3.2995,1.7914,1 
15.7133,6.0973,1.115,2.9254,0.9149,1 
15.7865,6.3502,2.542,2.1038,1.9486,1 
15.6308,6.6421,3.3987,1.7223,1.1274,1 
16.3819,6.8215,1.9742,3.1806,0.7099,1 
15.5416,6.3923,1.4434,1.7341,1.2397,1 
16.4372,3.5034,2.9297,3.2638,2.2286,1 
16.868,5.7303,1.205,1.4971,2.7888,1 
16.6556,4.7151,3.1731,2.9236,1.7901,1 
15.4317,6.6229,2.446,0.7253,2.0063,1 
17.3632,8.3373,2.0364,2.9247,2.1706,1 
15.6904,6.6563,2.4653,1.1139,0.4295,1 
15.7586,4.4717,1.5104,2.8943,2.2886,1 
15.4704,7.7724,1.1938,2.5548,0.5505,1 
15.7723,6.817,1.3745,1.4147,0.7105,1 
15.1841,5.8529,3.2438,4.1607,2.78,1 
16.3741,5.7771,1.3215,1.337,2.9642,1 
17.1702,4.813,-0.6235,2.5489,2.0161,1 
15.5785,6.6514,0.5958,2.5018,2.3556,1 
15.7643,7.0282,0.7885,3.4317,3.7716,1 
16.2031,6.9081,2.5502,1.8561,1.6869,1 
14.8718,4.6175,2.8537,1.5622,0.085,1 
15.0463,5.2338,1.5643,1.9541,2.5012,1 
16.8387,6.4713,2.5122,1.6586,1.7674,1 
15.2851,7.6574,2.8179,2.9162,2.677,1 
17.5807,6.4114,1.3203,2.1,0.4537,1 
15.8445,4.8766,1.2645,1.261,1.903,1 
15.5241,5.5169,2.3841,2.2945,2.3587,1 
15.675,5.836,2.092,3.8805,1.3177,1 
15.9786,6.053,3.0764,2.4398,2.8508,1 
15.4641,6.8801,1.4755,3.5751,2.0865,1 
15.0452,6.4265,3.8383,1.0825,-0.349,1 
17.2796,6.8888,2.3028,3.2596,2.9525,1 
17.9408,6.4829,3.6167,2.7294,2.9806,1 
15.271,5.9936,-0.0465,2.1879,3.3964,1 
14.5084,5.1535,-0.0176,2.4848,1.4612,1 
15.4691,5.1736,0.9364,1.3379,3.9714,1 
13.6448,6.2858,1.1574,0.4263,0.8233,1 
16.9745,5.745,1.5624,2.0408,1.0501,1 
16.7703,5.7246,1.1013,1.3919,1.9531,1 
15.1437,4.2541,3.1605,2.6083,2.0619,1 
16.2419,5.4461,2.1469,3.1948,1.2225,1 
15.2791,6.4338,3.7584,2.142,2.1774,1 
16.4081,5.9041,1.4418,0.1615,4.0795,1 
14.0537,5.2218,0.7999,2.8557,1.5058,1 
15.8088,6.4774,0.6317,3.5879,4.2424,1 
15.3253,5.5935,2.2389,1.952,2.8894,1 
15.1225,5.8809,2.0604,1.3181,1.8365,1 
15.9144,6.9948,1.1926,0.4543,0.5662,1 
15.4687,5.707,0.5505,1.6114,2.4724,1 
16.6481,4.6137,1.7705,-0.2933,1.5553,1 
15.4916,6.9991,3.5076,1.3683,1.431,1 
14.2852,4.5512,2.6814,1.6315,2.6891,1 
15.8646,5.2069,2.9395,2.7131,1.1302,1 
17.9281,5.6021,1.5494,1.1081,1.5187,1 
15.0957,5.9787,1.2768,1.4997,4.0843,1 
16.064,6.0024,1.9388,2.7261,2.4651,1 
15.2295,6.7719,2.7249,3.352,3.3141,1 
14.9471,5.2501,1.6152,1.3661,1.7283,1 
14.8694,5.9539,1.5739,4.0084,3.2614,1 
16.1404,5.6305,1.8254,3.6264,2.3585,1 
16.3631,5.2758,0.7719,3.3213,2.3416,1 
14.7129,6.5073,2.6924,2.0698,1.6119,1 
14.2829,6.8196,3.6635,2.1653,3.4572,1 
14.9718,6.9912,3.5221,2.7089,2.0449,1 
14.997,7.4994,3.548,1.7532,1.1919,1 
16.4104,5.6418,3.5778,2.3183,2.8777,1 
13.5181,6.2817,2.2986,1.2983,2.7831,1 
15.9253,5.5969,-0.4199,2.6091,2.2443,1 
16.1753,4.3025,1.2597,3.7024,0.8028,1 
16.0425,5.8725,1.3987,3.4313,2.7616,1 
17.357,7.5489,0.7473,0.6088,-0.0128,1 
14.8141,5.5498,0.6558,2.8936,2.549,1 
16.5963,6.6404,1.493,1.6886,0.6484,1 
14.3987,6.3722,3.4702,3.18,2.5028,1 
16.1546,7.2168,3.4918,1.2246,1.5606,1 
15.6867,4.9462,2.4978,0.4161,1.4401,1 
15.3154,7.8613,2.5477,2.1608,3.1997,1 
16.4327,5.5775,1.6717,0.2465,2.285,1 
16.5583,4.5254,1.9357,1.2368,0.5872,1 
17.189,6.5188,3.8625,0.9813,0.416,1 
15.8652,4.2626,2.5613,2.2987,2.3168,1 
16.551,7.0219,2.6093,3.063,2.0898,1 
16.1597,5.951,2.7844,1.6445,1.4259,1 
16.944,5.3745,2.4055,2.3313,2.9042,1 
15.5181,6.5587,3.1315,3.3689,2.2153,1 
16.7136,6.4322,3.0474,1.0557,3.7077,1 
15.6307,4.9066,2.974,1.644,4.0672,1 
15.7188,7.6946,3.7935,3.3582,2.8231,1 
14.7461,4.8907,3.0854,2.325,4.0384,1 
15.8514,3.4061,2.3494,2.5739,0.1565,1 
16.0562,3.8596,3.9113,2.7489,2.6726,1 
14.3788,5.2626,1.4457,2.678,2.1419,1 
15.6782,4.6323,2.0281,3.7951,0.9404,1 
17.0083,7.635,2.6519,1.3822,1.2636,1 
14.5218,5.3577,1.7258,1.0692,1.1498,1 
16.5418,5.7366,3.8687,-0.206,2.3726,1 
15.4634,4.8345,1.405,1.338,2.9556,1 
15.2322,7.1719,1.6642,3.1373,1.935,1 
16.9564,4.8562,1.5859,1.079,1.4685,1 
16.5762,5.8775,3.54,1.4528,1.8184,1 
16.8938,5.9403,1.0007,2.1633,3.0317,1 
15.7194,6.4221,1.943,2.2993,3.0778,1 
16.9109,6.268,2.5721,2.033,3.3772,1 
16.0948,6.2058,3.8229,2.4537,0.9197,1 
16.3442,4.6136,2.5288,1.7594,1.6744,1 
18.02,5.538,1.6692,1.7638,0.9463,1 
15.6114,7.0518,0.2918,3.3454,1.8476,1 
16.4695,6.1942,2.581,3.0168,0.6563,1 
16.4624,5.4466,2.3565,2.6261,1.3625,1 
15.8548,5.9486,4.025,2.0974,1.6099,1 
16.1474,8.3426,4.7327,3.9317,2.6603,1 
16.8163,5.9936,2.0182,1.8751,3.4696,1 
16.9583,5.1535,2.138,1.7893,1.3048,1 
15.6131,6.7674,0.943,2.3465,0.8493,1 
15.9146,7.5369,4.3149,1.2439,2.2672,1 
15.2965,6.3742,1.9638,2.2647,1.5781,1 
15.8428,5.9007,2.5442,1.4279,2.8027,1 
16.5666,5.9895,3.4857,3.1137,2.1536,1 
17.0009,7.2667,1.8147,3.2413,1.958,1 
17.9822,8.1865,3.3675,-1.1118,3.6295,1 
16.1452,6.799,1.1636,2.154,0.979,1 
15.9338,5.7168,3.1454,3.0635,1.4158,1 
13.461,4.4988,2.1552,1.3195,1.3443,1 
16.248,5.9139,1.636,2.0261,1.4653,1 
15.4367,7.9539,2.5465,2.3465,2.0693,1 
15.1372,4.5563,2.5704,2.2962,3.6438,1 
14.7231,5.7431,1.3049,1.0663,2.2217,1 
15.6236,8.5489,1.8755,2.0845,0.9389,1 
15.6766,7.6415,3.5346,0.3521,2.9696,1 
16.2502,4.64,1.6984,0.9922,1.1919,1 
15.5096,6.5333,3.9453,2.8929,2.9587,1 
14.8651,6.2055,1.6919,2.8376,1.6043,1 
15.0796,5.1904,3.0679,2.0627,2.2865,1 
15.4325,6.308,2.6845,0.7111,0.7024,1 
17.0034,5.1036,2.3919,0.8504,3.7424,1 
17.0089,6.5093,3.0851,0.8913,0.6129,1 
15.379,5.0662,2.0645,0.8364,1.268,1 
17.1414,5.9128,3.0581,2.0741,3.5471,1 
15.858,5.3552,2.759,2.2704,2.1411,1 
16.0216,5.9485,1.3793,0.4318,0.9017,1 
17.6734,4.8267,1.2458,2.8554,1.1349,1 
16.5049,6.1704,0.0788,2.2165,3.4101,1 
15.0258,5.0901,1.2598,4.2424,2.2536,1 
17.8302,4.9421,1.4933,2.0316,2.5553,1 
16.6953,5.321,2.9329,1.8291,1.0074,1 
14.7342,5.7998,1.4861,3.0974,2.6122,1 
18.6643,6.3485,1.304,2.0424,2.0357,1 
16.7627,5.5486,1.9723,3.4463,0.279,1 
15.0408,6.5147,3.8111,1.4979,3.4926,1 
15.3994,5.7895,2.3156,4.0124,1.9912,1 
16.0977,7.1642,2.201,3.7538,3.3277,1 
17.5915,7.1153,1.5959,1.076,3.2348,1 
15.9011,7.1374,1.4917,1.9284,2.6211,1 
15.5324,5.4069,2.0438,2.7733,2.6073,1 
17.1619,6.9326,1.189,2.0789,0.8703,1 
15.9118,7.4061,2.126,1.6672,1.3481,1 
15.5875,6.1027,1.7607,1.6249,2.7647,1 
15.8284,5.803,2.2976,1.5553,1.8102,1 
15.2791,5.4929,2.1568,1.1126,0.7713,1 
16.272,5.4057,1.2535,1.6149,3.7084,1 
15.4738,7.3111,2.3914,2.2477,1.8299,1 
16.5429,5.7381,1.3899,1.9881,1.7547,1 
17.117,6.1411,1.5267,2.4208,2.09,1 
15.8111,5.817,1.4994,3.5523,3.2122,1 
15.5487,5.8852,0.0142,1.3233,1.4379,1 
16.4416,4.3982,0.2273,1.9314,1.2211,1 
17.728,7.559,1.5713,2.9389,0.8091,1 
14.8939,5.6776,1.1765,1.3324,3.2404,1 
16.3858,7.089,1.5017,1.5609,2.7358,1 
17.8008,8.3466,2.7177,-0.1667,2.7547,1 
15.7116,4.4753,2.1009,2.9359,1.1609,1 
15.4522,3.43,1.8171,-0.4925,0.7735,1 
15.861,6.5023,2.1698,2.5818,3.2095,1 
15.8039,5.1122,1.4816,3.2912,2.0074,1 
17.0015,6.0988,0.8804,1.6139,1.5739,1 
16.3582,7.3227,1.9316,1.7117,2.4722,1 
13.2298,5.9993,2.824,1.6616,2.7881,1 
16.1165,5.8143,0.6685,-0.0529,0.4398,1 
15.3983,4.9172,1.6297,1.3125,1.5317,1 
16.4367,4.7376,1.446,1.777,2.5375,1 
14.7838,5.2393,1.4932,1.971,1.8212,1 
15.8467,5.2264,1.8685,0.368,1.9739,1 
16.5393,6.5949,2.7758,0.1003,1.6939,1 
16.7691,5.9465,0.8832,3.3083,3.9941,1 
15.2116,5.879,2.4157,3.8299,2.6373,1 
15.5339,4.1519,0.5673,-0.603,1.8799,1 
15.2362,6.3831,1.811,0.522,1.1964,1 
15.6657,6.7015,1.9106,2.3151,-0.1706,1 
16.9657,6.5056,2.2849,2.8192,2.831,1 
16.7657,7.1871,-0.0055,-0.5302,3.155,1 
15.5431,5.9572,0.6299,3.551,1.007,1 
15.1373,6.1744,0.5084,2.4876,2.0535,1 
15.4415,5.0788,2.3538,1.4575,2.1591,1 
16.2908,7.3475,2.173,1.6926,3.0357,1 
17.6605,5.9274,3.812,4.2264,1.8876,1 
17.046,7.4833,0.1431,1.7785,1.1445,1 
16.1267,5.8876,2.4382,2.8706,2.7006,1 
15.3939,6.0024,3.2024,2.9053,2.6801,1 
14.0928,5.3295,0.8045,3.4633,1.3751,1 
14.9363,6.0225,1.114,1.436,0.5436,1 
14.5906,6.7082,1.0902,3.8879,3.6124,1 
19.0563,3.7215,1.8388,3.1003,2.611,1 
16.6269,7.3276,0.7357,1.1309,0.6378,1 
14.9447,6.3172,2.1594,1.1843,0.8513,1 
15.8301,4.901,2.2747,2.1666,3.6049,1 
16.9652,7.1955,2.3056,-0.5567,2.0574,1 
17.2494,7.2867,1.6795,2.1601,1.1374,1 
15.4552,6.8166,1.7299,1.8828,2.7171,1 
16.5051,7.5413,2.8202,1.2701,3.0708,1 
15.4809,5.1516,1.0892,1.6528,1.7663,1 
17.7904,4.6855,3.3645,2.5501,1.459,1 
16.1719,7.1936,0.8037,3.5903,1.3829,1 
15.1927,8.1634,3.2305,2.4314,2.5688,1 
16.5289,5.7904,2.787,1.8115,0.7695,1 
15.1396,6.8817,1.0406,3.1847,3.2813,1 
16.233,7.9398,2.1335,4.127,2.334,1 
16.7566,6.9821,3.2609,0.9923,1.6025,1 
17.3368,4.7456,1.5984,1.7241,1.9434,1 
16.1946,5.0158,1.659,0.7804,1.3721,1 
16.4349,5.454,1.8302,0.2194,3.4849,1 
19.3327,5.7557,1.5013,0.7376,2.9459,1 
16.1338,6.7627,2.3077,2.1525,3.7748,1 
15.8821,7.53,0.5809,2.3143,2.1133,1 
16.7267,5.6012,3.4028,0.7602,1.981,1 
15.5639,7.5638,3.8009,0.7984,2.4645,1 
15.9478,7.8048,3.6571,0.3899,2.7525,1 
17.308,6.7285,1.1306,1.7325,0.535,1 
16.9151,6.8164,1.363,3.8472,3.0961,1 
14.4436,7.0584,4.0655,1.9685,2.4208,1 
16.1464,6.006,1.5673,1.9303,1.8807,1 
16.5893,6.1503,2.7765,2.3211,0.7396,1 
16.3024,6.3637,3.8865,2.1208,0.3007,1 
15.4318,5.5856,2.0989,2.0189,3.1142,1 
14.9192,6.747,1.5751,0.1102,2.3874,1 
16.3246,6.0572,2.1315,2.8888,0.8922,1 
14.4887,6.8212,0.5387,0.467,3.0008,1 
15.0213,4.6168,1.4429,1.9423,0.9618,1 
17.5448,5.3327,1.2197,1.497,2.1592,1 
15.2478,7.0786,1.0414,1.9931,1.0329,1 
14.0079,7.0913,1.4034,1.5639,2.1618,1 
17.741,6.2853,2.4346,0.6945,3.3251,1 
17.1476,4.2185,1.8432,1.6123,0.8595,1 
17.0336,5.4894,1.5131,2.958,2.5486,1 
14.2667,4.4443,2.5846,4.3284,2.509,1 
16.2298,5.2478,2.1393,1.549,0.6047,1 
15.4615,7.2111,1.8657,4.1397,2.8507,1 
15.6077,5.1145,4.2931,1.6565,1.0622,1 
14.6724,5.7401,2.812,0.5756,3.3894,1 
15.3824,5.6159,3.0884,2.2597,1.1745,1 
16.0776,8.4774,2.8429,1.237,1.0933,1 
16.6842,7.0952,2.2164,1.5295,1.2838,1 
14.858,4.5131,1.5611,1.8557,3.2228,1 
17.3327,8.0545,2.1407,0.9364,3.6255,1 
15.7664,8.7644,2.6895,3.0556,0.6316,1 
15.968,6.0284,2.2527,2.2395,1.714,1 
15.8328,5.8815,2.2186,0.686,1.7501,1 
16.3111,6.7387,2.1844,4.3046,1.1242,1 
15.9783,5.2425,1.2403,2.8578,1.689,1 
15.9464,5.215,0.7698,1.5896,3.5004,1 
17.0054,4.6913,2.6718,1.9221,1.4719,1 
16.6568,6.2523,2.3457,3.473,0.6654,1 
15.9811,5.8296,0.3284,1.9944,1.1052,1 
16.9188,6.1056,1.3409,2.8513,3.9787,1 
17.773,7.4454,3.7469,2.4818,1.5493,1 
16.8886,6.8554,1.6392,3.2368,1.8526,1 
15.8146,5.6559,3.0677,4.0528,2.312,1 
15.8238,4.8624,2.0056,0.9777,2.0509,1 
15.2977,6.5738,1.5823,2.2232,1.7943,1 
16.0723,5.7804,2.2917,2.6418,1.8919,1 
16.4892,6.431,4.7092,2.2955,1.5324,1 
15.9441,7.1494,2.5615,2.7119,1.3408,1 
16.4711,5.5899,1.0233,2.7554,3.3189,1 
16.5581,6.9391,0.7505,0.5456,3.2624,1 
15.6968,7.4626,2.3427,0.1402,2.3646,1 
15.8006,6.8746,3.8795,3.9099,2.2854,1 
17.238,4.8471,1.5057,1.7413,1.6074,1 
16.2624,5.4577,0.7718,1.8861,2.4706,1 
16.2413,5.9525,1.6076,4.1132,2.445,1 
17.1945,4.851,1.1301,3.899,2.335,1 
16.438,6.008,2.0558,0.4732,1.8396,1 
15.318,3.679,1.1723,3.3626,3.4035,1 
15.7083,6.2532,1.7988,2.3948,2.8387,1 
16.4441,4.9498,1.7887,1.3769,1.3277,1 
17.36,6.1171,2.1811,3.63,2.0712,1 
15.791,6.5271,0.4549,0.4532,1.1866,1 
17.1476,6.0429,1.1032,0.8097,0.2002,1 
14.4916,5.0092,3.4764,1.3639,2.2456,1 
16.2797,4.8077,0.1533,1.5409,1.1305,1 
16.6031,3.873,0.234,2.1711,3.9087,1 
15.7266,6.2562,2.2409,3.2332,2.2938,1 
15.8107,5.7377,1.8405,1.6729,1.9697,1 
15.2453,5.4771,3.8941,1.229,0.9705,1 
14.6661,6.662,1.9491,2.3513,1.842,1 
16.6406,4.8925,2.6469,2.6611,2.3868,1 
15.5012,4.894,1.5739,2.7116,1.6828,1 
16.5435,6.3772,1.8535,2.033,1.0837,1 
16.148,5.4981,1.7825,2.4132,2.4527,1 
15.4275,5.8852,1.4693,1.7614,4.0649,1 
15.2792,4.7504,0.7823,2.1293,2.1056,1 
17.0669,5.7937,0.9631,1.8871,2.4289,1 
16.126,6.2838,1.6199,2.5778,1.3,1 
16.456,6.2352,2.6989,3.1775,1.9956,1 
17.3087,5.2095,1.3332,0.92,2.0801,1 
14.8348,5.3555,2.3524,0.8762,1.7269,1 
14.1624,6.1624,0.4606,1.7484,1.5859,1 
17.876,7.3297,3.0126,1.1124,2.6244,1 
18.2314,6.1047,3.5858,2.8735,3.6155,1 
15.2447,7.5257,2.2386,2.0407,1.1699,1 
17.3196,5.7865,0.7052,2.8153,1.2588,1 
15.1781,5.8932,3.5121,0.8988,0.3696,1 
14.5104,6.8819,0.4626,1.9312,1.0551,1 
14.8596,4.8391,3.3387,0.9405,0.7553,1 
17.1511,7.3533,1.4975,1.791,2.8858,1 
15.3389,7.619,0.3238,3.5716,2.7242,1 
16.824,6.4489,2.9668,0.7726,1.8087,1 
16.0829,6.2627,2.256,2.5579,2.9058,1 
17.1471,7.001,2.4714,1.1124,2.5048,1 
16.0661,5.9627,2.4915,0.1449,3.1963,1 
16.8319,5.3461,2.6389,2.0019,2.3261,1 
15.8614,5.1648,1.6684,2.6267,1.7604,1 
17.4277,6.4555,0.3349,1.0824,0.1123,1 
16.55,6.2061,4.6271,2.9484,2.181,1 
15.3319,6.972,1.5244,3.2101,0.9931,1 
16.3887,7.001,1.8472,2.601,2.0019,1 
16.1416,5.3325,1.7783,2.4325,1.2419,1 
14.4025,5.0359,0.8879,0.4227,1.2343,1 
18.4623,5.8249,2.1667,2.0958,0.2974,1 
14.9243,4.0576,2.0615,3.062,2.6008,1 
14.5584,5.1328,2.9313,2.1515,3.1421,1 
15.7367,5.653,2.163,0.4491,2.2764,1 
14.8222,4.9858,3.3529,2.8954,0.7936,1 
16.5678,5.9565,2.9214,2.4476,3.7782,1 
16.9741,5.9496,0.9495,1.0341,0.7488,1 
16.1116,5.805,1.1276,3.124,5.0794,1 
16.0223,6.4336,0.3627,2.3226,2.9046,1 
13.8261,5.3586,3.7752,0.7771,2.7589,1 
15.2152,4.8152,1.6437,2.1597,1.2339,1 
16.1763,6.905,-0.3206,3.2424,0.8985,1 
14.7457,6.0086,-0.6266,2.1951,1.3435,1 
16.373,5.3534,3.7377,2.3743,-0.2217,1 
17.9405,7.3435,0.9482,1.7591,2.8612,1 
14.5979,6.2126,1.8786,1.9193,3.6627,1 
15.9174,7.1653,3.553,0.2101,3.136,1 
15.7766,4.917,1.6486,2.9521,2.6266,1 
16.075,6.474,1.9349,0.4707,1.5695,1 
15.2528,5.5193,2.8042,1.8503,4.7795,1 
14.6572,5.4372,1.9149,1.9489,2.7787,1 
15.384,6.3303,1.6593,1.6961,3.4296,1 
14.714,6.466,2.2731,1.3007,2.2036,1 
14.3624,5.8642,1.8012,-0.8625,1.9623,1 
15.0554,5.5951,0.458,2.4298,2.167,1 
15.8958,6.8609,1.3266,1.996,3.4484,1 
15.4658,5.5957,2.2355,1.4483,1.278,1 
14.5222,5.4779,2.8727,2.8179,0.8708,1 
15.9845,4.7639,2.2659,2.2837,3.1479,1 
17.9878,6.4442,3.8,2.1265,1.546,1 
16.5547,5.0412,1.6852,2.0667,4.1937,1 
17.4353,7.7995,3.4811,2.655,0.8815,1 
16.736,8.6195,1.0218,3.5328,3.5307,1 
15.8126,5.0363,1.2896,3.3373,4.0677,1 
15.398,5.4705,1.2315,1.5111,3.1931,1 
16.496,5.0537,1.2585,1.2002,2.3739,1 
15.8907,5.1751,1.0378,3.1548,3.9921,1 
14.9691,5.0212,1.4168,-0.8079,2.0522,1 
14.1637,4.7769,2.1389,1.5543,1.7441,1 
15.8502,6.2939,2.6026,2.7791,2.0972,1 
17.0053,6.36,1.6251,1.9004,1.9691,1 
15.4729,5.8297,2.5483,2.0593,3.138,1 
15.1032,4.2637,2.4231,0.497,1.7481,1 
16.5624,5.9987,3.6565,1.3822,1.6681,1 
15.3959,6.286,3.3666,1.7374,1.5555,1 
16.046,6.6066,1.6597,2.0754,1.9369,1 
17.9584,4.4818,1.123,1.7689,1.2691,1 
16.9295,6.6135,2.8588,1.5587,2.1961,1 
16.7911,5.6224,1.9633,0.4343,1.6904,1 
16.3728,4.7064,2.2649,1.5804,2.3934,1 
14.6321,5.5979,2.5548,3.4868,4.6048,1 
17.5261,7.005,4.2032,0.4335,0.6103,1 
16.0512,5.7559,2.7408,3.403,3.0273,1 
17.3164,5.8441,1.0547,3.4478,1.6087,1 
16.2864,5.0397,3.7334,3.4846,1.7179,1 
14.3982,5.2428,3.2905,3.672,2.7302,1 
14.0418,5.9639,0.5218,1.2801,1.1963,1 
16.3377,6.8039,1.1304,3.8076,1.2838,1 
15.2768,5.2649,-0.0991,0.512,1.1192,1 
17.1355,8.1374,1.8841,1.2748,2.1841,1 
15.9975,7.186,2.8555,0.9595,2.3061,1 
16.5389,6.432,1.5891,2.2465,2.5697,1 
15.0199,6.6948,0.7581,0.459,0.5937,1 
15.6882,5.8026,1.8368,2.7442,1.6256,1 
17.3196,4.9795,1.9884,2.0766,1.9528,1 
16.5821,7.2151,3.5162,1.2596,0.8638,1 
18.0011,6.7524,1.7792,3.4784,1.7615,1 
15.4999,6.533,1.7901,1.8437,1.6855,1 
15.9796,6.0242,3.2463,2.0868,2.4456,1 
15.6592,6.0985,1.0627,3.4508,2.9582,1 
15.068,8.6784,1.9791,3.4645,2.3085,1 
16.3818,6.1715,2.5089,-0.0385,1.5521,1 
16.5843,6.3732,2.904,1.661,3.0157,1 
17.8586,5.5109,2.3272,2.0958,1.6784,1 
14.5961,5.1263,2.493,1.0569,1.9284,1 
15.5844,6.7872,0.879,2.8702,4.4631,1 
15.5005,5.9703,2.3682,2.2933,1.645,1 
16.4453,5.9023,1.3871,3.3097,2.2113,1 
16.1261,5.7545,1.004,2.897,2.1649,1 
15.2628,6.1204,1.6461,2.126,0.961,1 
15.6213,7.8407,-0.035,2.8584,4.4755,1 
14.4248,5.1129,2.9684,3.6266,1.8147,1 
18.3207,5.1764,2.3244,1.3474,0.96,1 
17.0578,5.68,3.1823,0.9207,1.6236,1 
15.6081,4.3714,0.4957,1.7406,1.7931,1 
17.7668,4.5613,2.1191,0.8664,0.3399,1 
16.7725,7.7339,1.2315,1.7983,2.3118,1 
14.7794,5.4806,3.349,1.9092,1.1681,1 
16.2111,7.1326,2.4145,3.0275,2.4516,1 
14.5783,5.2884,-0.7727,1.7702,2.7743,1 
16.0111,6.573,2.2497,1.0547,2.0075,1 
14.4827,7.439,-0.3021,1.8781,2.2732,1 
16.716,5.9811,3.4457,1.7877,1.8133,1 
15.1694,4.986,1.5957,2.6297,3.6535,1 
15.2016,5.2018,2.5748,1.0951,2.0723,1 
15.7268,4.7156,1.7717,4.5553,1.9588,1 
17.7445,5.4021,1.9622,3.2161,1.3223,1 
16.291,4.2398,2.5455,3.6569,4.1348,1 
16.4242,6.7036,1.9443,1.9552,0.4996,1 
17.5485,5.3081,1.6968,1.1827,2.5768,1 
16.0904,6.5961,2.3039,1.9419,2.061,1 
15.4913,5.0491,2.3415,1.2804,-0.1731,1 
15.1472,6.467,3.3746,2.1502,2.7673,1 
14.0832,7.6751,2.0916,1.9386,1.2746,1 
16.2719,5.2814,1.1703,1.6982,3.2888,1 
16.5165,6.7366,3.401,3.3353,-0.1403,1 
15.3838,5.1272,3.2042,2.911,1.8646,1 
16.7165,6.3277,2.9546,3.2081,2.6236,1 
15.3945,5.488,2.4358,2.2134,2.4513,1 
14.2747,6.7786,1.9684,1.4359,0.3906,1 
15.4188,5.6238,2.0861,1.4207,2.8964,1 
15.2637,6.6546,0.7306,2.3669,0.356,1 
17.1707,5.6959,1.9215,2.0085,2.2216,1 
14.9811,6.5872,2.5358,2.3702,2.57,1 
16.2997,5.0214,2.4073,1.9462,1.486,1 
16.1096,4.7942,3.0155,2.3649,0.4988,1 
14.7614,5.2404,1.7535,1.733,3.1865,1 
15.8049,4.2869,3.2399,3.9786,0.8538,1 
15.8837,7.0275,1.7605,-0.9443,1.2835,1 
14.9948,3.7983,2.6892,2.6315,2.0336,1 
16.8129,6.4278,0.7534,-0.3956,1.1884,1 
15.3127,7.1978,3.3495,1.9064,1.6875,1 
15.3693,5.7496,2.4274,2.7166,0.5783,1 
16.7291,6.1691,0.8732,2.0704,1.76,1 
16.2462,4.3819,0.9306,2.1422,2.3493,1 
14.6263,4.2534,2.3654,2.5837,1.7648,1 
15.66,7.2497,1.4149,1.8859,1.4858,1 
14.9397,6.9017,1.6703,2.9798,1.1469,1 
15.8428,6.8469,2.0892,1.6357,0.8641,1 
15.7771,6.7808,-0.667,2.3378,1.0565,1 
15.9386,6.2495,0.7179,1.9666,3.1772,1 
14.7592,5.6807,1.649,3.6283,-0.1638,1 
15.6377,7.6711,1.2035,3.154,2.3918,1 
16.205,5.3323,0.9683,0.6082,2.2082,1 
16.4448,4.6287,2.4905,0.9601,1.9592,1 
15.8971,6.8484,3.8224,2.6836,0.7675,1 
15.6344,5.3333,2.9536,3.7451,3.5082,1 
18.2401,6.0352,2.8591,-0.0459,1.0394,1 
15.0805,4.6971,0.2699,1.3801,2.796,1 
16.6837,4.9098,2.9208,1.9534,2.5695,1 
16.0738,5.9736,2.2079,0.7231,2.7423,1 
17.386,6.732,0.8321,2.5581,1.9928,1 
13.3927,5.4155,-0.1233,2.3354,1.2878,1 
17.8598,6.3323,2.6467,3.7897,3.3365,1 
14.8016,5.845,0.8417,2.0162,0.6849,1 
16.7965,5.1155,3.4209,-0.1934,1.7743,1 
15.4604,5.3056,1.2608,2.3065,1.7481,1 
14.6523,5.6349,2.1659,1.1986,2.0324,1 
16.3817,6.5992,2.366,3.2481,1.8164,1 
17.2813,5.9156,-0.1968,2.9337,2.2289,1 
15.6524,5.327,2.7192,1.5681,3.3879,1 
16.3499,8.016,2.085,-0.3383,1.8538,1 
15.1411,6.3703,2.266,2.6946,1.6313,1 
14.3207,3.3771,3.6988,1.4166,4.382,1 
