1,1,0.0227 
1,2,-0.7153 
1,3,1.8321 
2,1,-0.4525 
2,2,0.6978 
2,3,2.0445 
3,1,0.5581 
3,2,-1.4435 
3,3,2.8165 
4,1,-1.1125 
4,2,1.6808 
4,3,1.7516 
5,1,-0.5956 
5,2,0.0665 
5,3,0.0946 
6,1,-0.5456 
6,2,0.4651 
6,3,3.0223 
7,1,1.3146 
7,2,0.1177 
7,3,0.7036 
8,1,-0.3152 
8,2,0.5898 
8,3,1.1281 
9,1,0.3307 
9,2,1.2211 
9,3,2.1624 
10,1,-0.1083 
10,2,-0.7346 
10,3,1.6126 
11,1,1.6164 
11,2,1.7017 
11,3,4.1369 
12,1,1.8639 
12,2,0.2207 
12,3,3.3731 
13,1,-0.4073 
13,2,0.6641 
13,3,4.0207 
14,1,0.1957 
14,2,-0.36 
14,3,2.6195 
15,1,0.8836 
15,2,-2.1257 
15,3,2.5883 
16,1,-0.2028 
16,2,-0.1479 
16,3,3.0597 
17,1,0.6841 
17,2,-0.1411 
17,3,1.2413 
18,1,-0.6875 
18,2,-1.087 
18,3,0.1666 
19,1,0.1389 
19,2,-0.9574 
19,3,3.3493 
20,1,-0.7634 
20,2,-1.071 
20,3,1.6073 
21,1,0.2912 
21,2,-0.6112 
21,3,1.1754 
22,1,-0.3842 
22,2,0.2371 
22,3,0.3509 
23,1,-1.4651 
23,2,0.7245 
23,3,1.2516 
24,1,-0.9306 
24,2,-1.6544 
24,3,1.0486 
25,1,0.6345 
25,2,1.397 
25,3,2.2652 
26,1,-1.4707 
26,2,1.3248 
26,3,2.2103 
27,1,3.0537 
27,2,-0.6637 
27,3,1.9006 
28,1,-1.1895 
28,2,-0.5296 
28,3,1.6455 
29,1,1.3407 
29,2,0.7336 
29,3,-0.1317 
30,1,-0.168 
30,2,-0.7207 
30,3,2.7165 
31,1,2.0024 
31,2,-1.4341 
31,3,2.1855 
32,1,-1.171 
32,2,-0.8249 
32,3,1.3467 
33,1,-0.5268 
33,2,0.8286 
33,3,3.2491 
34,1,-2.1142 
34,2,-0.1225 
34,3,1.3132 
35,1,-0.1096 
35,2,-0.6569 
35,3,1.2253 
36,1,0.3463 
36,2,-1.4174 
36,3,3.4 
37,1,0.8735 
37,2,-0.93 
37,3,0.9941 
38,1,-0.3089 
38,2,1.5524 
38,3,2.4321 
39,1,-1.4595 
39,2,1.0802 
39,3,1.7186 
40,1,0.5773 
40,2,0.5091 
40,3,1.192 
41,1,-1.307 
41,2,-0.2896 
41,3,3.1322 
42,1,-0.6952 
42,2,0.2833 
42,3,2.5862 
43,1,-0.0051 
43,2,0.8332 
43,3,1.3568 
44,1,-0.3794 
44,2,0.5382 
44,3,1.7176 
45,1,-0.1678 
45,2,-0.3002 
45,3,1.9926 
46,1,-0.5516 
46,2,-0.3704 
46,3,2.2553 
47,1,-0.9166 
47,2,0.0222 
47,3,3.8496 
48,1,-0.7224 
48,2,0.7745 
48,3,0.9179 
49,1,1.0098 
49,2,0.5407 
49,3,2.5847 
50,1,1.4236 
50,2,-0.396 
50,3,1.2308 
51,1,1.8455 
51,2,-0.5815 
51,3,1.897 
52,1,-0.7053 
52,2,1.2977 
52,3,1.2474 
53,1,1.0247 
53,2,-0.5976 
53,3,2.6379 
54,1,0.9876 
54,2,-0.1933 
54,3,3.0975 
55,1,-0.2622 
55,2,0.2154 
55,3,2.9209 
56,1,0.1523 
56,2,-0.5214 
56,3,2.2054 
57,1,0.9904 
57,2,-0.2654 
57,3,1.9598 
58,1,-1.2652 
58,2,-1.5452 
58,3,3.1705 
59,1,-0.2956 
59,2,1.7263 
59,3,2.3605 
60,1,0.2516 
60,2,0.1512 
60,3,2.9344 
61,1,0.0385 
61,2,1.103 
61,3,2.6475 
62,1,-2.5597 
62,2,1.524 
62,3,2.7172 
63,1,0.2681 
63,2,1.0828 
63,3,1.6347 
64,1,0.87 
64,2,-1.6289 
64,3,2.016 
65,1,0.6485 
65,2,0.6325 
65,3,0.9168 
66,1,0.5829 
66,2,-0.9833 
66,3,1.6236 
67,1,-0.7061 
67,2,-1.8463 
67,3,2.0012 
68,1,-0.2777 
68,2,0.5513 
68,3,1.6058 
69,1,0.5288 
69,2,1.6329 
69,3,2.7583 
70,1,0.2027 
70,2,-0.9879 
70,3,1.2286 
71,1,-2.6546 
71,2,-1.8238 
71,3,2.4004 
72,1,-0.5242 
72,2,-0.8535 
72,3,2.1827 
73,1,-0.2481 
73,2,-0.9929 
73,3,1.4319 
74,1,-1.1436 
74,2,0.6402 
74,3,1.9182 
75,1,-0.0696 
75,2,-0.2254 
75,3,2.9998 
76,1,0.8206 
76,2,-0.6949 
76,3,2.7444 
77,1,0.8456 
77,2,-0.2514 
77,3,-0.0875 
78,1,-0.4349 
78,2,-0.1557 
78,3,2.8234 
79,1,-3.1834 
79,2,0.8363 
79,3,4.0964 
80,1,-0.3348 
80,2,-0.8037 
80,3,1.6084 
81,1,0.013 
81,2,-1.585 
81,3,0.5383 
82,1,-1.02 
82,2,0.7334 
82,3,1.2071 
83,1,1.1767 
83,2,0.1517 
83,3,1.6386 
84,1,-0.5659 
84,2,-0.6853 
84,3,2.2674 
85,1,0.3142 
85,2,-1.1267 
85,3,3.692 
86,1,1.2476 
86,2,0.2969 
86,3,2.6319 
87,1,-0.4486 
87,2,-0.9953 
87,3,2.6619 
88,1,-1.2838 
88,2,-0.0325 
88,3,2.2228 
89,1,-0.6531 
89,2,0.6874 
89,3,0.9018 
90,1,-0.7833 
90,2,0.2628 
90,3,2.1111 
91,1,1.4019 
91,2,0.637 
91,3,1.0332 
92,1,-2.2342 
92,2,0.5025 
92,3,1.8413 
93,1,-1.5095 
93,2,0.9536 
93,3,1.4811 
94,1,0.9832 
94,2,-0.6703 
94,3,1.4047 
95,1,0.0762 
95,2,-0.0358 
95,3,3.0126 
96,1,0.3092 
96,2,0.8235 
96,3,1.2277 
97,1,0.9169 
97,2,-1.161 
97,3,1.8109 
98,1,0.3832 
98,2,0.5138 
98,3,2.9308 
99,1,-2.4681 
99,2,0.8344 
99,3,3.7823 
100,1,-1.3638 
100,2,-0.5504 
100,3,2.4365 
101,1,0.9546 
101,2,1.0584 
101,3,2.8361 
102,1,0.8412 
102,2,-0.4543 
102,3,3.486 
103,1,1.0189 
103,2,0.4076 
103,3,3.2051 
104,1,-0.0319 
104,2,0.4309 
104,3,2.6933 
105,1,0.6768 
105,2,0.0343 
105,3,3.7652 
106,1,0.8339 
106,2,0.416 
106,3,2.617 
107,1,0.2939 
107,2,-0.8311 
107,3,1.5338 
108,1,-0.5578 
108,2,-0.2647 
108,3,2.1715 
109,1,0.5227 
109,2,-0.5435 
109,3,2.7893 
110,1,0.4099 
110,2,-0.1479 
110,3,2.4684 
111,1,0.6858 
111,2,-0.2042 
111,3,2.6664 
112,1,0.3712 
112,2,0.1839 
112,3,1.2769 
113,1,-0.6983 
113,2,2.0751 
113,3,3.573 
114,1,-0.9667 
114,2,-0.9147 
114,3,1.1778 
115,1,0.6834 
115,2,0.8578 
115,3,0.6774 
116,1,1.162 
116,2,-1.9363 
116,3,1.5204 
117,1,1.0542 
117,2,0.8043 
117,3,1.9334 
118,1,0.0873 
118,2,0.1627 
118,3,2.2966 
119,1,0.8218 
119,2,1.5145 
119,3,1.1503 
120,1,1.1068 
120,2,-0.9874 
120,3,3.2359 
121,1,1.9002 
121,2,-0.3317 
121,3,1.0058 
122,1,-0.669 
122,2,-1.4089 
122,3,2.7747 
123,1,0.8305 
123,2,-0.3217 
123,3,3.3253 
124,1,0.819 
124,2,-0.8244 
124,3,1.5666 
125,1,0.6437 
125,2,1.0941 
125,3,3.449 
126,1,-0.1453 
126,2,0.1916 
126,3,2.2279 
127,1,-1.8938 
127,2,0.1247 
127,3,3.7005 
128,1,0.2447 
128,2,-0.023 
128,3,3.5387 
129,1,-0.9918 
129,2,0.0145 
129,3,2.5936 
130,1,-0.9204 
130,2,0.9493 
130,3,0.6865 
131,1,0.3051 
131,2,2.7351 
131,3,0.9976 
132,1,1.5219 
132,2,-1.6122 
132,3,3.7283 
133,1,0.298 
133,2,0.419 
133,3,2.5159 
134,1,0.4752 
134,2,-1.6261 
134,3,1.7628 
135,1,0.2679 
135,2,0.7439 
135,3,2.9123 
136,1,1.9663 
136,2,-0.0938 
136,3,2.6254 
137,1,0.4074 
137,2,1.65 
137,3,-0.9388 
138,1,1.8055 
138,2,-0.5124 
138,3,1.0892 
139,1,-0.6478 
139,2,0.9463 
139,3,0.4889 
140,1,0.0858 
140,2,-0.6976 
140,3,1.5853 
141,1,-0.9539 
141,2,0.3169 
141,3,3.0335 
142,1,-0.2966 
142,2,0.0584 
142,3,1.8329 
143,1,1.0591 
143,2,0.8076 
143,3,2.4828 
144,1,-0.3801 
144,2,-0.97 
144,3,2.102 
145,1,-0.4219 
145,2,-1.4505 
145,3,2.1214 
146,1,2.2863 
146,2,1.1764 
146,3,3.8166 
147,1,-0.0432 
147,2,-1.0396 
147,3,3.207 
148,1,0.7557 
148,2,-0.783 
148,3,2.0225 
149,1,-0.5001 
149,2,0.6234 
149,3,1.2674 
150,1,1.95 
150,2,0.5519 
150,3,3.4609 
151,1,-0.706 
151,2,-0.9766 
151,3,1.4807 
152,1,-0.9255 
152,2,0.7898 
152,3,2.0137 
153,1,-1.7608 
153,2,1.186 
153,3,2.3091 
154,1,-0.0315 
154,2,-0.3695 
154,3,1.9676 
155,1,-0.6341 
155,2,0.6913 
155,3,1.8829 
156,1,-1.1017 
156,2,-0.0715 
156,3,2.6683 
157,1,1.1923 
157,2,-0.1963 
157,3,2.3949 
158,1,-0.1998 
158,2,0.4751 
158,3,1.7749 
159,1,-1.5296 
159,2,1.8315 
159,3,2.4754 
160,1,-1.99 
160,2,0.686 
160,3,1.2701 
161,1,0.2615 
161,2,-0.8696 
161,3,1.413 
162,1,-1.008 
162,2,0.9285 
162,3,2.6542 
163,1,-0.5417 
163,2,0.4359 
163,3,1.5246 
164,1,-1.3386 
164,2,1.1628 
164,3,3.9555 
165,1,0.453 
165,2,0.4093 
165,3,4.2113 
166,1,-0.1672 
166,2,-1.4696 
166,3,1.4837 
167,1,-0.3953 
167,2,0.9753 
167,3,2.6221 
168,1,-0.3227 
168,2,0.7948 
168,3,0.8378 
169,1,-0.4295 
169,2,0.1185 
169,3,1.2658 
170,1,-0.0326 
170,2,-0.4729 
170,3,0.9804 
171,1,1.7385 
171,2,0.7829 
171,3,1.0709 
172,1,-0.8684 
172,2,-0.0303 
172,3,3.9858 
173,1,-0.9643 
173,2,-1.0005 
173,3,2.8471 
174,1,1.1019 
174,2,0.2909 
174,3,4.3278 
175,1,0.8618 
175,2,1.0708 
175,3,2.6347 
176,1,0.3986 
176,2,-1.3535 
176,3,1.975 
177,1,0.8468 
177,2,-0.8242 
177,3,0.4686 
178,1,-1.1758 
178,2,-0.0484 
178,3,3.4756 
179,1,0.5288 
179,2,1.019 
179,3,3.2134 
180,1,-0.636 
180,2,-0.3556 
180,3,1.6657 
181,1,-0.4604 
181,2,-1.1521 
181,3,2.8752 
182,1,-0.4337 
182,2,1.8069 
182,3,1.5089 
183,1,2.0043 
183,2,0.0612 
183,3,3.7617 
184,1,1.7356 
184,2,0.1559 
184,3,1.7375 
185,1,0.3988 
185,2,-1.1181 
185,3,1.5773 
186,1,-2.0436 
186,2,0.4994 
186,3,2.2557 
187,1,0.1968 
187,2,-2.328 
187,3,0.9206 
188,1,-1.0584 
188,2,-0.2658 
188,3,1.4454 
189,1,-0.6018 
189,2,0.2364 
189,3,1.5708 
190,1,0.7154 
190,2,-0.3227 
190,3,3.4278 
191,1,-0.7459 
191,2,0.9097 
191,3,0.6225 
192,1,-0.314 
192,2,0.3962 
192,3,2.1452 
193,1,1.8646 
193,2,0.2709 
193,3,3.0054 
194,1,1.1896 
194,2,0.8861 
194,3,3.3067 
195,1,2.2885 
195,2,2.0559 
195,3,2.2583 
196,1,-0.4534 
196,2,0.793 
196,3,1.2052 
197,1,0.331 
197,2,-2.0305 
197,3,2.7644 
198,1,-0.2645 
198,2,-0.4665 
198,3,-0.1231 
199,1,1.607 
199,2,-1.288 
199,3,2.1407 
200,1,-0.7357 
200,2,0.8786 
200,3,-0.2807 
201,1,0.2283 
201,2,0.0872 
201,3,1.3582 
202,1,0.2487 
202,2,-1.0046 
202,3,2.7468 
203,1,0.8377 
203,2,-1.0094 
203,3,2.0005 
204,1,-0.8403 
204,2,-2.9678 
204,3,1.1658 
205,1,-1.8921 
205,2,-0.076 
205,3,2.2154 
206,1,1.0338 
206,2,2.0122 
206,3,1.6943 
207,1,0.8553 
207,2,0.5186 
207,3,1.904 
208,1,0.8991 
208,2,-0.0993 
208,3,1.5584 
209,1,1.3066 
209,2,0.6615 
209,3,3.0314 
210,1,-0.3963 
210,2,-0.1097 
210,3,2.6327 
211,1,-0.7247 
211,2,1.8467 
211,3,2.1192 
212,1,-0.2261 
212,2,-0.0581 
212,3,2.6931 
213,1,-1.5718 
213,2,0.284 
213,3,2.4594 
214,1,0.4181 
214,2,0.1285 
214,3,1.3848 
215,1,0.299 
215,2,-0.3245 
215,3,1.5872 
216,1,0.1886 
216,2,-1.6262 
216,3,2.8402 
217,1,-1.184 
217,2,0.4248 
217,3,1.2073 
218,1,0.3734 
218,2,-1.002 
218,3,1.7109 
219,1,0.9002 
219,2,0.1769 
219,3,1.4763 
220,1,0.4611 
220,2,0.9512 
220,3,1.9415 
221,1,0.9213 
221,2,2.4296 
221,3,1.5581 
222,1,0.6654 
222,2,1.4589 
222,3,3.0067 
223,1,-2.6542 
223,2,-1.351 
223,3,2.365 
224,1,-0.4312 
224,2,1.5013 
224,3,1.8177 
225,1,2.2657 
225,2,-0.7331 
225,3,3.0376 
226,1,-0.7131 
226,2,-0.4317 
226,3,3.22 
227,1,1.4582 
227,2,1.7027 
227,3,0.6383 
228,1,-0.1879 
228,2,0.4006 
228,3,2.0404 
229,1,-0.1353 
229,2,-0.3317 
229,3,0.7163 
230,1,0.0329 
230,2,-1.5155 
230,3,4.1458 
231,1,-0.7496 
231,2,0.7616 
231,3,1.9837 
232,1,0.7612 
232,2,-2.0019 
232,3,0.7827 
233,1,1.46 
233,2,0.1579 
233,3,2.3885 
234,1,0.9569 
234,2,-0.33 
234,3,1.3899 
235,1,1.1258 
235,2,-0.8532 
235,3,1.742 
236,1,0.2111 
236,2,0.0745 
236,3,2.2747 
237,1,-0.0297 
237,2,0.6421 
237,3,1.9292 
238,1,-1.536 
238,2,-0.1625 
238,3,0.218 
239,1,0.4352 
239,2,0.4145 
239,3,2.479 
240,1,-0.0905 
240,2,0.2315 
240,3,1.9433 
241,1,1.0088 
241,2,-1.2353 
241,3,3.0162 
242,1,0.4965 
242,2,-0.9846 
242,3,0.8145 
243,1,1.9506 
243,2,-0.6925 
243,3,1.8719 
244,1,1.9418 
244,2,0.5365 
244,3,2.8996 
245,1,0.8208 
245,2,0.7354 
245,3,1.5314 
246,1,1.7561 
246,2,0.0353 
246,3,1.1156 
247,1,1.0519 
247,2,0.0053 
247,3,1.2776 
248,1,-1.2439 
248,2,1.8575 
248,3,0.0972 
249,1,-1.3354 
249,2,-0.3987 
249,3,1.5003 
250,1,0.7888 
250,2,-0.7933 
250,3,0.5563 
251,1,-0.635 
251,2,1.2551 
251,3,0.983 
252,1,-0.6466 
252,2,-0.2618 
252,3,0.3302 
253,1,1.1301 
253,2,0.0351 
253,3,3.0991 
254,1,-1.6893 
254,2,-0.5249 
254,3,1.6605 
255,1,-0.7386 
255,2,0.2352 
255,3,2.581 
256,1,-1.3667 
256,2,1.8102 
256,3,2.8205 
257,1,0.1105 
257,2,1.2051 
257,3,1.8162 
258,1,0.5723 
258,2,0.3205 
258,3,1.8696 
259,1,-1.1645 
259,2,1.3551 
259,3,3.4048 
260,1,0.6543 
260,2,0.716 
260,3,0.5729 
261,1,-0.0482 
261,2,0.1267 
261,3,0.3377 
262,1,1.6005 
262,2,0.3581 
262,3,2.7974 
263,1,2.2494 
263,2,0.51 
263,3,2.5288 
264,1,-0.2521 
264,2,1.2033 
264,3,1.861 
265,1,-0.606 
265,2,0.5696 
265,3,2.0867 
266,1,-1.1041 
266,2,1.1187 
266,3,3.0297 
267,1,-0.5804 
267,2,0.9971 
267,3,2.8179 
268,1,0.2736 
268,2,0.3528 
268,3,0.8753 
269,1,1.8438 
269,2,-0.1811 
269,3,1.8872 
270,1,-0.77 
270,2,-1.2717 
270,3,2.1773 
271,1,0.982 
271,2,-1.1784 
271,3,3.6222 
272,1,0.5778 
272,2,-1.3331 
272,3,1.0609 
273,1,-0.5395 
273,2,-0.8814 
273,3,2.3354 
274,1,0.1742 
274,2,-1.0942 
274,3,2.8382 
275,1,0.5452 
275,2,0.5975 
275,3,2.47 
276,1,0.6577 
276,2,1.3986 
276,3,0.8421 
277,1,0.024 
277,2,-0.3664 
277,3,1.4978 
278,1,0.1855 
278,2,2.2135 
278,3,1.9836 
279,1,-0.346 
279,2,1.3054 
279,3,0.9872 
280,1,0.9511 
280,2,-0.5934 
280,3,1.8253 
281,1,0.523 
281,2,0.8247 
281,3,1.1235 
282,1,0.2703 
282,2,-0.51 
282,3,1.4939 
283,1,-0.0501 
283,2,-0.169 
283,3,3.1741 
284,1,-0.1822 
284,2,0.1761 
284,3,1.7235 
285,1,1.5795 
285,2,-0.8521 
285,3,1.3142 
286,1,-1.4381 
286,2,-0.3004 
286,3,3.206 
287,1,0.4812 
287,2,1.7387 
287,3,0.8636 
288,1,1.0806 
288,2,1.4788 
288,3,2.75 
289,1,0.3259 
289,2,-0.2947 
289,3,1.1152 
290,1,-0.0218 
290,2,-0.05 
290,3,-0.1284 
291,1,0.4484 
291,2,-1.729 
291,3,3.436 
292,1,0.9473 
292,2,-0.7345 
292,3,1.0349 
293,1,0.5155 
293,2,-0.4209 
293,3,1.4491 
294,1,0.3954 
294,2,0.6582 
294,3,3.2053 
295,1,-1.1061 
295,2,-1.0991 
295,3,1.9703 
296,1,-0.3478 
296,2,-1.1486 
296,3,2.6931 
297,1,0.0008 
297,2,-1.7319 
297,3,2.3357 
298,1,-1.8236 
298,2,0.216 
298,3,2.1532 
299,1,0.4269 
299,2,-0.3775 
299,3,1.8303 
300,1,0.7812 
300,2,0.315 
300,3,1.2109 
301,1,0.762 
301,2,1.0133 
301,3,2.3588 
302,1,-1.6017 
302,2,-1.5469 
302,3,4.018 
303,1,-1.0376 
303,2,0.2173 
303,3,0.9726 
304,1,1.6348 
304,2,-0.302 
304,3,0.6297 
305,1,1.3839 
305,2,-0.8054 
305,3,2.2989 
306,1,-0.4173 
306,2,0.8656 
306,3,2.2233 
307,1,0.2777 
307,2,-0.8135 
307,3,1.3552 
308,1,0.0817 
308,2,1.6632 
308,3,1.5628 
309,1,-0.2453 
309,2,-0.942 
309,3,4.3723 
310,1,0.6297 
310,2,0.8011 
310,3,2.6898 
311,1,1.6093 
311,2,-2.0139 
311,3,2.8225 
312,1,1.5632 
312,2,0.7389 
312,3,1.3423 
313,1,-0.6843 
313,2,0.89 
313,3,1.7838 
314,1,0.0548 
314,2,0.9434 
314,3,1.8882 
315,1,-0.1822 
315,2,0.5687 
315,3,2.5979 
316,1,-0.2277 
316,2,0.0466 
316,3,2.0027 
317,1,-0.2313 
317,2,1.8235 
317,3,2.491 
318,1,0.3904 
318,2,1.0463 
318,3,1.8148 
319,1,0.8974 
319,2,0.5541 
319,3,1.6753 
320,1,-0.3127 
320,2,0.6957 
320,3,3.1303 
321,1,-0.068 
321,2,1.1804 
321,3,1.5354 
322,1,-0.2948 
322,2,0.9145 
322,3,3.1329 
323,1,1.7011 
323,2,-1.3958 
323,3,0.5922 
324,1,1.356 
324,2,-0.4427 
324,3,3.0118 
325,1,-0.1074 
325,2,2.8447 
325,3,1.1804 
326,1,-1.0689 
326,2,-0.0611 
326,3,2.6811 
327,1,-0.1487 
327,2,-0.5836 
327,3,1.5104 
328,1,1.4272 
328,2,-0.8276 
328,3,1.2472 
329,1,0.222 
329,2,-2.0593 
329,3,0.9591 
330,1,-0.0315 
330,2,0.3546 
330,3,3.4961 
331,1,1.0147 
331,2,-0.9724 
331,3,3.9515 
332,1,0.6983 
332,2,1.786 
332,3,1.3486 
333,1,0.0257 
333,2,-0.6907 
333,3,2.5395 
334,1,-0.1811 
334,2,-0.0263 
334,3,2.9036 
335,1,-0.8727 
335,2,-0.3195 
335,3,1.1866 
336,1,0.7947 
336,2,-0.6288 
336,3,1.7025 
337,1,-0.3882 
337,2,-1.8171 
337,3,2.148 
338,1,0.2108 
338,2,1.8534 
338,3,3.2964 
339,1,-0.1905 
339,2,0.6837 
339,3,1.6403 
340,1,2.4073 
340,2,-1.6474 
340,3,1.085 
341,1,1.7436 
341,2,-1.2174 
341,3,2.6328 
342,1,2.1104 
342,2,-1.2847 
342,3,2.4801 
343,1,-0.5403 
343,2,0.4231 
343,3,0.6386 
344,1,0.66 
344,2,-0.4281 
344,3,1.1696 
345,1,0.3488 
345,2,0.5627 
345,3,0.4644 
346,1,-1.7304 
346,2,2.0633 
346,3,2.013 
347,1,1.7314 
347,2,-0.4622 
347,3,0.8804 
348,1,-1.9636 
348,2,-0.1206 
348,3,1.5706 
349,1,0.0407 
349,2,-0.9151 
349,3,2.4187 
350,1,-0.2826 
350,2,1.1402 
350,3,1.4898 
351,1,-1.6287 
351,2,-1.6184 
351,3,1.8782 
352,1,-0.5377 
352,2,0.0146 
352,3,2.7973 
353,1,0.2842 
353,2,1.1023 
353,3,1.7037 
354,1,-0.2916 
354,2,-0.0076 
354,3,0.7863 
355,1,1.4758 
355,2,-0.5872 
355,3,2.2941 
356,1,-0.0038 
356,2,1.0921 
356,3,2.8802 
357,1,0.4578 
357,2,1.2819 
357,3,2.348 
358,1,-0.8908 
358,2,-0.408 
358,3,1.6482 
359,1,1.0376 
359,2,0.6377 
359,3,2.9254 
360,1,1.3987 
360,2,-0.8656 
360,3,1.0131 
361,1,-0.4469 
361,2,-0.3853 
361,3,1.8579 
362,1,-0.2216 
362,2,1.4723 
362,3,2.283 
363,1,0.4695 
363,2,-1.0314 
363,3,0.6272 
364,1,-2.0206 
364,2,-0.7382 
364,3,1.4443 
365,1,2.0453 
365,2,0.0458 
365,3,2.7118 
366,1,-1.7606 
366,2,-1.8941 
366,3,2.6962 
367,1,1.421 
367,2,-0.17 
367,3,2.2942 
368,1,1.317 
368,2,-1.8407 
368,3,2.0089 
369,1,0.2448 
369,2,0.7253 
369,3,0.7917 
370,1,0.3749 
370,2,-0.155 
370,3,2.2617 
371,1,-0.7203 
371,2,0.0794 
371,3,0.4281 
372,1,-1.1195 
372,2,-0.6126 
372,3,2.3066 
373,1,-0.3173 
373,2,1.1519 
373,3,3.3291 
374,1,0.158 
374,2,1.3746 
374,3,1.6719 
375,1,-0.6752 
375,2,-0.2396 
375,3,1.8275 
376,1,0.9896 
376,2,1.5065 
376,3,2.7172 
377,1,1.4157 
377,2,0.0841 
377,3,2.012 
378,1,0.3772 
378,2,-0.0378 
378,3,1.5247 
379,1,0.6166 
379,2,-1.2926 
379,3,0.8817 
380,1,1.5159 
380,2,-0.3231 
380,3,1.9733 
381,1,-0.2298 
381,2,-0.9277 
381,3,0.0319 
382,1,0.9486 
382,2,-1.5627 
382,3,4.2273 
383,1,-1.3827 
383,2,0.3244 
383,3,2.5861 
384,1,-0.42 
384,2,1.3167 
384,3,2.8255 
385,1,0.4886 
385,2,-0.479 
385,3,3.9083 
386,1,0.4297 
386,2,-0.4124 
386,3,1.754 
387,1,0.1208 
387,2,0.1062 
387,3,1.7107 
388,1,-1.2982 
388,2,0.3906 
388,3,0.6206 
389,1,0.3449 
389,2,0.2182 
389,3,1.6791 
390,1,0.6915 
390,2,0.7687 
390,3,1.7727 
391,1,-0.7815 
391,2,-0.4251 
391,3,0.3605 
392,1,1.4103 
392,2,2.3792 
392,3,1.8687 
393,1,-0.0652 
393,2,-1.6469 
393,3,-0.2848 
394,1,-0.3335 
394,2,-2.7474 
394,3,2.1271 
395,1,0.5787 
395,2,0.4757 
395,3,2.1092 
396,1,0.2692 
396,2,0.3368 
396,3,2.7806 
397,1,-0.7415 
397,2,0.1983 
397,3,1.6513 
398,1,-0.9095 
398,2,0.2572 
398,3,1.2705 
399,1,1.2372 
399,2,0.5133 
399,3,0.7096 
400,1,2.3391 
400,2,-0.6446 
400,3,1.6353 
401,1,-0.3009 
401,2,0.3508 
401,3,2.1748 
402,1,0.2701 
402,2,0.1347 
402,3,1.0096 
403,1,0.1303 
403,2,0.3335 
403,3,2.222 
404,1,-0.3075 
404,2,1.3551 
404,3,4.0495 
405,1,-0.8504 
405,2,0.1559 
405,3,3.6417 
406,1,0.94 
406,2,0.7389 
406,3,2.4592 
407,1,-0.5788 
407,2,0.6873 
407,3,0.8305 
408,1,-0.9157 
408,2,-0.0912 
408,3,0.447 
409,1,0.1655 
409,2,-1.1609 
409,3,-0.2735 
410,1,0.7543 
410,2,0.0879 
410,3,2.8423 
411,1,-0.3378 
411,2,1.5327 
411,3,1.6007 
412,1,-3.1042 
412,2,0.226 
412,3,1.7898 
413,1,2.1975 
413,2,0.071 
413,3,1.2641 
414,1,-0.615 
414,2,0.8528 
414,3,0.7323 
415,1,0.1933 
415,2,0.7445 
415,3,2.7496 
416,1,-1.3611 
416,2,-1.5582 
416,3,3.977 
417,1,0.3248 
417,2,-0.0752 
417,3,2.5457 
418,1,0.4942 
418,2,1.04 
418,3,3.7582 
419,1,1.4367 
419,2,-0.8043 
419,3,1.1906 
420,1,0.3851 
420,2,1.4599 
420,3,2.5617 
421,1,-0.0893 
421,2,0.4656 
421,3,1.0297 
422,1,0.4263 
422,2,-1.4546 
422,3,1.7021 
423,1,1.7311 
423,2,-0.6323 
423,3,0.5198 
424,1,0.6876 
424,2,-1.1419 
424,3,0.4488 
425,1,0.88 
425,2,0.0846 
425,3,0.8332 
426,1,-0.2704 
426,2,0.9504 
426,3,2.1379 
427,1,2.0279 
427,2,-0.5033 
427,3,0.9765 
428,1,0.5156 
428,2,0.3156 
428,3,3.4017 
429,1,0.817 
429,2,-0.1033 
429,3,0.5797 
430,1,-1.0764 
430,2,1.1911 
430,3,0.8067 
431,1,0.5346 
431,2,0.1667 
431,3,3.005 
432,1,-1.3194 
432,2,0.1907 
432,3,1.8004 
433,1,0.4799 
433,2,1.3542 
433,3,1.4027 
434,1,-0.684 
434,2,1.1574 
434,3,0.3234 
435,1,-1.8049 
435,2,-1.0736 
435,3,1.7617 
436,1,-0.1407 
436,2,0.0766 
436,3,1.6914 
437,1,1.2978 
437,2,1.6513 
437,3,4.4866 
438,1,-0.1874 
438,2,0.4212 
438,3,0.7839 
439,1,0.1542 
439,2,-1.7238 
439,3,2.7413 
440,1,-0.6282 
440,2,-0.9653 
440,3,1.5756 
441,1,-1.7556 
441,2,-0.455 
441,3,2.6105 
442,1,-1.1378 
442,2,0.8712 
442,3,3.1238 
443,1,1.1127 
443,2,-1.3275 
443,3,0.5308 
444,1,1.564 
444,2,-0.8834 
444,3,1.8871 
445,1,-0.6977 
445,2,-0.4733 
445,3,3.0635 
446,1,0.091 
446,2,-0.2875 
446,3,2.3855 
447,1,-0.3305 
447,2,-0.4536 
447,3,1.8837 
448,1,-0.7861 
448,2,0.6369 
448,3,1.586 
449,1,-0.7769 
449,2,1.3512 
449,3,1.738 
450,1,0.0983 
450,2,0.6361 
450,3,1.4984 
451,1,-0.6476 
451,2,0.0823 
451,3,2.6023 
452,1,0.3148 
452,2,1.014 
452,3,2.0262 
453,1,-0.8701 
453,2,-0.4556 
453,3,3.7547 
454,1,-0.6084 
454,2,0.8485 
454,3,1.4484 
455,1,0.2714 
455,2,0.9341 
455,3,2.0395 
456,1,-1.2145 
456,2,0.4908 
456,3,2.0045 
457,1,0.8845 
457,2,2.7386 
457,3,2.0565 
458,1,-0.7901 
458,2,-0.2077 
458,3,2.4049 
459,1,-0.3353 
459,2,-0.857 
459,3,2.022 
460,1,1.1401 
460,2,-0.5648 
460,3,0.4671 
461,1,-0.0821 
461,2,-0.33 
461,3,0.6071 
462,1,0.0695 
462,2,0.8113 
462,3,1.8955 
463,1,-0.5594 
463,2,-0.4426 
463,3,-0.0219 
464,1,-0.8907 
464,2,-0.3624 
464,3,2.6004 
465,1,-0.0078 
465,2,0.0834 
465,3,3.2263 
466,1,-1.6983 
466,2,0.159 
466,3,2.5551 
467,1,-0.1121 
467,2,-0.8251 
467,3,0.561 
468,1,1.3933 
468,2,-1.1918 
468,3,1.8541 
469,1,-0.9341 
469,2,-0.6005 
469,3,2.1068 
470,1,0.6585 
470,2,1.0795 
470,3,1.9303 
471,1,-0.4308 
471,2,-0.2797 
471,3,1.7567 
472,1,-0.3438 
472,2,-1.227 
472,3,0.2066 
473,1,0.3892 
473,2,-2.1906 
473,3,3.5653 
474,1,-1.3171 
474,2,-0.1856 
474,3,3.7131 
475,1,0.1351 
475,2,-0.9929 
475,3,0.8424 
476,1,1.5243 
476,2,-0.3743 
476,3,1.2798 
477,1,0.8371 
477,2,-1.0695 
477,3,1.6808 
478,1,-0.2716 
478,2,0.2833 
478,3,2.0556 
479,1,-0.765 
479,2,0.4074 
479,3,0.0064 
480,1,-0.0052 
480,2,-0.8532 
480,3,2.4132 
481,1,-1.1202 
481,2,0.848 
481,3,2.3298 
482,1,-2.0171 
482,2,1.3325 
482,3,-0.0849 
483,1,0.7255 
483,2,1.1374 
483,3,0.8366 
484,1,0.4779 
484,2,0.1364 
484,3,2.3204 
485,1,-1.5287 
485,2,0.4756 
485,3,2.0096 
486,1,-0.3201 
486,2,0.5399 
486,3,1.7838 
487,1,-0.763 
487,2,-0.6796 
487,3,3.3615 
488,1,1.2985 
488,2,-1.5096 
488,3,4.6675 
489,1,-0.5108 
489,2,-0.6389 
489,3,2.6299 
490,1,-2.186 
490,2,-0.4965 
490,3,0.7771 
491,1,1.0595 
491,2,-0.375 
491,3,1.7855 
492,1,0.9877 
492,2,-1.0939 
492,3,1.9523 
493,1,0.3934 
493,2,-1.1928 
493,3,4.2157 
494,1,0.9958 
494,2,0.9533 
494,3,2.291 
495,1,1.0322 
495,2,-0.6379 
495,3,1.7799 
496,1,-0.0166 
496,2,2.4964 
496,3,2.585 
497,1,-0.6137 
497,2,0.5816 
497,3,2.2553 
498,1,-0.6002 
498,2,1.5102 
498,3,1.8901 
499,1,0.6947 
499,2,-1.8781 
499,3,2.0039 
500,1,2.2131 
500,2,-0.2854 
500,3,2.2232 
