1,1,1.8512 
1,2,0.9878 
1,3,-2.0776 
2,1,0.4607 
2,2,-1.0034 
2,3,0.4584 
3,1,0.8823 
3,2,1.0419 
3,3,-2.2049 
4,1,-0.9062 
4,2,-0.7388 
4,3,-0.9786 
5,1,-0.1895 
5,2,-0.4893 
5,3,-0.6068 
6,1,0.2346 
6,2,-0.0183 
6,3,2.0868 
7,1,0.1256 
7,2,-0.9779 
7,3,-1.4213 
8,1,-0.0531 
8,2,0.053 
8,3,0.519 
9,1,-0.3926 
9,2,-0.515 
9,3,-0.0022 
10,1,-1.1533 
10,2,1.0603 
10,3,-0.6346 
11,1,1.1367 
11,2,0.7834 
11,3,0.4829 
12,1,1.781 
12,2,0.7739 
12,3,0.6768 
13,1,0.0134 
13,2,-0.9413 
13,3,-0.7242 
14,1,-2.2199 
14,2,1.9113 
14,3,0.5961 
15,1,-1.6671 
15,2,-0.6093 
15,3,-0.2432 
16,1,-0.6797 
16,2,-0.0225 
16,3,-0.6377 
17,1,-0.6726 
17,2,-0.3696 
17,3,0.6358 
18,1,1.4837 
18,2,-0.2792 
18,3,-0.6637 
19,1,-1.3958 
19,2,-0.2929 
19,3,-0.1398 
20,1,0.1345 
20,2,-1.6209 
20,3,-2.0004 
21,1,-0.0495 
21,2,-0.8865 
21,3,-0.5391 
22,1,-0.7565 
22,2,0.5092 
22,3,1.0519 
23,1,0.313 
23,2,0.2927 
23,3,-1.0019 
24,1,0.4847 
24,2,0.7761 
24,3,-0.0341 
25,1,-0.3186 
25,2,-0.2224 
25,3,-1.3242 
26,1,-1.3353 
26,2,0.2157 
26,3,-0.56 
27,1,1.6107 
27,2,-0.6533 
27,3,-0.0449 
28,1,0.9719 
28,2,-2.5203 
28,3,0.732 
29,1,0.418 
29,2,0.7147 
29,3,0.4334 
30,1,-0.6272 
30,2,-0.2401 
30,3,-1.5423 
31,1,-0.7244 
31,2,0.2262 
31,3,-1.032 
32,1,0.3115 
32,2,0.0629 
32,3,0.4625 
33,1,1.0816 
33,2,-1.0896 
33,3,-0.0771 
34,1,-2.0492 
34,2,0.4189 
34,3,-0.3212 
35,1,-1.8629 
35,2,-0.184 
35,3,0.081 
36,1,1.2242 
36,2,-0.7862 
36,3,-0.7172 
37,1,1.484 
37,2,-0.3 
37,3,2.0513 
38,1,-0.3895 
38,2,-0.2994 
38,3,-0.1601 
39,1,0.4429 
39,2,-1.3354 
39,3,0.2065 
40,1,0.8992 
40,2,-0.2603 
40,3,-0.1273 
41,1,0.1732 
41,2,-0.8228 
41,3,0.3782 
42,1,0.5004 
42,2,-0.1666 
42,3,0.848 
43,1,0.2128 
43,2,0.3689 
43,3,0.7476 
44,1,1.1224 
44,2,-1.202 
44,3,1.4769 
45,1,-0.707 
45,2,1.0228 
45,3,-0.9545 
46,1,-2.6215 
46,2,-1.008 
46,3,-0.2291 
47,1,-0.3766 
47,2,-0.3081 
47,3,-0.4921 
48,1,0.7299 
48,2,1.5687 
48,3,0.6984 
49,1,-1.495 
49,2,-0.6585 
49,3,-3.0612 
50,1,0.4551 
50,2,-0.3365 
50,3,0.182 
51,1,0.9167 
51,2,0.8509 
51,3,0.2489 
52,1,-0.4223 
52,2,1.3113 
52,3,1.7217 
53,1,-1.068 
53,2,0.9064 
53,3,0.3586 
54,1,-1.5628 
54,2,0.3267 
54,3,0.6666 
55,1,-1.456 
55,2,1.3625 
55,3,-1.6875 
56,1,0.1838 
56,2,1.037 
56,3,1.7448 
57,1,0.441 
57,2,-2.2103 
57,3,-1.4861 
58,1,0.4583 
58,2,0.1368 
58,3,-0.8406 
59,1,-0.8521 
59,2,-0.8668 
59,3,-1.1563 
60,1,0.727 
60,2,0.1304 
60,3,0.8986 
61,1,0.6963 
61,2,0.3734 
61,3,-1.4241 
62,1,-0.5506 
62,2,0.0099 
62,3,-1.7995 
63,1,-0.0966 
63,2,0.8425 
63,3,-1.8345 
64,1,1.2846 
64,2,0.3699 
64,3,-0.5752 
65,1,-0.1661 
65,2,-0.4735 
65,3,0.5689 
66,1,0.152 
66,2,0.4338 
66,3,1.2622 
67,1,0.1479 
67,2,-0.576 
67,3,0.9169 
68,1,-1.5235 
68,2,-0.7539 
68,3,-1.133 
69,1,-0.5696 
69,2,2.0834 
69,3,-1.0389 
70,1,-1.0975 
70,2,1.7886 
70,3,1.2738 
71,1,0.3675 
71,2,-0.1933 
71,3,1.6467 
72,1,-0.2941 
72,2,0.621 
72,3,0.0958 
73,1,-2.2135 
73,2,-1.1424 
73,3,0.6606 
74,1,0.8273 
74,2,2.2276 
74,3,0.4636 
75,1,0.0712 
75,2,0.0239 
75,3,-2.1405 
76,1,-0.2391 
76,2,-0.2235 
76,3,-0.7816 
77,1,-1.223 
77,2,0.7181 
77,3,-0.2125 
78,1,-0.3387 
78,2,0.4394 
78,3,0.3893 
79,1,0.0245 
79,2,1.5544 
79,3,-1.4495 
80,1,-0.2708 
80,2,0.8479 
80,3,-0.2514 
81,1,-0.6546 
81,2,1.1779 
81,3,-0.9981 
82,1,-0.1847 
82,2,-0.2644 
82,3,1.6081 
83,1,-0.1945 
83,2,-1.5322 
83,3,-0.9487 
84,1,-0.2449 
84,2,-0.4116 
84,3,0.148 
85,1,-1.487 
85,2,-0.9858 
85,3,1.0048 
86,1,-0.1657 
86,2,0.3501 
86,3,-0.0039 
87,1,0.8213 
87,2,0.2013 
87,3,1.0897 
88,1,0.9667 
88,2,-2.2472 
88,3,1.0526 
89,1,1.1633 
89,2,-1.23 
89,3,0.3424 
90,1,-0.5717 
90,2,-0.1868 
90,3,-0.7632 
91,1,0.8644 
91,2,-1.4958 
91,3,-0.1137 
92,1,-0.0326 
92,2,-0.3856 
92,3,0.6606 
93,1,-0.4904 
93,2,-1.6186 
93,3,-0.8047 
94,1,0.3546 
94,2,-0.5123 
94,3,-1.4202 
95,1,0.2757 
95,2,-0.7589 
95,3,-1.0845 
96,1,-0.0837 
96,2,-0.4507 
96,3,-0.2418 
97,1,1.1059 
97,2,-0.6479 
97,3,1.3874 
98,1,0.4064 
98,2,-0.7024 
98,3,-0.2266 
99,1,-0.386 
99,2,0.1901 
99,3,-0.4682 
100,1,-1.039 
100,2,0.989 
100,3,2.1357 
101,1,0.5263 
101,2,-0.1143 
101,3,1.1897 
102,1,1.1277 
102,2,-1.0263 
102,3,-2.3619 
103,1,1.0799 
103,2,-0.48 
103,3,0.6184 
104,1,-0.4232 
104,2,-0.989 
104,3,1.9721 
105,1,-1.1122 
105,2,0.7532 
105,3,-1.7864 
106,1,-0.1047 
106,2,-0.702 
106,3,0.1868 
107,1,0.037 
107,2,-0.4049 
107,3,1.1885 
108,1,1.9586 
108,2,-1.9993 
108,3,2.3892 
109,1,0.5245 
109,2,-0.2322 
109,3,0.0751 
110,1,-0.1667 
110,2,1.9763 
110,3,-0.42 
111,1,-0.5221 
111,2,-0.3614 
111,3,0.7877 
112,1,0.9841 
112,2,0.0454 
112,3,1.4836 
113,1,-0.4131 
113,2,0.6529 
113,3,1.4583 
114,1,-1.5001 
114,2,-0.6328 
114,3,-0.8091 
115,1,-1.1668 
115,2,-0.5181 
115,3,0.3351 
116,1,1.395 
116,2,0.3195 
116,3,0.2057 
117,1,1.2861 
117,2,0.752 
117,3,-1.2224 
118,1,0.9936 
118,2,-1.7193 
118,3,-0.7166 
119,1,0.9039 
119,2,0.0738 
119,3,-0.0299 
120,1,-1.58 
120,2,0.8709 
120,3,0.7173 
121,1,1.1206 
121,2,-1.8134 
121,3,0.1108 
122,1,0.5571 
122,2,1.1235 
122,3,-1.3493 
123,1,1.4452 
123,2,-1.5779 
123,3,1.5413 
124,1,-0.611 
124,2,0.5111 
124,3,-0.1347 
125,1,0.3113 
125,2,0.509 
125,3,-1.6819 
126,1,0.6703 
126,2,-0.5067 
126,3,1.1407 
127,1,-1.0499 
127,2,-1.4113 
127,3,-0.3276 
128,1,0.5502 
128,2,0.142 
128,3,-0.5471 
129,1,-1.6079 
129,2,0.5508 
129,3,-1.002 
130,1,-0.0049 
130,2,-1.0873 
130,3,-1.8758 
131,1,-0.2616 
131,2,-1.4641 
131,3,-1.5741 
132,1,-1.0671 
132,2,0.4682 
132,3,1.3735 
133,1,1.2159 
133,2,-1.3905 
133,3,-1.2297 
134,1,-1.0963 
134,2,0.0674 
134,3,-0.2093 
135,1,-0.2932 
135,2,-0.7296 
135,3,0.4634 
136,1,1.1937 
136,2,-1.7191 
136,3,0.882 
137,1,-1.6356 
137,2,-0.0229 
137,3,0.251 
138,1,1.1524 
138,2,-0.4035 
138,3,-1.0473 
139,1,-0.342 
139,2,0.2654 
139,3,0.8088 
140,1,1.6674 
140,2,1.0701 
140,3,0.4435 
141,1,-1.9392 
141,2,0.4799 
141,3,-0.2616 
142,1,-0.3983 
142,2,0.871 
142,3,0.4949 
143,1,-1.0806 
143,2,-1.1405 
143,3,1.4151 
144,1,0.9508 
144,2,1.0173 
144,3,0.0967 
145,1,0.7763 
145,2,0.6621 
145,3,0.9975 
146,1,0.1122 
146,2,0.4743 
146,3,0.1121 
147,1,0.0915 
147,2,0.8723 
147,3,0.8935 
148,1,-0.4731 
148,2,0.8033 
148,3,-0.3229 
149,1,1.2183 
149,2,-1.2603 
149,3,-2.1475 
150,1,3.1122 
150,2,0.7088 
150,3,0.9501 
151,1,0.7104 
151,2,-1.1279 
151,3,-1.3448 
152,1,-0.9064 
152,2,0.0616 
152,3,-1.0065 
153,1,0.3371 
153,2,0.557 
153,3,2.0874 
154,1,-0.3405 
154,2,1.0602 
154,3,0.1659 
155,1,-0.4346 
155,2,-0.4254 
155,3,-0.4132 
156,1,-0.6608 
156,2,-1.5715 
156,3,0.392 
157,1,0.5539 
157,2,-1.9363 
157,3,-0.1974 
158,1,0.7829 
158,2,-0.0788 
158,3,-0.6477 
159,1,-0.6809 
159,2,-0.5957 
159,3,1.2106 
160,1,-2.3572 
160,2,0.2106 
160,3,-0.4482 
161,1,1.1696 
161,2,-0.6541 
161,3,-0.2001 
162,1,-0.6781 
162,2,0.5748 
162,3,-1.0184 
163,1,1.0405 
163,2,-0.3429 
163,3,0.5969 
164,1,0.6019 
164,2,2.0799 
164,3,0.0422 
165,1,-0.2034 
165,2,0.6863 
165,3,0.8038 
166,1,-2.4984 
166,2,-0.9834 
166,3,0.3404 
167,1,0.2835 
167,2,-0.02 
167,3,-1.5594 
168,1,0.3053 
168,2,-0.9744 
168,3,-0.9426 
169,1,0.8022 
169,2,2.1619 
169,3,-0.8374 
170,1,1.4771 
170,2,-0.5425 
170,3,-1.5928 
171,1,-2.0177 
171,2,-0.2604 
171,3,-1.249 
172,1,-1.1625 
172,2,0.4557 
172,3,0.5076 
173,1,0.4693 
173,2,-0.82 
173,3,-0.9052 
174,1,-1.4125 
174,2,-1.3025 
174,3,2.5358 
175,1,-1.1349 
175,2,-1.197 
175,3,-0.3697 
176,1,-0.636 
176,2,-0.2694 
176,3,0.0252 
177,1,-2.0183 
177,2,2.0119 
177,3,-0.4479 
178,1,1.0453 
178,2,1.0724 
178,3,-0.2438 
179,1,0.8421 
179,2,-0.0096 
179,3,0.8013 
180,1,-0.9464 
180,2,0.0458 
180,3,0.0243 
181,1,-0.1807 
181,2,-0.3535 
181,3,-0.236 
182,1,-0.161 
182,2,0.1323 
182,3,-0.2799 
183,1,-0.2437 
183,2,0.4979 
183,3,-1.0695 
184,1,-1.5002 
184,2,-0.396 
184,3,-1.453 
185,1,-0.4881 
185,2,2.0077 
185,3,0.9095 
186,1,-0.0712 
186,2,-0.0635 
186,3,-0.8369 
187,1,-1.2482 
187,2,0.5103 
187,3,0.204 
188,1,-1.6095 
188,2,-2.7373 
188,3,0.4853 
189,1,1.8791 
189,2,-0.0103 
189,3,0.0835 
190,1,0.0133 
190,2,0.7229 
190,3,-0.2621 
191,1,-0.4219 
191,2,-0.732 
191,3,-0.5214 
192,1,-0.2746 
192,2,0.4103 
192,3,0.1439 
193,1,0.2407 
193,2,-0.3736 
193,3,0.1922 
194,1,0.1453 
194,2,0.761 
194,3,2.2872 
195,1,0.0786 
195,2,1.1198 
195,3,1.307 
196,1,-1.3684 
196,2,-1.408 
196,3,-0.4157 
197,1,0.2694 
197,2,-0.6165 
197,3,-1.018 
198,1,-0.8614 
198,2,-0.1915 
198,3,0.8911 
199,1,0.7955 
199,2,0.4095 
199,3,2.9476 
200,1,-0.8023 
200,2,-1.9365 
200,3,1.3069 
201,1,-0.879 
201,2,-1.4192 
201,3,0.4091 
202,1,-0.4691 
202,2,-0.5436 
202,3,1.0067 
203,1,0.2276 
203,2,-1.1662 
203,3,-2.0347 
204,1,0.9332 
204,2,0.5997 
204,3,0.4581 
205,1,-0.6675 
205,2,1.544 
205,3,-0.4693 
206,1,0.99 
206,2,1.3867 
206,3,-0.5144 
207,1,-0.5181 
207,2,1.3872 
207,3,2.2442 
208,1,0.5074 
208,2,1.5731 
208,3,-0.362 
209,1,-0.6995 
209,2,-0.1574 
209,3,-0.6162 
210,1,-0.4199 
210,2,0.1119 
210,3,-1.5075 
211,1,0.4654 
211,2,-0.1299 
211,3,1.994 
212,1,-0.7547 
212,2,-1.4057 
212,3,-1.4122 
213,1,-0.2543 
213,2,-0.0484 
213,3,0.6985 
214,1,-0.3207 
214,2,1.1209 
214,3,0.422 
215,1,0.1017 
215,2,-2.6039 
215,3,2.1374 
216,1,0.0719 
216,2,-0.7324 
216,3,0.8703 
217,1,0.0541 
217,2,-0.1654 
217,3,0.9683 
218,1,0.7206 
218,2,0.0833 
218,3,-0.2577 
219,1,-0.9751 
219,2,-0.6049 
219,3,-0.9206 
220,1,-1.9006 
220,2,2.0511 
220,3,-2.1335 
221,1,-0.6971 
221,2,-1.4104 
221,3,-1.1676 
222,1,0.0453 
222,2,-0.5739 
222,3,-0.3186 
223,1,0.8612 
223,2,0.7171 
223,3,0.283 
224,1,-0.7283 
224,2,1.0632 
224,3,0.0739 
225,1,0.3774 
225,2,-0.8341 
225,3,1.4668 
226,1,1.7296 
226,2,-0.7269 
226,3,-1.8285 
227,1,0.5796 
227,2,-1.4671 
227,3,2.3867 
228,1,-0.4178 
228,2,-2.3946 
228,3,1.5212 
229,1,-0.3577 
229,2,1.4951 
229,3,0.7429 
230,1,-1.0968 
230,2,-0.8338 
230,3,0.5693 
231,1,-0.3851 
231,2,0.6164 
231,3,1.5539 
232,1,-0.4298 
232,2,-0.5414 
232,3,2.0877 
233,1,-0.8291 
233,2,0.1645 
233,3,0.6045 
234,1,-0.6575 
234,2,1.4068 
234,3,0.4704 
235,1,0.8618 
235,2,-1.3448 
235,3,-0.5576 
236,1,0.2061 
236,2,-0.4982 
236,3,0.2843 
237,1,1.3575 
237,2,1.3993 
237,3,0.7932 
238,1,1.5633 
238,2,2.4626 
238,3,-0.1778 
239,1,-1.8678 
239,2,-0.8121 
239,3,-0.3104 
240,1,-0.4976 
240,2,-1.023 
240,3,0.6062 
241,1,1.0543 
241,2,-1.2975 
241,3,-0.2949 
242,1,0.7472 
242,2,0.685 
242,3,-0.3073 
243,1,1.0909 
243,2,-0.6141 
243,3,1.3283 
244,1,0.0951 
244,2,-0.034 
244,3,-0.0607 
245,1,-2.103 
245,2,-0.5757 
245,3,-0.6293 
246,1,0.7889 
246,2,-0.9839 
246,3,0.2907 
247,1,1.6225 
247,2,0.3748 
247,3,-0.192 
248,1,-0.537 
248,2,0.5486 
248,3,0.1355 
249,1,1.6959 
249,2,-0.8669 
249,3,0.6273 
250,1,-2.3375 
250,2,0.2896 
250,3,-0.9697 
251,1,-0.2816 
251,2,0.6567 
251,3,0.932 
252,1,-0.9159 
252,2,0.6284 
252,3,1.858 
253,1,0.2355 
253,2,0.1123 
253,3,1.867 
254,1,-0.3689 
254,2,0.302 
254,3,-0.1549 
255,1,-0.6855 
255,2,-1.755 
255,3,-0.7995 
256,1,0.6877 
256,2,-1.4258 
256,3,0.5916 
257,1,-0.3311 
257,2,0.0199 
257,3,-0.6545 
258,1,1.4816 
258,2,-0.4277 
258,3,-0.2183 
259,1,0.3752 
259,2,0.0545 
259,3,0.0991 
260,1,1.2068 
260,2,0.4751 
260,3,0.7751 
261,1,-0.8427 
261,2,0.386 
261,3,-0.6086 
262,1,0.159 
262,2,-0.5408 
262,3,-0.1917 
263,1,-0.1002 
263,2,-0.1271 
263,3,0.931 
264,1,0.0646 
264,2,0.5386 
264,3,-0.5504 
265,1,0.4995 
265,2,-1.1416 
265,3,0.9246 
266,1,-0.5092 
266,2,1.6343 
266,3,1.3112 
267,1,-3.1368 
267,2,-0.079 
267,3,1.1025 
268,1,-0.3334 
268,2,0.5927 
268,3,1.2359 
269,1,0.4353 
269,2,-2.2558 
269,3,0.0641 
270,1,-0.1563 
270,2,-0.5084 
270,3,0.173 
271,1,-1.392 
271,2,-0.8555 
271,3,0.0751 
272,1,0.4245 
272,2,0.3665 
272,3,-0.2879 
273,1,0.4127 
273,2,0.2605 
273,3,-0.9436 
274,1,2.5307 
274,2,-0.4952 
274,3,-0.302 
275,1,0.6426 
275,2,1.9556 
275,3,-2.3076 
276,1,-0.7493 
276,2,1.1424 
276,3,0.0243 
277,1,-1.5299 
277,2,-1.0066 
277,3,-1.5721 
278,1,0.3611 
278,2,-0.5086 
278,3,0.2078 
279,1,-0.5235 
279,2,-1.1208 
279,3,0.3442 
280,1,0.526 
280,2,-0.0296 
280,3,0.8032 
281,1,-0.9068 
281,2,-0.4422 
281,3,-0.2563 
282,1,-0.0038 
282,2,-0.9299 
282,3,-0.0547 
283,1,0.6521 
283,2,-1.9986 
283,3,-0.3714 
284,1,1.4377 
284,2,0.183 
284,3,-0.3415 
285,1,-0.2642 
285,2,0.9547 
285,3,-2.2193 
286,1,-1.9656 
286,2,0.2945 
286,3,0.6255 
287,1,-0.6097 
287,2,1.4623 
287,3,0.5715 
288,1,0.2553 
288,2,0.1039 
288,3,-0.1966 
289,1,0.1231 
289,2,0.504 
289,3,0.3049 
290,1,-0.8434 
290,2,0.6485 
290,3,-0.0737 
291,1,-1.4175 
291,2,0.7781 
291,3,0.8418 
292,1,-0.6295 
292,2,-0.5764 
292,3,-0.8399 
293,1,0.1015 
293,2,-0.4384 
293,3,0.0465 
294,1,-0.3978 
294,2,-2.2903 
294,3,-0.5068 
295,1,-1.4972 
295,2,-0.5014 
295,3,0.5166 
296,1,-0.4457 
296,2,0.7713 
296,3,-0.3206 
297,1,0.4712 
297,2,0.461 
297,3,0.4823 
298,1,-0.8328 
298,2,0.1151 
298,3,0.0668 
299,1,0.0774 
299,2,-0.4958 
299,3,-0.106 
300,1,-0.215 
300,2,1.0138 
300,3,0.0876 
301,1,-1.8693 
301,2,0.2747 
301,3,1.9714 
302,1,-0.2187 
302,2,0.5049 
302,3,-0.3859 
303,1,1.6844 
303,2,0.0858 
303,3,-1.0662 
304,1,-0.5216 
304,2,-0.7236 
304,3,1.4592 
305,1,0.3708 
305,2,0.6403 
305,3,-0.5113 
306,1,1.281 
306,2,0.6515 
306,3,0.3672 
307,1,0.6989 
307,2,0.7256 
307,3,0.2486 
308,1,-1.7673 
308,2,0.1875 
308,3,-2.6535 
309,1,-0.2342 
309,2,-1.4996 
309,3,-0.6494 
310,1,-1.4743 
310,2,0.714 
310,3,1.5143 
311,1,-2.0824 
311,2,2.1483 
311,3,0.1369 
312,1,0.5906 
312,2,-1.9513 
312,3,-1.3468 
313,1,-0.6129 
313,2,-1.3508 
313,3,-2.7055 
314,1,-1.7526 
314,2,1.1899 
314,3,-0.6088 
315,1,0.7829 
315,2,-0.472 
315,3,-0.4662 
316,1,-1.3833 
316,2,-0.1863 
316,3,-1.8077 
317,1,-1.4712 
317,2,1.1237 
317,3,0.1804 
318,1,-0.4484 
318,2,-1.9686 
318,3,0.7524 
319,1,-0.0943 
319,2,1.1272 
319,3,-0.6235 
320,1,-0.9651 
320,2,0.5657 
320,3,-0.3898 
321,1,-0.5001 
321,2,0.9023 
321,3,-0.1549 
322,1,-0.5925 
322,2,-0.2009 
322,3,-0.3783 
323,1,-1.8866 
323,2,-1.6979 
323,3,-1.5903 
324,1,1.0534 
324,2,0.075 
324,3,-1.0438 
325,1,-0.5035 
325,2,-0.7929 
325,3,-0.5558 
326,1,0.9395 
326,2,0.2629 
326,3,-0.9204 
327,1,-1.0084 
327,2,-0.5834 
327,3,-1.3505 
328,1,-2.5677 
328,2,0.0745 
328,3,0.3803 
329,1,2.1038 
329,2,0.9378 
329,3,-0.7963 
330,1,-0.1979 
330,2,-2.4598 
330,3,1.2242 
331,1,0.4565 
331,2,-0.2011 
331,3,-0.4271 
332,1,-0.4543 
332,2,-0.0095 
332,3,0.1155 
333,1,-0.9624 
333,2,1.8755 
333,3,1.5136 
334,1,1.0591 
334,2,-1.1899 
334,3,0.2429 
335,1,-0.1875 
335,2,1.3548 
335,3,0.8322 
336,1,-1.31 
336,2,2.0201 
336,3,-0.3439 
337,1,-0.2945 
337,2,0.1308 
337,3,0.504 
338,1,1.3286 
338,2,-1.0553 
338,3,-0.6055 
339,1,-0.3731 
339,2,-1.0933 
339,3,1.5476 
340,1,0.1059 
340,2,-0.1114 
340,3,-0.0311 
341,1,1.5455 
341,2,-0.3543 
341,3,0.6241 
342,1,0.5031 
342,2,0.0511 
342,3,0.4455 
343,1,0.3936 
343,2,-0.4726 
343,3,-1.4475 
344,1,-0.3671 
344,2,-0.3812 
344,3,-0.706 
345,1,1.3229 
345,2,1.3739 
345,3,0.433 
346,1,0.3936 
346,2,0.1348 
346,3,1.0931 
347,1,-1.5871 
347,2,-0.3872 
347,3,0.3694 
348,1,-1.1603 
348,2,-0.1571 
348,3,-0.9472 
349,1,-0.036 
349,2,0.0582 
349,3,-0.1631 
350,1,1.3497 
350,2,-2.0654 
350,3,-0.4494 
351,1,-0.6841 
351,2,-0.3153 
351,3,-0.5024 
352,1,-0.0564 
352,2,-0.0525 
352,3,-1.0298 
353,1,-1.2462 
353,2,0.721 
353,3,0.4378 
354,1,-0.8605 
354,2,-1.7259 
354,3,-0.6707 
355,1,1.1781 
355,2,-0.6109 
355,3,-1.7946 
356,1,-0.5436 
356,2,-0.1229 
356,3,-2.2635 
357,1,-1.1275 
357,2,0.2654 
357,3,0.7956 
358,1,-0.561 
358,2,0.5688 
358,3,-0.8602 
359,1,0.6428 
359,2,-1.371 
359,3,0.2351 
360,1,-0.2441 
360,2,-0.0203 
360,3,0.0395 
361,1,0.3563 
361,2,0.4559 
361,3,1.1345 
362,1,-0.9754 
362,2,1.0788 
362,3,-0.8651 
363,1,0.038 
363,2,-0.4308 
363,3,-2.2066 
364,1,2.0272 
364,2,-0.3537 
364,3,-0.1906 
365,1,-0.6316 
365,2,-0.1467 
365,3,0.0234 
366,1,1.1027 
366,2,-0.268 
366,3,0.2381 
367,1,-0.7143 
367,2,-0.3465 
367,3,0.4529 
368,1,1.9446 
368,2,0.1827 
368,3,0.0568 
369,1,-0.0314 
369,2,0.9969 
369,3,-0.6082 
370,1,0.4298 
370,2,0.6412 
370,3,-0.3238 
371,1,-0.6986 
371,2,0.2402 
371,3,0.6354 
372,1,1.5782 
372,2,0.6526 
372,3,0.4863 
373,1,0.9669 
373,2,-0.606 
373,3,0.8322 
374,1,0.1879 
374,2,0.876 
374,3,-0.6425 
375,1,0.2416 
375,2,-0.2895 
375,3,0.7733 
376,1,1.7176 
376,2,-1.3062 
376,3,-1.2277 
377,1,-2.021 
377,2,1.3859 
377,3,2.0301 
378,1,0.738 
378,2,0.1535 
378,3,-1.4387 
379,1,-0.1571 
379,2,0.3425 
379,3,-0.4605 
380,1,-0.2167 
380,2,1.0121 
380,3,-1.1688 
381,1,-0.5174 
381,2,-0.8223 
381,3,-0.038 
382,1,2.3608 
382,2,-0.1274 
382,3,0.8063 
383,1,1.048 
383,2,-0.3297 
383,3,-1.4086 
384,1,-0.5185 
384,2,0.5038 
384,3,0.1192 
385,1,-1.0024 
385,2,-1.1118 
385,3,-0.6276 
386,1,-1.7353 
386,2,1.8959 
386,3,1.7386 
387,1,-0.5322 
387,2,1.5973 
387,3,2.3126 
388,1,-0.3319 
388,2,1.5396 
388,3,1.0098 
389,1,0.5205 
389,2,-1.0948 
389,3,-1.2174 
390,1,2.0084 
390,2,-2.0444 
390,3,-0.8345 
391,1,-0.6286 
391,2,1.6655 
391,3,-0.4595 
392,1,-0.4985 
392,2,1.6151 
392,3,-1.6817 
393,1,1.577 
393,2,0.0263 
393,3,0.8111 
394,1,-0.5969 
394,2,0.195 
394,3,0.4433 
395,1,1.3296 
395,2,-0.5069 
395,3,0.519 
396,1,1.5822 
396,2,0.3749 
396,3,-0.5598 
397,1,0.1938 
397,2,-0.1929 
397,3,-2.4527 
398,1,-0.3593 
398,2,-0.6791 
398,3,1.9929 
399,1,0.5461 
399,2,-0.0557 
399,3,2.0514 
400,1,1.4508 
400,2,0.908 
400,3,-0.3318 
401,1,-0.0365 
401,2,-1.5313 
401,3,0.4634 
402,1,-1.5004 
402,2,0.5905 
402,3,0.3445 
403,1,-0.5174 
403,2,-0.1758 
403,3,1.5264 
404,1,-2.1986 
404,2,-0.837 
404,3,1.0907 
405,1,-0.4258 
405,2,0.0169 
405,3,0.8751 
406,1,-2.2516 
406,2,0.1113 
406,3,0.995 
407,1,-0.0096 
407,2,0.556 
407,3,1.1288 
408,1,-0.8775 
408,2,-0.1755 
408,3,-1.7816 
409,1,-1.2648 
409,2,0.9058 
409,3,0.9516 
410,1,0.699 
410,2,-0.0997 
410,3,0.6384 
411,1,0.8171 
411,2,0.2254 
411,3,-0.1064 
412,1,1.0124 
412,2,-0.8475 
412,3,-0.6656 
413,1,1.7861 
413,2,2.2053 
413,3,-1.3812 
414,1,0.737 
414,2,-1.0956 
414,3,1.6875 
415,1,0.0643 
415,2,0.202 
415,3,-1.3969 
416,1,1.6947 
416,2,-0.0399 
416,3,0.756 
417,1,-0.8572 
417,2,-0.0014 
417,3,0.7421 
418,1,0.9221 
418,2,1.7069 
418,3,0.0838 
419,1,-0.5403 
419,2,-0.8197 
419,3,1.4152 
420,1,-1.4004 
420,2,-0.5192 
420,3,-1.7702 
421,1,1.2026 
421,2,-1.2423 
421,3,0.7936 
422,1,-0.2064 
422,2,-1.1071 
422,3,-0.7926 
423,1,1.1109 
423,2,-1.3632 
423,3,-0.5222 
424,1,0.9548 
424,2,-1.8339 
424,3,-1.1242 
425,1,-1.0849 
425,2,-0.1802 
425,3,-0.0823 
426,1,-0.6509 
426,2,-0.4574 
426,3,-0.4638 
427,1,1.1024 
427,2,-0.4698 
427,3,0.3079 
428,1,-1.2796 
428,2,0.6644 
428,3,-1.411 
429,1,1.2554 
429,2,-1.325 
429,3,-2.0057 
430,1,-1.3548 
430,2,1.8299 
430,3,1.1561 
431,1,-0.6573 
431,2,-0.4542 
431,3,0.9567 
432,1,-0.8864 
432,2,-0.4635 
432,3,-1.0215 
433,1,1.6424 
433,2,-0.7879 
433,3,-1.7014 
434,1,-1.0781 
434,2,-1.0925 
434,3,0.5578 
435,1,-0.306 
435,2,-1.818 
435,3,0.4498 
436,1,2.0895 
436,2,0.2321 
436,3,-0.6591 
437,1,0.359 
437,2,0.622 
437,3,1.2056 
438,1,-1.9651 
438,2,0.5463 
438,3,0.6395 
439,1,0.1208 
439,2,0.6194 
439,3,0.0364 
440,1,-0.4929 
440,2,0.306 
440,3,-0.7335 
441,1,-0.2369 
441,2,0.4491 
441,3,2.3543 
442,1,-0.5192 
442,2,0.0736 
442,3,0.5923 
443,1,-0.1743 
443,2,-0.8256 
443,3,0.5483 
444,1,-0.3499 
444,2,0.3744 
444,3,-1.5891 
445,1,1.4143 
445,2,-0.6531 
445,3,1.9618 
446,1,-0.7005 
446,2,-2.6914 
446,3,0.4796 
447,1,0.7511 
447,2,-1.0156 
447,3,-2.1083 
448,1,-0.7005 
448,2,0.1809 
448,3,1.185 
449,1,-0.2126 
449,2,-0.7366 
449,3,-0.7585 
450,1,-0.3772 
450,2,0.0278 
450,3,-0.4415 
451,1,-0.95 
451,2,0.0948 
451,3,-2.2045 
452,1,-1.1787 
452,2,0.6069 
452,3,0.3281 
453,1,-1.4104 
453,2,-0.7811 
453,3,-0.9688 
454,1,0.0565 
454,2,-0.3563 
454,3,-1.0679 
455,1,-0.2708 
455,2,0.22 
455,3,0.8277 
456,1,0.9335 
456,2,0.8331 
456,3,0.3141 
457,1,-0.1998 
457,2,-0.7325 
457,3,0.9394 
458,1,0.6025 
458,2,0.3196 
458,3,1.2334 
459,1,0.2693 
459,2,0.4284 
459,3,-2.4649 
460,1,-0.2091 
460,2,-1.2015 
460,3,0.0877 
461,1,0.0542 
461,2,0.2347 
461,3,-0.5099 
462,1,-0.2912 
462,2,1.3349 
462,3,1.0312 
463,1,-0.5577 
463,2,0.0243 
463,3,0.6767 
464,1,-0.2945 
464,2,0.8299 
464,3,-0.7082 
465,1,0.9915 
465,2,-1.8516 
465,3,0.2638 
466,1,-0.2791 
466,2,-2.6972 
466,3,-0.549 
467,1,0.2289 
467,2,1.183 
467,3,0.5035 
468,1,1.4456 
468,2,-0.8691 
468,3,1.0546 
469,1,-1.1536 
469,2,0.0238 
469,3,-1.2759 
470,1,-2.1514 
470,2,-0.4174 
470,3,-1.5296 
471,1,1.617 
471,2,-0.6664 
471,3,-0.3587 
472,1,-1.5238 
472,2,0.4608 
472,3,0.6625 
473,1,-0.4877 
473,2,-0.4199 
473,3,0.0045 
474,1,-0.3192 
474,2,-1.7442 
474,3,0.2779 
475,1,-1.0947 
475,2,-0.2926 
475,3,1.0155 
476,1,0.2669 
476,2,-2.7367 
476,3,-0.7951 
477,1,1.0077 
477,2,0.6137 
477,3,-0.3808 
478,1,1.0586 
478,2,-0.7223 
478,3,-0.1723 
479,1,0.9118 
479,2,0.2609 
479,3,0.9156 
480,1,0.8264 
480,2,-0.6155 
480,3,0.1833 
481,1,0.7469 
481,2,0.503 
481,3,-2.0638 
482,1,-0.0193 
482,2,-0.1244 
482,3,0.019 
483,1,1.3096 
483,2,-1.4275 
483,3,-1.3725 
484,1,-0.4805 
484,2,2.1092 
484,3,0.61 
485,1,-0.994 
485,2,0.2211 
485,3,0.851 
486,1,-0.7842 
486,2,0.8753 
486,3,0.3995 
487,1,-0.9868 
487,2,-1.4037 
487,3,-1.813 
488,1,-0.1034 
488,2,-1.1141 
488,3,0.2659 
489,1,0.8157 
489,2,-0.2434 
489,3,0.1676 
490,1,1.3098 
490,2,1.158 
490,3,-0.7405 
491,1,-0.4815 
491,2,-0.4107 
491,3,-0.2455 
492,1,0.0315 
492,2,0.4208 
492,3,-0.1685 
493,1,-0.1181 
493,2,-0.8232 
493,3,-1.1426 
494,1,-0.1282 
494,2,1.7173 
494,3,0.224 
495,1,-0.7845 
495,2,-1.7347 
495,3,0.8251 
496,1,0.5373 
496,2,1.787 
496,3,-1.2596 
497,1,2.4914 
497,2,-1.31 
497,3,-0.6412 
498,1,-0.8181 
498,2,-1.0318 
498,3,0.5882 
499,1,-0.7648 
499,2,1.0892 
499,3,0.1158 
500,1,0.0177 
500,2,1.7739 
500,3,-2.328 
