1,1,0.9447 
1,2,9.4474 
1,3,0.0 
2,1,-0.5076 
2,2,-5.0759 
2,3,0.0 
3,1,-0.3006 
3,2,-3.0064 
3,3,0.0 
4,1,-0.4612 
4,2,-4.6117 
4,3,0.0 
5,1,-0.3675 
5,2,-3.6748 
5,3,0.0 
6,1,-1.4713 
6,2,-14.7133 
6,3,0.0 
7,1,-1.692 
7,2,-16.9203 
7,3,0.0 
8,1,0.2657 
8,2,2.6565 
8,3,0.0 
9,1,-0.9328 
9,2,-9.3281 
9,3,0.0 
10,1,2.0997 
10,2,20.997 
10,3,0.0 
11,1,-0.4319 
11,2,-4.3189 
11,3,0.0 
12,1,0.4803 
12,2,4.8026 
12,3,0.0 
13,1,1.5258 
13,2,15.258 
13,3,0.0 
14,1,-0.394 
14,2,-3.9399 
14,3,0.0 
15,1,0.2193 
15,2,2.1926 
15,3,0.0 
16,1,-0.3605 
16,2,-3.6055 
16,3,0.0 
17,1,-0.7148 
17,2,-7.1483 
17,3,0.0 
18,1,-0.9638 
18,2,-9.6385 
18,3,0.0 
19,1,-0.4149 
19,2,-4.1492 
19,3,0.0 
20,1,0.2629 
20,2,2.6287 
20,3,0.0 
21,1,-1.7231 
21,2,-17.2308 
21,3,0.0 
22,1,-0.3433 
22,2,-3.4333 
22,3,0.0 
23,1,-1.2361 
23,2,-12.3605 
23,3,0.0 
24,1,-2.6945 
24,2,-26.9455 
24,3,0.0 
25,1,0.3542 
25,2,3.542 
25,3,0.0 
26,1,2.0767 
26,2,20.7666 
26,3,0.0 
27,1,0.3876 
27,2,3.8757 
27,3,0.0 
28,1,-0.9014 
28,2,-9.0138 
28,3,0.0 
29,1,-0.055 
29,2,-0.5499 
29,3,0.0 
30,1,-0.1255 
30,2,-1.2547 
30,3,0.0 
31,1,2.2203 
31,2,22.203 
31,3,0.0 
32,1,1.6483 
32,2,16.4829 
32,3,0.0 
33,1,-0.8182 
33,2,-8.1815 
33,3,0.0 
34,1,0.3227 
34,2,3.2268 
34,3,0.0 
35,1,-0.0659 
35,2,-0.6593 
35,3,0.0 
36,1,0.4621 
36,2,4.6214 
36,3,0.0 
37,1,-1.263 
37,2,-12.6296 
37,3,0.0 
38,1,1.5341 
38,2,15.3414 
38,3,0.0 
39,1,-0.1644 
39,2,-1.6437 
39,3,0.0 
40,1,0.7261 
40,2,7.2609 
40,3,0.0 
41,1,0.305 
41,2,3.0497 
41,3,0.0 
42,1,-1.4485 
42,2,-14.4851 
42,3,0.0 
43,1,0.0448 
43,2,0.4483 
43,3,0.0 
44,1,-0.318 
44,2,-3.1795 
44,3,0.0 
45,1,1.3645 
45,2,13.6445 
45,3,0.0 
46,1,-1.443 
46,2,-14.4296 
46,3,0.0 
47,1,0.9034 
47,2,9.0339 
47,3,0.0 
48,1,-1.7834 
48,2,-17.8336 
48,3,0.0 
49,1,-0.0716 
49,2,-0.7164 
49,3,0.0 
50,1,1.9821 
50,2,19.8214 
50,3,0.0 
51,1,1.3091 
51,2,13.0913 
51,3,0.0 
52,1,-1.7522 
52,2,-17.5219 
52,3,0.0 
53,1,0.0478 
53,2,0.478 
53,3,0.0 
54,1,-1.2359 
54,2,-12.3595 
54,3,0.0 
55,1,1.2083 
55,2,12.0832 
55,3,0.0 
56,1,-0.2427 
56,2,-2.4268 
56,3,0.0 
57,1,0.7287 
57,2,7.2868 
57,3,0.0 
58,1,0.088 
58,2,0.8801 
58,3,0.0 
59,1,1.139 
59,2,11.3896 
59,3,0.0 
60,1,-0.3937 
60,2,-3.9369 
60,3,0.0 
61,1,-0.5469 
61,2,-5.4694 
61,3,0.0 
62,1,0.2766 
62,2,2.7659 
62,3,0.0 
63,1,-3.1171 
63,2,-31.1715 
63,3,0.0 
64,1,-0.1298 
64,2,-1.2978 
64,3,0.0 
65,1,-0.645 
65,2,-6.4503 
65,3,0.0 
66,1,-1.553 
66,2,-15.53 
66,3,0.0 
67,1,-0.7707 
67,2,-7.7073 
67,3,0.0 
68,1,-0.1035 
68,2,-1.0351 
68,3,0.0 
69,1,1.955 
69,2,19.5504 
69,3,0.0 
70,1,-0.5442 
70,2,-5.4421 
70,3,0.0 
71,1,-0.4152 
71,2,-4.1521 
71,3,0.0 
72,1,0.6173 
72,2,6.1725 
72,3,0.0 
73,1,0.1014 
73,2,1.0144 
73,3,0.0 
74,1,1.2581 
74,2,12.581 
74,3,0.0 
75,1,-0.1507 
75,2,-1.507 
75,3,0.0 
76,1,-0.5867 
76,2,-5.8674 
76,3,0.0 
77,1,-0.6832 
77,2,-6.8323 
77,3,0.0 
78,1,1.5312 
78,2,15.3119 
78,3,0.0 
79,1,0.4918 
79,2,4.9183 
79,3,0.0 
80,1,0.3755 
80,2,3.7554 
80,3,0.0 
81,1,-0.9601 
81,2,-9.6011 
81,3,0.0 
82,1,1.1634 
82,2,11.6339 
82,3,0.0 
83,1,0.3675 
83,2,3.6748 
83,3,0.0 
84,1,-1.7544 
84,2,-17.5436 
84,3,0.0 
85,1,2.6713 
85,2,26.7126 
85,3,0.0 
86,1,-0.2098 
86,2,-2.098 
86,3,0.0 
87,1,0.5974 
87,2,5.9739 
87,3,0.0 
88,1,1.8164 
88,2,18.1645 
88,3,0.0 
89,1,0.8352 
89,2,8.3521 
89,3,0.0 
90,1,-0.5403 
90,2,-5.4029 
90,3,0.0 
91,1,0.1081 
91,2,1.0812 
91,3,0.0 
92,1,-0.6525 
92,2,-6.525 
92,3,0.0 
93,1,1.4786 
93,2,14.7857 
93,3,0.0 
94,1,-0.8725 
94,2,-8.7249 
94,3,0.0 
95,1,0.2402 
95,2,2.4022 
95,3,0.0 
96,1,1.489 
96,2,14.8901 
96,3,0.0 
97,1,2.471 
97,2,24.7098 
97,3,0.0 
98,1,-0.8208 
98,2,-8.2077 
98,3,0.0 
99,1,1.7818 
99,2,17.8181 
99,3,0.0 
100,1,0.0121 
100,2,0.1212 
100,3,0.0 
101,1,0.8625 
101,2,8.6254 
101,3,0.0 
102,1,-1.2363 
102,2,-12.3629 
102,3,0.0 
103,1,1.2233 
103,2,12.2329 
103,3,0.0 
104,1,1.9894 
104,2,19.8939 
104,3,0.0 
105,1,0.6375 
105,2,6.3748 
105,3,0.0 
106,1,0.8847 
106,2,8.8466 
106,3,0.0 
107,1,-0.9347 
107,2,-9.3472 
107,3,0.0 
108,1,-0.1262 
108,2,-1.262 
108,3,0.0 
109,1,-1.7447 
109,2,-17.4466 
109,3,0.0 
110,1,0.0184 
110,2,0.1835 
110,3,0.0 
111,1,1.3044 
111,2,13.0435 
111,3,0.0 
112,1,-1.1585 
112,2,-11.5851 
112,3,0.0 
113,1,0.3341 
113,2,3.3414 
113,3,0.0 
114,1,0.9159 
114,2,9.1591 
114,3,0.0 
115,1,-0.5222 
115,2,-5.2221 
115,3,0.0 
116,1,3.1501 
116,2,31.5009 
116,3,0.0 
117,1,0.1602 
117,2,1.6023 
117,3,0.0 
118,1,-3.0417 
118,2,-30.4165 
118,3,0.0 
119,1,1.7264 
119,2,17.2638 
119,3,0.0 
120,1,-0.611 
120,2,-6.1103 
120,3,0.0 
121,1,1.1445 
121,2,11.4448 
121,3,0.0 
122,1,-1.5862 
122,2,-15.8617 
122,3,0.0 
123,1,-0.3991 
123,2,-3.991 
123,3,0.0 
124,1,0.4217 
124,2,4.2172 
124,3,0.0 
125,1,0.9349 
125,2,9.3492 
125,3,0.0 
126,1,-3.2598 
126,2,-32.5982 
126,3,0.0 
127,1,1.01 
127,2,10.0998 
127,3,0.0 
128,1,-2.2684 
128,2,-22.6836 
128,3,0.0 
129,1,1.9744 
129,2,19.7441 
129,3,0.0 
130,1,-2.0727 
130,2,-20.7269 
130,3,0.0 
131,1,-1.3773 
131,2,-13.7729 
131,3,0.0 
132,1,-0.2623 
132,2,-2.6234 
132,3,0.0 
133,1,-0.0667 
133,2,-0.6672 
133,3,0.0 
134,1,-1.6851 
134,2,-16.8514 
134,3,0.0 
135,1,-0.0117 
135,2,-0.1174 
135,3,0.0 
136,1,0.6677 
136,2,6.6769 
136,3,0.0 
137,1,-1.8667 
137,2,-18.6674 
137,3,0.0 
138,1,1.0128 
138,2,10.1275 
138,3,0.0 
139,1,-1.0736 
139,2,-10.7361 
139,3,0.0 
140,1,0.7773 
140,2,7.7727 
140,3,0.0 
141,1,0.1201 
141,2,1.2006 
141,3,0.0 
142,1,-0.7889 
142,2,-7.889 
142,3,0.0 
143,1,-0.7346 
143,2,-7.3461 
143,3,0.0 
144,1,0.2749 
144,2,2.7486 
144,3,0.0 
145,1,1.2242 
145,2,12.2424 
145,3,0.0 
146,1,-0.3781 
146,2,-3.7806 
146,3,0.0 
147,1,-0.4785 
147,2,-4.7851 
147,3,0.0 
148,1,-2.0875 
148,2,-20.8751 
148,3,0.0 
149,1,0.0199 
149,2,0.1994 
149,3,0.0 
150,1,0.0537 
150,2,0.5367 
150,3,0.0 
151,1,-1.2454 
151,2,-12.4545 
151,3,0.0 
152,1,0.5415 
152,2,5.4146 
152,3,0.0 
153,1,3.5206 
153,2,35.2063 
153,3,0.0 
154,1,1.6091 
154,2,16.0905 
154,3,0.0 
155,1,2.1957 
155,2,21.9574 
155,3,0.0 
156,1,-0.8727 
156,2,-8.7266 
156,3,0.0 
157,1,0.7262 
157,2,7.2619 
157,3,0.0 
158,1,-1.2631 
158,2,-12.6311 
158,3,0.0 
159,1,-0.5268 
159,2,-5.2683 
159,3,0.0 
160,1,0.8037 
160,2,8.037 
160,3,0.0 
161,1,-0.4425 
161,2,-4.4255 
161,3,0.0 
162,1,-0.4664 
162,2,-4.6643 
162,3,0.0 
163,1,-0.8107 
163,2,-8.1073 
163,3,0.0 
164,1,0.3456 
164,2,3.4557 
164,3,0.0 
165,1,0.5624 
165,2,5.6237 
165,3,0.0 
166,1,1.3022 
166,2,13.022 
166,3,0.0 
167,1,-2.5037 
167,2,-25.0374 
167,3,0.0 
168,1,0.0331 
168,2,0.3311 
168,3,0.0 
169,1,-1.6266 
169,2,-16.266 
169,3,0.0 
170,1,0.6669 
170,2,6.6686 
170,3,0.0 
171,1,-0.2719 
171,2,-2.7186 
171,3,0.0 
172,1,-1.1306 
172,2,-11.3061 
172,3,0.0 
173,1,-1.0731 
173,2,-10.7313 
173,3,0.0 
174,1,-1.1258 
174,2,-11.2576 
174,3,0.0 
175,1,-2.4818 
175,2,-24.8183 
175,3,0.0 
176,1,-1.5379 
176,2,-15.3789 
176,3,0.0 
177,1,-1.923 
177,2,-19.23 
177,3,0.0 
178,1,0.4435 
178,2,4.4347 
178,3,0.0 
179,1,0.3657 
179,2,3.6573 
179,3,0.0 
180,1,1.3165 
180,2,13.1647 
180,3,0.0 
181,1,1.5136 
181,2,15.136 
181,3,0.0 
182,1,1.7681 
182,2,17.6808 
182,3,0.0 
183,1,-0.2783 
183,2,-2.7834 
183,3,0.0 
184,1,-1.5453 
184,2,-15.4526 
184,3,0.0 
185,1,-1.7909 
185,2,-17.9087 
185,3,0.0 
186,1,0.0547 
186,2,0.5465 
186,3,0.0 
187,1,0.5357 
187,2,5.3574 
187,3,0.0 
188,1,0.0365 
188,2,0.3647 
188,3,0.0 
189,1,-1.5569 
189,2,-15.569 
189,3,0.0 
190,1,0.7717 
190,2,7.7168 
190,3,0.0 
191,1,0.4419 
191,2,4.4194 
191,3,0.0 
192,1,0.7405 
192,2,7.4052 
192,3,0.0 
193,1,-0.857 
193,2,-8.5698 
193,3,0.0 
194,1,-2.5473 
194,2,-25.4727 
194,3,0.0 
195,1,0.8602 
195,2,8.602 
195,3,0.0 
196,1,0.3554 
196,2,3.5544 
196,3,0.0 
197,1,-1.0359 
197,2,-10.3585 
197,3,0.0 
198,1,0.2169 
198,2,2.1689 
198,3,0.0 
199,1,-0.186 
199,2,-1.8603 
199,3,0.0 
200,1,-0.4253 
200,2,-4.2529 
200,3,0.0 
201,1,0.5625 
201,2,5.6253 
201,3,0.0 
202,1,-0.8988 
202,2,-8.988 
202,3,0.0 
203,1,1.3421 
203,2,13.4215 
203,3,0.0 
204,1,0.7575 
204,2,7.5752 
204,3,0.0 
205,1,-1.2614 
205,2,-12.6135 
205,3,0.0 
206,1,-0.6262 
206,2,-6.2625 
206,3,0.0 
207,1,-0.2579 
207,2,-2.5786 
207,3,0.0 
208,1,0.2723 
208,2,2.7231 
208,3,0.0 
209,1,1.0277 
209,2,10.2768 
209,3,0.0 
210,1,-2.7624 
210,2,-27.6242 
210,3,0.0 
211,1,-2.0082 
211,2,-20.0821 
211,3,0.0 
212,1,0.5385 
212,2,5.3853 
212,3,0.0 
213,1,1.5626 
213,2,15.6257 
213,3,0.0 
214,1,0.2823 
214,2,2.8231 
214,3,0.0 
215,1,3.1393 
215,2,31.3926 
215,3,0.0 
216,1,-0.0945 
216,2,-0.9451 
216,3,0.0 
217,1,-1.9729 
217,2,-19.7289 
217,3,0.0 
218,1,-1.0072 
218,2,-10.0724 
218,3,0.0 
219,1,-1.8763 
219,2,-18.7628 
219,3,0.0 
220,1,1.4808 
220,2,14.8084 
220,3,0.0 
221,1,-1.7318 
221,2,-17.3179 
221,3,0.0 
222,1,0.484 
222,2,4.8401 
222,3,0.0 
223,1,2.0108 
223,2,20.1081 
223,3,0.0 
224,1,0.0199 
224,2,0.1992 
224,3,0.0 
225,1,-0.1631 
225,2,-1.6308 
225,3,0.0 
226,1,-0.4782 
226,2,-4.7816 
226,3,0.0 
227,1,-0.6428 
227,2,-6.428 
227,3,0.0 
228,1,1.1355 
228,2,11.3548 
228,3,0.0 
229,1,0.8597 
229,2,8.5973 
229,3,0.0 
230,1,0.9867 
230,2,9.8672 
230,3,0.0 
231,1,0.8638 
231,2,8.6377 
231,3,0.0 
232,1,3.3649 
232,2,33.6487 
232,3,0.0 
233,1,-0.8276 
233,2,-8.2758 
233,3,0.0 
234,1,-0.0196 
234,2,-0.1958 
234,3,0.0 
235,1,-2.1269 
235,2,-21.2686 
235,3,0.0 
236,1,0.2956 
236,2,2.9563 
236,3,0.0 
237,1,1.909 
237,2,19.0902 
237,3,0.0 
238,1,1.1099 
238,2,11.0987 
238,3,0.0 
239,1,1.8887 
239,2,18.8868 
239,3,0.0 
240,1,0.1751 
240,2,1.7508 
240,3,0.0 
241,1,1.3104 
241,2,13.1042 
241,3,0.0 
242,1,0.3538 
242,2,3.5385 
242,3,0.0 
243,1,0.0559 
243,2,0.5594 
243,3,0.0 
244,1,0.5392 
244,2,5.3919 
244,3,0.0 
245,1,-2.4076 
245,2,-24.0755 
245,3,0.0 
246,1,-0.4342 
246,2,-4.3416 
246,3,0.0 
247,1,-1.3667 
247,2,-13.6675 
247,3,0.0 
248,1,-0.077 
248,2,-0.7701 
248,3,0.0 
249,1,0.9997 
249,2,9.9973 
249,3,0.0 
250,1,-0.2739 
250,2,-2.7395 
250,3,0.0 
251,1,-2.1641 
251,2,-21.6406 
251,3,0.0 
252,1,-0.0362 
252,2,-0.3615 
252,3,0.0 
253,1,0.0529 
253,2,0.5292 
253,3,0.0 
254,1,0.9742 
254,2,9.7415 
254,3,0.0 
255,1,2.1113 
255,2,21.1125 
255,3,0.0 
256,1,1.2592 
256,2,12.5916 
256,3,0.0 
257,1,1.1329 
257,2,11.329 
257,3,0.0 
258,1,0.2288 
258,2,2.288 
258,3,0.0 
259,1,-1.0154 
259,2,-10.1541 
259,3,0.0 
260,1,-2.4649 
260,2,-24.6495 
260,3,0.0 
261,1,-0.3196 
261,2,-3.1959 
261,3,0.0 
262,1,1.8314 
262,2,18.3137 
262,3,0.0 
263,1,-2.9422 
263,2,-29.422 
263,3,0.0 
264,1,0.3065 
264,2,3.0646 
264,3,0.0 
265,1,-1.553 
265,2,-15.5299 
265,3,0.0 
266,1,-1.8061 
266,2,-18.061 
266,3,0.0 
267,1,1.0698 
267,2,10.6977 
267,3,0.0 
268,1,1.9758 
268,2,19.7577 
268,3,0.0 
269,1,-0.5209 
269,2,-5.2091 
269,3,0.0 
270,1,0.3593 
270,2,3.5929 
270,3,0.0 
271,1,-1.6955 
271,2,-16.9548 
271,3,0.0 
272,1,0.543 
272,2,5.4298 
272,3,0.0 
273,1,-0.7037 
273,2,-7.0373 
273,3,0.0 
274,1,1.6122 
274,2,16.1217 
274,3,0.0 
275,1,0.5518 
275,2,5.518 
275,3,0.0 
276,1,-1.9774 
276,2,-19.774 
276,3,0.0 
277,1,-1.642 
277,2,-16.4199 
277,3,0.0 
278,1,0.0263 
278,2,0.2628 
278,3,0.0 
279,1,-0.3728 
279,2,-3.7281 
279,3,0.0 
280,1,-0.5783 
280,2,-5.7831 
280,3,0.0 
281,1,1.2588 
281,2,12.588 
281,3,0.0 
282,1,-1.187 
282,2,-11.8695 
282,3,0.0 
283,1,-0.6933 
283,2,-6.9327 
283,3,0.0 
284,1,1.3525 
284,2,13.5252 
284,3,0.0 
285,1,-2.1563 
285,2,-21.563 
285,3,0.0 
286,1,0.4415 
286,2,4.4154 
286,3,0.0 
287,1,-0.1911 
287,2,-1.9108 
287,3,0.0 
288,1,-1.5997 
288,2,-15.9967 
288,3,0.0 
289,1,-0.5093 
289,2,-5.0934 
289,3,0.0 
290,1,-0.3 
290,2,-3.0 
290,3,0.0 
291,1,0.8103 
291,2,8.1032 
291,3,0.0 
292,1,-2.7402 
292,2,-27.4018 
292,3,0.0 
293,1,-0.1677 
293,2,-1.6766 
293,3,0.0 
294,1,0.2471 
294,2,2.4708 
294,3,0.0 
295,1,-0.1461 
295,2,-1.4608 
295,3,0.0 
296,1,0.8613 
296,2,8.6135 
296,3,0.0 
297,1,-0.4882 
297,2,-4.8818 
297,3,0.0 
298,1,0.3065 
298,2,3.0651 
298,3,0.0 
299,1,2.1512 
299,2,21.5117 
299,3,0.0 
300,1,1.2473 
300,2,12.473 
300,3,0.0 
301,1,1.0264 
301,2,10.2645 
301,3,0.0 
302,1,-0.232 
302,2,-2.32 
302,3,0.0 
303,1,0.6816 
303,2,6.8161 
303,3,0.0 
304,1,-0.7778 
304,2,-7.7777 
304,3,0.0 
305,1,-0.1146 
305,2,-1.1458 
305,3,0.0 
306,1,0.7747 
306,2,7.7474 
306,3,0.0 
307,1,0.3989 
307,2,3.989 
307,3,0.0 
308,1,0.3835 
308,2,3.8346 
308,3,0.0 
309,1,1.2377 
309,2,12.3773 
309,3,0.0 
310,1,2.1063 
310,2,21.0626 
310,3,0.0 
311,1,-0.7664 
311,2,-7.6639 
311,3,0.0 
312,1,1.5266 
312,2,15.2655 
312,3,0.0 
313,1,0.1669 
313,2,1.6688 
313,3,0.0 
314,1,0.784 
314,2,7.8398 
314,3,0.0 
315,1,-0.2217 
315,2,-2.2169 
315,3,0.0 
316,1,0.3827 
316,2,3.8269 
316,3,0.0 
317,1,0.5872 
317,2,5.8722 
317,3,0.0 
318,1,-0.5735 
318,2,-5.7346 
318,3,0.0 
319,1,-0.7291 
319,2,-7.2914 
319,3,0.0 
320,1,0.3296 
320,2,3.2959 
320,3,0.0 
321,1,-0.7765 
321,2,-7.7645 
321,3,0.0 
322,1,0.9333 
322,2,9.3326 
322,3,0.0 
323,1,-1.6554 
323,2,-16.5539 
323,3,0.0 
324,1,-2.9931 
324,2,-29.9313 
324,3,0.0 
325,1,0.0033 
325,2,0.0331 
325,3,0.0 
326,1,-1.4456 
326,2,-14.456 
326,3,0.0 
327,1,-2.2729 
327,2,-22.7286 
327,3,0.0 
328,1,1.8943 
328,2,18.943 
328,3,0.0 
329,1,0.2336 
329,2,2.3358 
329,3,0.0 
330,1,-0.5187 
330,2,-5.1866 
330,3,0.0 
331,1,-1.7283 
331,2,-17.2834 
331,3,0.0 
332,1,1.5918 
332,2,15.918 
332,3,0.0 
333,1,-3.4926 
333,2,-34.926 
333,3,0.0 
334,1,1.8739 
334,2,18.7386 
334,3,0.0 
335,1,1.4181 
335,2,14.1808 
335,3,0.0 
336,1,0.429 
336,2,4.2898 
336,3,0.0 
337,1,1.0213 
337,2,10.213 
337,3,0.0 
338,1,-2.7835 
338,2,-27.835 
338,3,0.0 
339,1,-1.2867 
339,2,-12.8675 
339,3,0.0 
340,1,1.5913 
340,2,15.9126 
340,3,0.0 
341,1,0.3305 
341,2,3.305 
341,3,0.0 
342,1,-0.2489 
342,2,-2.4888 
342,3,0.0 
343,1,-1.391 
343,2,-13.9098 
343,3,0.0 
344,1,1.1833 
344,2,11.8335 
344,3,0.0 
345,1,-0.076 
345,2,-0.76 
345,3,0.0 
346,1,-1.4379 
346,2,-14.379 
346,3,0.0 
347,1,0.9068 
347,2,9.0681 
347,3,0.0 
348,1,1.773 
348,2,17.7305 
348,3,0.0 
349,1,0.958 
349,2,9.5798 
349,3,0.0 
350,1,2.1706 
350,2,21.7056 
350,3,0.0 
351,1,-1.8062 
351,2,-18.0622 
351,3,0.0 
352,1,-0.8965 
352,2,-8.9653 
352,3,0.0 
353,1,-0.5323 
353,2,-5.3228 
353,3,0.0 
354,1,1.5542 
354,2,15.5423 
354,3,0.0 
355,1,0.1997 
355,2,1.997 
355,3,0.0 
356,1,-1.8235 
356,2,-18.2348 
356,3,0.0 
357,1,-1.0306 
357,2,-10.306 
357,3,0.0 
358,1,-0.8299 
358,2,-8.2992 
358,3,0.0 
359,1,0.534 
359,2,5.3403 
359,3,0.0 
360,1,-1.1021 
360,2,-11.0213 
360,3,0.0 
361,1,1.4669 
361,2,14.6693 
361,3,0.0 
362,1,1.6564 
362,2,16.5639 
362,3,0.0 
363,1,1.9427 
363,2,19.4273 
363,3,0.0 
364,1,-1.0424 
364,2,-10.4241 
364,3,0.0 
365,1,-2.0864 
365,2,-20.8639 
365,3,0.0 
366,1,-0.9198 
366,2,-9.1977 
366,3,0.0 
367,1,0.0147 
367,2,0.1466 
367,3,0.0 
368,1,1.5661 
368,2,15.6612 
368,3,0.0 
369,1,-0.5782 
369,2,-5.7821 
369,3,0.0 
370,1,1.5828 
370,2,15.8281 
370,3,0.0 
371,1,-0.2401 
371,2,-2.4006 
371,3,0.0 
372,1,0.4112 
372,2,4.112 
372,3,0.0 
373,1,0.5166 
373,2,5.1663 
373,3,0.0 
374,1,1.7234 
374,2,17.2342 
374,3,0.0 
375,1,2.0393 
375,2,20.3931 
375,3,0.0 
376,1,1.4286 
376,2,14.2861 
376,3,0.0 
377,1,-0.5212 
377,2,-5.2121 
377,3,0.0 
378,1,0.2526 
378,2,2.5258 
378,3,0.0 
379,1,-0.0257 
379,2,-0.2574 
379,3,0.0 
380,1,-0.9015 
380,2,-9.0146 
380,3,0.0 
381,1,-0.4874 
381,2,-4.8743 
381,3,0.0 
382,1,-0.1768 
382,2,-1.768 
382,3,0.0 
383,1,2.1246 
383,2,21.2464 
383,3,0.0 
384,1,-2.1617 
384,2,-21.617 
384,3,0.0 
385,1,-0.3809 
385,2,-3.8088 
385,3,0.0 
386,1,-2.1644 
386,2,-21.6441 
386,3,0.0 
387,1,-1.7573 
387,2,-17.573 
387,3,0.0 
388,1,0.5173 
388,2,5.173 
388,3,0.0 
389,1,0.3112 
389,2,3.1121 
389,3,0.0 
390,1,-1.8661 
390,2,-18.6612 
390,3,0.0 
391,1,0.3503 
391,2,3.5027 
391,3,0.0 
392,1,-0.446 
392,2,-4.4601 
392,3,0.0 
393,1,0.8266 
393,2,8.2656 
393,3,0.0 
394,1,-0.8528 
394,2,-8.5277 
394,3,0.0 
395,1,0.1626 
395,2,1.6257 
395,3,0.0 
396,1,0.9154 
396,2,9.1538 
396,3,0.0 
397,1,0.8203 
397,2,8.2028 
397,3,0.0 
398,1,0.6015 
398,2,6.0155 
398,3,0.0 
399,1,-1.2796 
399,2,-12.7957 
399,3,0.0 
400,1,0.8836 
400,2,8.8358 
400,3,0.0 
401,1,0.7916 
401,2,7.9159 
401,3,0.0 
402,1,1.4578 
402,2,14.5779 
402,3,0.0 
403,1,-1.322 
403,2,-13.2196 
403,3,0.0 
404,1,-0.0395 
404,2,-0.3952 
404,3,0.0 
405,1,1.6325 
405,2,16.3248 
405,3,0.0 
406,1,0.1428 
406,2,1.4281 
406,3,0.0 
407,1,-2.6453 
407,2,-26.4532 
407,3,0.0 
408,1,1.8923 
408,2,18.9228 
408,3,0.0 
409,1,0.5536 
409,2,5.5358 
409,3,0.0 
410,1,1.9707 
410,2,19.7073 
410,3,0.0 
411,1,2.0205 
411,2,20.205 
411,3,0.0 
412,1,-1.0068 
412,2,-10.0676 
412,3,0.0 
413,1,-0.3378 
413,2,-3.3777 
413,3,0.0 
414,1,1.6918 
414,2,16.9176 
414,3,0.0 
415,1,-0.2481 
415,2,-2.4812 
415,3,0.0 
416,1,0.4783 
416,2,4.7831 
416,3,0.0 
417,1,-0.0717 
417,2,-0.717 
417,3,0.0 
418,1,1.141 
418,2,11.4102 
418,3,0.0 
419,1,1.528 
419,2,15.2796 
419,3,0.0 
420,1,-0.8945 
420,2,-8.9454 
420,3,0.0 
421,1,-0.1952 
421,2,-1.9522 
421,3,0.0 
422,1,-0.8256 
422,2,-8.2565 
422,3,0.0 
423,1,-0.0645 
423,2,-0.6445 
423,3,0.0 
424,1,-0.0817 
424,2,-0.8166 
424,3,0.0 
425,1,0.9692 
425,2,9.692 
425,3,0.0 
426,1,0.2017 
426,2,2.0168 
426,3,0.0 
427,1,0.2137 
427,2,2.1368 
427,3,0.0 
428,1,-0.1629 
428,2,-1.629 
428,3,0.0 
429,1,-0.609 
429,2,-6.0905 
429,3,0.0 
430,1,1.6468 
430,2,16.4678 
430,3,0.0 
431,1,0.4389 
431,2,4.3885 
431,3,0.0 
432,1,-1.4544 
432,2,-14.5439 
432,3,0.0 
433,1,-0.4437 
433,2,-4.4366 
433,3,0.0 
434,1,-0.8946 
434,2,-8.9456 
434,3,0.0 
435,1,-3.0657 
435,2,-30.6566 
435,3,0.0 
436,1,0.713 
436,2,7.1304 
436,3,0.0 
437,1,1.4296 
437,2,14.2959 
437,3,0.0 
438,1,0.9719 
438,2,9.7191 
438,3,0.0 
439,1,0.6445 
439,2,6.4451 
439,3,0.0 
440,1,0.913 
440,2,9.1299 
440,3,0.0 
441,1,-0.0632 
441,2,-0.6323 
441,3,0.0 
442,1,0.9429 
442,2,9.4292 
442,3,0.0 
443,1,1.2117 
443,2,12.1169 
443,3,0.0 
444,1,0.0138 
444,2,0.1384 
444,3,0.0 
445,1,1.5724 
445,2,15.7237 
445,3,0.0 
446,1,-0.7156 
446,2,-7.1562 
446,3,0.0 
447,1,0.1813 
447,2,1.8134 
447,3,0.0 
448,1,-1.6221 
448,2,-16.2208 
448,3,0.0 
449,1,1.2008 
449,2,12.0075 
449,3,0.0 
450,1,-1.2616 
450,2,-12.6157 
450,3,0.0 
451,1,-1.1253 
451,2,-11.2526 
451,3,0.0 
452,1,0.7081 
452,2,7.0813 
452,3,0.0 
453,1,-0.5987 
453,2,-5.9868 
453,3,0.0 
454,1,1.8213 
454,2,18.2125 
454,3,0.0 
455,1,-1.3116 
455,2,-13.1164 
455,3,0.0 
456,1,0.2282 
456,2,2.2815 
456,3,0.0 
457,1,3.2708 
457,2,32.7082 
457,3,0.0 
458,1,2.2698 
458,2,22.698 
458,3,0.0 
459,1,-0.7253 
459,2,-7.2532 
459,3,0.0 
460,1,1.3182 
460,2,13.1825 
460,3,0.0 
461,1,0.4105 
461,2,4.1047 
461,3,0.0 
462,1,0.0169 
462,2,0.1693 
462,3,0.0 
463,1,-0.1635 
463,2,-1.6348 
463,3,0.0 
464,1,1.1393 
464,2,11.3932 
464,3,0.0 
465,1,0.5004 
465,2,5.0042 
465,3,0.0 
466,1,-0.9622 
466,2,-9.6224 
466,3,0.0 
467,1,-0.3937 
467,2,-3.9368 
467,3,0.0 
468,1,0.8345 
468,2,8.3446 
468,3,0.0 
469,1,-0.7042 
469,2,-7.0422 
469,3,0.0 
470,1,0.0204 
470,2,0.2042 
470,3,0.0 
471,1,-1.2476 
471,2,-12.4755 
471,3,0.0 
472,1,0.5746 
472,2,5.7462 
472,3,0.0 
473,1,1.0664 
473,2,10.6642 
473,3,0.0 
474,1,0.0756 
474,2,0.7556 
474,3,0.0 
475,1,0.2279 
475,2,2.2789 
475,3,0.0 
476,1,0.6461 
476,2,6.4605 
476,3,0.0 
477,1,-0.7913 
477,2,-7.9133 
477,3,0.0 
478,1,1.6139 
478,2,16.1394 
478,3,0.0 
479,1,0.1894 
479,2,1.8939 
479,3,0.0 
480,1,0.904 
480,2,9.0399 
480,3,0.0 
481,1,-4.4428 
481,2,-44.4277 
481,3,0.0 
482,1,-1.0933 
482,2,-10.9332 
482,3,0.0 
483,1,-1.0982 
483,2,-10.9824 
483,3,0.0 
484,1,-0.7786 
484,2,-7.7858 
484,3,0.0 
485,1,-2.1066 
485,2,-21.0661 
485,3,0.0 
486,1,1.1475 
486,2,11.4749 
486,3,0.0 
487,1,1.5399 
487,2,15.3992 
487,3,0.0 
488,1,2.2495 
488,2,22.4949 
488,3,0.0 
489,1,-0.9734 
489,2,-9.734 
489,3,0.0 
490,1,-0.6959 
490,2,-6.9594 
490,3,0.0 
491,1,-0.959 
491,2,-9.59 
491,3,0.0 
492,1,0.2521 
492,2,2.5211 
492,3,0.0 
493,1,-2.9632 
493,2,-29.6315 
493,3,0.0 
494,1,-1.4794 
494,2,-14.7945 
494,3,0.0 
495,1,-0.8159 
495,2,-8.1588 
495,3,0.0 
496,1,0.3037 
496,2,3.037 
496,3,0.0 
497,1,0.9225 
497,2,9.2247 
497,3,0.0 
498,1,-0.0949 
498,2,-0.9491 
498,3,0.0 
499,1,-0.9776 
499,2,-9.7763 
499,3,0.0 
500,1,-0.4584 
500,2,-4.5837 
500,3,0.0 
