0,0,0.8591 
0,1,-0.3732 
0,2,-0.0852 
0,3,2.003 
0,4,1.2759 
0,5,2.2024 
0,6,1.5681 
0,7,0.351 
0,8,1.2589 
0,9,0.8094 
1,0,-0.1926 
1,1,0.2103 
1,2,2.5125 
1,3,2.7272 
1,4,0.6199 
1,5,0.836 
1,6,2.7145 
1,7,4.2226 
1,8,1.0183 
1,9,2.3627 
2,0,-0.4081 
2,1,-0.6256 
2,2,0.1798 
2,3,0.4536 
2,4,2.6556 
2,5,1.6586 
2,6,3.916 
2,7,0.6772 
2,8,2.8707 
2,9,0.5647 
3,0,-0.6087 
3,1,-0.4425 
3,2,1.0428 
3,3,3.0949 
3,4,1.4781 
3,5,4.0706 
3,6,1.4734 
3,7,2.6485 
3,8,1.043 
3,9,1.1997 
4,0,0.0734 
4,1,0.1376 
4,2,0.8112 
4,3,2.2139 
4,4,2.743 
4,5,1.1645 
4,6,2.3008 
4,7,1.3398 
4,8,1.5074 
4,9,2.6593 
5,0,-1.6214 
5,1,0.0001 
5,2,2.7758 
5,3,0.8269 
5,4,1.8082 
5,5,0.5059 
5,6,1.8869 
5,7,1.979 
5,8,1.2024 
5,9,1.2103 
6,0,0.9589 
6,1,-0.2056 
6,2,3.2168 
6,3,3.5782 
6,4,2.2645 
6,5,0.6076 
6,6,1.3085 
6,7,4.314 
6,8,1.7661 
6,9,3.5136 
7,0,0.4709 
7,1,1.5354 
7,2,2.6628 
7,3,3.2329 
7,4,0.9779 
7,5,2.5166 
7,6,2.6724 
7,7,1.6095 
7,8,0.8107 
7,9,2.6822 
8,0,-0.015 
8,1,-0.1041 
8,2,1.0453 
8,3,0.3329 
8,4,2.3393 
8,5,2.2467 
8,6,3.5903 
8,7,3.2043 
8,8,2.2644 
8,9,2.5338 
9,0,0.5291 
9,1,-1.0393 
9,2,2.5896 
9,3,-0.2757 
9,4,1.6957 
9,5,2.1217 
9,6,2.0756 
9,7,4.5778 
9,8,0.9312 
9,9,1.5781 
10,0,-0.1143 
10,1,0.7663 
10,2,1.7181 
10,3,1.3187 
10,4,2.549 
10,5,2.4798 
10,6,0.8481 
10,7,0.6073 
10,8,3.052 
10,9,2.0957 
11,0,-0.48 
11,1,-2.1313 
11,2,2.5819 
11,3,2.6509 
11,4,2.5019 
11,5,0.7478 
11,6,1.9089 
11,7,2.6228 
11,8,1.4577 
11,9,1.206 
12,0,-0.3197 
12,1,-1.5971 
12,2,3.7171 
12,3,2.2369 
12,4,2.5696 
12,5,1.7221 
12,6,1.1315 
12,7,1.3836 
12,8,3.1257 
12,9,2.0347 
13,0,0.0597 
13,1,-1.1298 
13,2,2.7832 
13,3,-0.0997 
13,4,1.9416 
13,5,3.3909 
13,6,4.0603 
13,7,2.4463 
13,8,2.1151 
13,9,3.6184 
14,0,0.0284 
14,1,0.1731 
14,2,1.123 
14,3,3.2425 
14,4,2.153 
14,5,1.6672 
14,6,2.6399 
14,7,2.3506 
14,8,2.8482 
14,9,2.0483 
15,0,0.214 
15,1,0.675 
15,2,0.556 
15,3,2.3009 
15,4,2.5255 
15,5,2.8931 
15,6,2.4051 
15,7,2.2849 
15,8,2.1379 
15,9,1.4515 
16,0,-0.4633 
16,1,-1.2145 
16,2,3.6475 
16,3,2.6371 
16,4,2.938 
16,5,2.2635 
16,6,1.7821 
16,7,0.7905 
16,8,0.269 
16,9,1.644 
17,0,1.8036 
17,1,-0.8845 
17,2,2.6995 
17,3,2.4967 
17,4,1.4803 
17,5,2.1665 
17,6,3.1375 
17,7,2.2156 
17,8,0.2755 
17,9,2.0858 
18,0,-0.8602 
18,1,0.7251 
18,2,4.3905 
18,3,1.3862 
18,4,1.267 
18,5,1.3362 
18,6,3.0081 
18,7,2.0477 
18,8,0.6156 
18,9,2.3704 
19,0,-0.2454 
19,1,-0.9937 
19,2,2.6152 
19,3,0.9378 
19,4,1.5197 
19,5,1.4208 
19,6,3.4326 
19,7,2.1616 
19,8,2.1793 
19,9,3.2306 
20,0,-0.7335 
20,1,-1.2112 
20,2,1.2051 
20,3,1.7163 
20,4,0.4533 
20,5,3.4967 
20,6,2.0094 
20,7,1.8343 
20,8,2.0683 
20,9,2.714 
21,0,-0.3081 
21,1,-0.8822 
21,2,1.1478 
21,3,1.3618 
21,4,0.0068 
21,5,3.9882 
21,6,0.541 
21,7,2.1284 
21,8,2.2259 
21,9,2.1591 
22,0,-1.0404 
22,1,0.7218 
22,2,1.7884 
22,3,1.8526 
22,4,1.8843 
22,5,1.7377 
22,6,1.0847 
22,7,3.0316 
22,8,2.6666 
22,9,1.3913 
23,0,-0.9314 
23,1,-2.0066 
23,2,-0.0941 
23,3,1.8826 
23,4,2.7485 
23,5,0.9342 
23,6,1.7638 
23,7,3.1281 
23,8,1.6641 
23,9,1.8362 
24,0,-0.4009 
24,1,-0.2971 
24,2,0.4893 
24,3,1.6722 
24,4,1.7708 
24,5,1.0452 
24,6,1.5832 
24,7,1.4822 
24,8,2.0531 
24,9,1.885 
25,0,0.4124 
25,1,-0.8405 
25,2,0.5196 
25,3,2.2884 
25,4,0.0209 
25,5,2.6631 
25,6,4.2978 
25,7,2.8109 
25,8,1.9593 
25,9,1.2596 
26,0,1.3609 
26,1,0.0243 
26,2,2.295 
26,3,2.1835 
26,4,2.7789 
26,5,1.738 
26,6,3.3526 
26,7,1.8868 
26,8,4.6426 
26,9,1.2159 
27,0,0.8426 
27,1,-0.3578 
27,2,3.1136 
27,3,2.8536 
27,4,1.3707 
27,5,2.9237 
27,6,3.339 
27,7,2.0359 
27,8,1.1907 
27,9,1.3048 
28,0,-0.4617 
28,1,1.6873 
28,2,2.1936 
28,3,1.2696 
28,4,2.4772 
28,5,2.9445 
28,6,2.5501 
28,7,1.5577 
28,8,1.2397 
28,9,1.1698 
29,0,-0.2155 
29,1,0.3879 
29,2,1.4493 
29,3,2.1181 
29,4,0.3713 
29,5,1.4088 
29,6,1.0004 
29,7,2.2292 
29,8,2.5899 
29,9,0.5143 
30,0,2.1393 
30,1,0.1555 
30,2,1.5492 
30,3,2.3624 
30,4,1.1253 
30,5,2.4847 
30,6,2.6743 
30,7,0.9431 
30,8,0.787 
30,9,4.2233 
31,0,0.6084 
31,1,2.4214 
31,2,1.5667 
31,3,3.3332 
31,4,1.973 
31,5,1.4308 
31,6,2.2077 
31,7,1.9105 
31,8,-0.422 
31,9,2.3109 
32,0,0.9139 
32,1,1.9855 
32,2,3.3759 
32,3,1.8588 
32,4,3.8274 
32,5,1.5937 
32,6,-0.0365 
32,7,2.6101 
32,8,2.6294 
32,9,1.3656 
33,0,0.0414 
33,1,1.4081 
33,2,1.9548 
33,3,2.0317 
33,4,1.6321 
33,5,1.2001 
33,6,2.976 
33,7,1.7318 
33,8,3.5578 
33,9,1.8226 
34,0,-0.6245 
34,1,0.1326 
34,2,2.5878 
34,3,3.3303 
34,4,2.3431 
34,5,3.9745 
34,6,0.4529 
34,7,2.0844 
34,8,1.5171 
34,9,2.9729 
35,0,0.2264 
35,1,1.3965 
35,2,1.6951 
35,3,2.1503 
35,4,2.453 
35,5,2.6358 
35,6,1.2399 
35,7,1.5775 
35,8,1.3157 
35,9,3.1756 
36,0,0.7481 
36,1,-0.387 
36,2,4.216 
36,3,2.254 
36,4,2.3323 
36,5,2.3315 
36,6,2.2213 
36,7,3.1425 
36,8,2.9681 
36,9,3.6329 
37,0,0.0078 
37,1,-0.4344 
37,2,2.9491 
37,3,1.0827 
37,4,2.3259 
37,5,0.2379 
37,6,2.3901 
37,7,2.6093 
37,8,1.6686 
37,9,1.1254 
38,0,1.8997 
38,1,0.808 
38,2,1.4726 
38,3,1.5698 
38,4,1.8979 
38,5,1.0615 
38,6,1.9404 
38,7,1.3278 
38,8,1.7011 
38,9,4.3565 
39,0,0.1182 
39,1,-0.6768 
39,2,1.4145 
39,3,2.3637 
39,4,0.6919 
39,5,2.274 
39,6,0.8043 
39,7,1.0935 
39,8,2.8833 
39,9,1.1305 
40,0,-0.2794 
40,1,-0.8368 
40,2,1.0506 
40,3,2.957 
40,4,2.0658 
40,5,2.2872 
40,6,0.5279 
40,7,3.1671 
40,8,2.6024 
40,9,4.1021 
41,0,0.0562 
41,1,1.2333 
41,2,3.0262 
41,3,1.7914 
41,4,2.2819 
41,5,2.4601 
41,6,3.7699 
41,7,1.2485 
41,8,1.1117 
41,9,3.4503 
42,0,0.7498 
42,1,-0.8315 
42,2,0.7531 
42,3,2.072 
42,4,3.8701 
42,5,0.2961 
42,6,1.4959 
42,7,1.4053 
42,8,1.611 
42,9,1.1839 
43,0,0.4541 
43,1,0.809 
43,2,2.1471 
43,3,1.6059 
43,4,3.2472 
43,5,0.9074 
43,6,2.4654 
43,7,2.6582 
43,8,3.7994 
43,9,0.7757 
44,0,0.9792 
44,1,-0.7712 
44,2,1.8016 
44,3,2.1852 
44,4,1.52 
44,5,0.684 
44,6,1.4128 
44,7,1.012 
44,8,2.3558 
44,9,3.1598 
45,0,1.4581 
45,1,-0.2701 
45,2,-0.0031 
45,3,0.6387 
45,4,0.5177 
45,5,1.95 
45,6,1.1469 
45,7,2.786 
45,8,2.141 
45,9,2.4446 
46,0,-0.0172 
46,1,0.8568 
46,2,2.5188 
46,3,1.7019 
46,4,1.3214 
46,5,2.5628 
46,6,1.1056 
46,7,3.6151 
46,8,3.9067 
46,9,2.9475 
47,0,-2.5293 
47,1,-0.7348 
47,2,2.4602 
47,3,4.0278 
47,4,2.7293 
47,5,2.0713 
47,6,2.1207 
47,7,2.6238 
47,8,1.3259 
47,9,1.524 
48,0,0.1001 
48,1,1.0579 
48,2,3.8463 
48,3,2.3492 
48,4,1.5399 
48,5,2.4102 
48,6,1.8453 
48,7,2.5915 
48,8,2.3445 
48,9,1.265 
49,0,-0.641 
49,1,-1.1521 
49,2,3.7698 
49,3,1.7249 
49,4,1.3233 
49,5,1.848 
49,6,1.5852 
49,7,1.1622 
49,8,2.8666 
49,9,0.7135 
50,0,-0.7529 
50,1,-1.1424 
50,2,2.3192 
50,3,-0.2425 
50,4,1.3202 
50,5,2.4646 
50,6,3.1133 
50,7,2.6188 
50,8,1.6636 
50,9,1.8409 
51,0,-0.4993 
51,1,-1.6152 
51,2,3.2732 
51,3,0.8283 
51,4,1.5374 
51,5,2.7514 
51,6,1.7719 
51,7,3.2006 
51,8,2.7994 
51,9,2.8114 
52,0,-1.6043 
52,1,-0.4362 
52,2,1.2523 
52,3,1.4117 
52,4,1.3708 
52,5,3.8805 
52,6,1.3513 
52,7,1.3388 
52,8,3.2248 
52,9,3.1161 
53,0,-0.4314 
53,1,0.3266 
53,2,3.5561 
53,3,1.6951 
53,4,1.4276 
53,5,1.6247 
53,6,2.219 
53,7,2.8906 
53,8,2.9506 
53,9,2.0562 
54,0,-0.9272 
54,1,0.4202 
54,2,2.4565 
54,3,1.4934 
54,4,2.3314 
54,5,1.3976 
54,6,1.6233 
54,7,1.9816 
54,8,1.2987 
54,9,5.1148 
55,0,0.355 
55,1,-0.2463 
55,2,2.3867 
55,3,1.8663 
55,4,1.9618 
55,5,2.47 
55,6,2.3134 
55,7,0.139 
55,8,1.2461 
55,9,1.5874 
56,0,-0.4585 
56,1,0.3143 
56,2,1.8922 
56,3,2.7129 
56,4,2.7548 
56,5,2.5103 
56,6,1.9214 
56,7,1.6062 
56,8,2.8061 
56,9,2.0562 
57,0,2.1979 
57,1,-1.5641 
57,2,2.1587 
57,3,1.6932 
57,4,1.8588 
57,5,1.5404 
57,6,2.6549 
57,7,0.9657 
57,8,1.5024 
57,9,3.032 
58,0,-0.2564 
58,1,-1.1665 
58,2,2.1473 
58,3,0.908 
58,4,3.6778 
58,5,1.1561 
58,6,0.743 
58,7,1.1009 
58,8,1.285 
58,9,1.546 
59,0,0.1824 
59,1,0.8688 
59,2,1.7813 
59,3,1.1357 
59,4,1.6342 
59,5,2.2083 
59,6,0.2218 
59,7,1.67 
59,8,1.2548 
59,9,2.6805 
60,0,0.876 
60,1,-1.2688 
60,2,2.8742 
60,3,2.346 
60,4,3.4776 
60,5,1.9747 
60,6,2.4236 
60,7,1.6277 
60,8,2.9067 
60,9,1.495 
61,0,-0.1102 
61,1,-1.9116 
61,2,1.0526 
61,3,2.2156 
61,4,2.5993 
61,5,2.1264 
61,6,2.6988 
61,7,3.7113 
61,8,3.3171 
61,9,0.6491 
62,0,0.6856 
62,1,1.8098 
62,2,0.9404 
62,3,-0.0383 
62,4,2.6605 
62,5,2.7456 
62,6,2.1483 
62,7,1.7916 
62,8,2.7485 
62,9,1.7761 
63,0,0.5821 
63,1,0.3226 
63,2,2.9755 
63,3,3.7014 
63,4,0.7378 
63,5,2.9586 
63,6,2.2447 
63,7,2.4518 
63,8,1.0389 
63,9,1.7352 
64,0,0.3797 
64,1,-0.5931 
64,2,3.2781 
64,3,1.3809 
64,4,0.2468 
64,5,2.0343 
64,6,2.3618 
64,7,1.9242 
64,8,3.5669 
64,9,4.845 
65,0,0.1106 
65,1,-1.4227 
65,2,1.0482 
65,3,2.3116 
65,4,2.3268 
65,5,2.3772 
65,6,2.1519 
65,7,3.0668 
65,8,1.0257 
65,9,1.9571 
66,0,1.2616 
66,1,-2.0426 
66,2,2.4761 
66,3,0.2308 
66,4,1.6513 
66,5,1.6311 
66,6,0.2924 
66,7,0.7111 
66,8,2.5696 
66,9,2.614 
67,0,0.7195 
67,1,0.6229 
67,2,1.5494 
67,3,2.0379 
67,4,2.2056 
67,5,2.4812 
67,6,2.5522 
67,7,1.8476 
67,8,1.1529 
67,9,0.4418 
68,0,0.284 
68,1,-0.3622 
68,2,2.071 
68,3,1.2266 
68,4,1.0809 
68,5,2.1478 
68,6,2.7752 
68,7,0.4661 
68,8,1.7303 
68,9,3.0347 
69,0,0.0692 
69,1,-1.3823 
69,2,2.2503 
69,3,1.9144 
69,4,2.0631 
69,5,0.9793 
69,6,0.7264 
69,7,1.6022 
69,8,2.7316 
69,9,1.8051 
70,0,0.4709 
70,1,-1.3508 
70,2,1.98 
70,3,0.4006 
70,4,1.885 
70,5,1.8652 
70,6,1.5097 
70,7,1.8796 
70,8,2.6573 
70,9,3.3928 
71,0,-0.666 
71,1,-1.375 
71,2,2.4951 
71,3,1.9573 
71,4,1.6673 
71,5,0.8875 
71,6,2.8277 
71,7,2.0653 
71,8,1.8945 
71,9,3.4551 
72,0,0.9735 
72,1,-1.9804 
72,2,2.3966 
72,3,3.7658 
72,4,3.2249 
72,5,0.827 
72,6,2.5778 
72,7,2.1853 
72,8,3.6276 
72,9,2.4969 
73,0,-1.1043 
73,1,-0.2979 
73,2,3.5768 
73,3,1.8156 
73,4,2.4768 
73,5,2.127 
73,6,1.8096 
73,7,1.7614 
73,8,2.7781 
73,9,3.0409 
74,0,-0.1859 
74,1,-1.9061 
74,2,1.475 
74,3,1.2726 
74,4,2.959 
74,5,2.9719 
74,6,4.1178 
74,7,2.4898 
74,8,1.9512 
74,9,0.9703 
75,0,1.1217 
75,1,-0.4762 
75,2,1.5699 
75,3,0.8302 
75,4,1.9916 
75,5,2.5512 
75,6,2.1872 
75,7,3.0258 
75,8,3.0031 
75,9,-0.0248 
76,0,-1.4698 
76,1,-1.2092 
76,2,1.8804 
76,3,1.783 
76,4,3.2801 
76,5,0.0903 
76,6,1.8607 
76,7,2.7225 
76,8,3.9013 
76,9,2.1674 
77,0,0.479 
77,1,-0.5292 
77,2,2.6122 
77,3,2.3594 
77,4,1.6894 
77,5,3.0284 
77,6,2.6922 
77,7,2.3775 
77,8,0.4367 
77,9,2.8526 
78,0,-0.1578 
78,1,1.4766 
78,2,0.3798 
78,3,1.7281 
78,4,1.1117 
78,5,0.2428 
78,6,1.4525 
78,7,1.4755 
78,8,1.5524 
78,9,1.9472 
79,0,1.0101 
79,1,-0.2551 
79,2,2.3675 
79,3,1.7386 
79,4,2.0588 
79,5,1.2742 
79,6,2.7065 
79,7,2.4698 
79,8,1.4524 
79,9,2.8875 
80,0,-0.7921 
80,1,-0.593 
80,2,0.6189 
80,3,0.491 
80,4,2.87 
80,5,2.4239 
80,6,2.2534 
80,7,2.3601 
80,8,1.4544 
80,9,1.9287 
81,0,0.5492 
81,1,0.148 
81,2,3.4451 
81,3,4.3007 
81,4,2.1104 
81,5,0.5157 
81,6,1.637 
81,7,2.5066 
81,8,2.4886 
81,9,0.9868 
82,0,-0.1767 
82,1,0.2832 
82,2,2.5548 
82,3,1.4405 
82,4,1.9314 
82,5,2.3727 
82,6,2.0967 
82,7,2.6416 
82,8,1.5945 
82,9,2.3202 
83,0,0.9897 
83,1,-0.4163 
83,2,2.0484 
83,3,2.3171 
83,4,3.1236 
83,5,0.972 
83,6,1.1734 
83,7,2.3196 
83,8,2.0395 
83,9,1.3249 
84,0,-0.1442 
84,1,-1.5765 
84,2,3.1451 
84,3,0.8025 
84,4,0.4872 
84,5,1.7958 
84,6,1.4635 
84,7,2.1521 
84,8,2.4555 
84,9,1.6313 
85,0,0.7952 
85,1,-0.0763 
85,2,-1.8417 
85,3,1.4949 
85,4,3.4193 
85,5,1.5664 
85,6,0.5825 
85,7,0.6862 
85,8,1.5006 
85,9,3.5109 
86,0,0.4539 
86,1,-0.7321 
86,2,0.3308 
86,3,3.7745 
86,4,1.031 
86,5,3.0928 
86,6,1.7102 
86,7,1.6033 
86,8,0.5186 
86,9,1.1661 
87,0,0.6268 
87,1,1.2603 
87,2,1.6426 
87,3,1.1929 
87,4,0.6495 
87,5,0.7183 
87,6,1.2396 
87,7,1.2699 
87,8,1.3318 
87,9,3.6261 
88,0,-0.522 
88,1,1.6039 
88,2,1.7213 
88,3,1.8986 
88,4,1.5824 
88,5,1.4323 
88,6,2.3272 
88,7,2.3274 
88,8,2.6944 
88,9,1.9406 
89,0,1.5686 
89,1,0.7819 
89,2,3.1891 
89,3,0.7662 
89,4,2.7438 
89,5,3.8853 
89,6,1.9639 
89,7,2.2216 
89,8,2.799 
89,9,1.4671 
90,0,1.2513 
90,1,1.7807 
90,2,2.3624 
90,3,1.244 
90,4,2.5174 
90,5,2.0934 
90,6,1.6859 
90,7,3.5671 
90,8,2.0463 
90,9,2.4145 
91,0,-0.663 
91,1,0.7047 
91,2,2.3199 
91,3,3.7327 
91,4,1.2821 
91,5,4.297 
91,6,3.1926 
91,7,0.5481 
91,8,1.6886 
91,9,1.5432 
92,0,0.7791 
92,1,0.5192 
92,2,2.2508 
92,3,1.7751 
92,4,3.9186 
92,5,2.33 
92,6,3.911 
92,7,3.1657 
92,8,3.8379 
92,9,1.4942 
93,0,0.5538 
93,1,1.1679 
93,2,2.6701 
93,3,3.7843 
93,4,1.7359 
93,5,3.4532 
93,6,2.4178 
93,7,2.0591 
93,8,2.184 
93,9,2.669 
94,0,0.4197 
94,1,-1.0615 
94,2,1.5318 
94,3,1.6087 
94,4,1.6212 
94,5,3.4525 
94,6,3.9535 
94,7,2.5079 
94,8,2.8076 
94,9,2.7054 
95,0,-1.1592 
95,1,-0.3257 
95,2,1.9983 
95,3,3.2041 
95,4,2.2274 
95,5,1.8812 
95,6,1.4961 
95,7,2.3296 
95,8,2.5588 
95,9,2.3327 
96,0,-0.7589 
96,1,-0.2993 
96,2,1.9986 
96,3,3.0193 
96,4,2.5801 
96,5,3.6297 
96,6,1.0432 
96,7,3.8005 
96,8,1.4122 
96,9,2.0122 
97,0,-1.2131 
97,1,-1.319 
97,2,1.651 
97,3,2.8971 
97,4,0.9853 
97,5,3.5678 
97,6,0.7746 
97,7,2.8626 
97,8,1.4969 
97,9,2.1115 
98,0,0.8286 
98,1,0.6756 
98,2,0.7707 
98,3,2.5416 
98,4,1.0017 
98,5,2.2912 
98,6,3.4546 
98,7,0.2665 
98,8,-0.0137 
98,9,1.7306 
99,0,-0.4164 
99,1,-1.5256 
99,2,2.4759 
99,3,1.958 
99,4,0.8631 
99,5,1.5559 
99,6,1.5217 
99,7,2.3361 
99,8,2.3949 
99,9,2.2597 
100,0,0.9053 
100,1,0.6289 
100,2,2.4718 
100,3,2.5977 
100,4,2.541 
100,5,1.7211 
100,6,2.4776 
100,7,2.5583 
100,8,2.8986 
100,9,1.6909 
101,0,0.5302 
101,1,0.204 
101,2,2.3327 
101,3,2.0239 
101,4,2.596 
101,5,1.8297 
101,6,1.0656 
101,7,3.8746 
101,8,3.3138 
101,9,2.4442 
102,0,1.5327 
102,1,-0.6059 
102,2,2.7474 
102,3,-0.0842 
102,4,2.4231 
102,5,1.3509 
102,6,2.2507 
102,7,1.9621 
102,8,1.8363 
102,9,0.3955 
103,0,2.149 
103,1,-0.0737 
103,2,-1.3379 
103,3,1.5702 
103,4,1.4928 
103,5,2.1534 
103,6,3.0226 
103,7,2.5663 
103,8,4.7526 
103,9,3.3235 
104,0,2.4603 
104,1,0.8382 
104,2,1.7023 
104,3,2.1029 
104,4,2.6145 
104,5,2.1455 
104,6,2.564 
104,7,5.0256 
104,8,0.3304 
104,9,2.5685 
105,0,-2.0961 
105,1,0.4026 
105,2,2.5532 
105,3,2.3812 
105,4,2.0688 
105,5,1.2192 
105,6,2.1722 
105,7,1.8195 
105,8,3.0353 
105,9,1.9744 
106,0,-0.1835 
106,1,-0.3983 
106,2,2.1723 
106,3,0.8579 
106,4,3.0453 
106,5,3.1802 
106,6,4.114 
106,7,1.5943 
106,8,2.834 
106,9,2.6768 
107,0,-0.8451 
107,1,-0.583 
107,2,1.1288 
107,3,3.721 
107,4,1.6623 
107,5,1.8894 
107,6,0.895 
107,7,2.2035 
107,8,1.8057 
107,9,1.7946 
108,0,-0.6713 
108,1,0.562 
108,2,1.8116 
108,3,0.7181 
108,4,2.1793 
108,5,0.2568 
108,6,1.807 
108,7,1.4224 
108,8,1.8208 
108,9,2.0514 
109,0,1.5015 
109,1,-1.5374 
109,2,1.3447 
109,3,1.2413 
109,4,1.3366 
109,5,2.3915 
109,6,1.5111 
109,7,2.2437 
109,8,0.527 
109,9,-0.2087 
110,0,-0.4887 
110,1,-0.0269 
110,2,1.0745 
110,3,1.0575 
110,4,2.9119 
110,5,4.3804 
110,6,1.1946 
110,7,3.2689 
110,8,2.2325 
110,9,1.7817 
111,0,1.151 
111,1,0.9654 
111,2,0.1906 
111,3,2.5894 
111,4,2.2339 
111,5,2.7584 
111,6,1.5695 
111,7,2.6433 
111,8,3.8167 
111,9,2.7908 
112,0,-0.5572 
112,1,-1.1321 
112,2,0.8476 
112,3,1.4246 
112,4,2.2083 
112,5,2.7678 
112,6,4.0841 
112,7,2.4757 
112,8,1.2901 
112,9,1.6937 
113,0,-0.7754 
113,1,-2.0168 
113,2,3.2068 
113,3,1.5412 
113,4,2.7325 
113,5,1.6527 
113,6,0.783 
113,7,1.3357 
113,8,3.13 
113,9,2.407 
114,0,0.6242 
114,1,-0.3721 
114,2,2.2094 
114,3,2.9706 
114,4,0.2686 
114,5,2.2961 
114,6,2.6701 
114,7,4.4649 
114,8,1.6146 
114,9,1.8057 
115,0,-1.2176 
115,1,-1.4592 
115,2,1.4993 
115,3,1.4269 
115,4,1.9376 
115,5,2.0104 
115,6,2.6624 
115,7,1.8944 
115,8,1.7802 
115,9,0.4407 
116,0,-0.9261 
116,1,-0.0924 
116,2,3.1395 
116,3,0.5907 
116,4,2.0647 
116,5,2.0282 
116,6,1.1852 
116,7,-0.0703 
116,8,1.7517 
116,9,1.5161 
117,0,0.7723 
117,1,-0.4858 
117,2,0.8707 
117,3,1.0095 
117,4,1.57 
117,5,2.3512 
117,6,1.2108 
117,7,4.9819 
117,8,4.162 
117,9,3.9737 
118,0,-0.5668 
118,1,-0.5728 
118,2,1.2016 
118,3,2.226 
118,4,2.1944 
118,5,2.5772 
118,6,2.4857 
118,7,3.3232 
118,8,3.1447 
118,9,3.5437 
119,0,1.1134 
119,1,-2.2294 
119,2,2.9849 
119,3,0.7726 
119,4,2.0154 
119,5,1.757 
119,6,1.8433 
119,7,2.4607 
119,8,0.7259 
119,9,0.3625 
120,0,1.7365 
120,1,0.8516 
120,2,2.7031 
120,3,4.0181 
120,4,2.0759 
120,5,1.9285 
120,6,0.6653 
120,7,1.8819 
120,8,3.0459 
120,9,2.2654 
121,0,-0.883 
121,1,0.3846 
121,2,0.5893 
121,3,-0.5641 
121,4,1.6536 
121,5,1.3639 
121,6,2.0308 
121,7,2.3454 
121,8,3.4737 
121,9,1.9003 
122,0,0.9342 
122,1,0.2169 
122,2,2.6538 
122,3,0.3502 
122,4,3.089 
122,5,1.3534 
122,6,2.0384 
122,7,1.925 
122,8,2.134 
122,9,3.5606 
123,0,-1.412 
123,1,-0.3903 
123,2,2.0228 
123,3,3.3408 
123,4,0.178 
123,5,1.7044 
123,6,2.951 
123,7,0.066 
123,8,1.9141 
123,9,2.6087 
124,0,-0.2525 
124,1,-0.1303 
124,2,3.2639 
124,3,-0.0652 
124,4,2.3751 
124,5,1.6391 
124,6,2.2379 
124,7,2.9018 
124,8,1.8968 
124,9,0.4572 
125,0,0.564 
125,1,-0.9211 
125,2,2.5683 
125,3,3.5619 
125,4,0.8181 
125,5,3.0756 
125,6,2.2964 
125,7,1.0768 
125,8,-0.1264 
125,9,1.959 
126,0,-1.8276 
126,1,1.106 
126,2,2.8957 
126,3,2.4829 
126,4,3.9563 
126,5,4.243 
126,6,1.044 
126,7,1.4478 
126,8,0.8963 
126,9,1.7794 
127,0,-0.6187 
127,1,-0.692 
127,2,2.3699 
127,3,-0.013 
127,4,1.5877 
127,5,2.8101 
127,6,-0.0739 
127,7,2.1231 
127,8,1.3405 
127,9,1.7439 
128,0,1.4211 
128,1,-0.381 
128,2,2.7252 
128,3,3.4081 
128,4,1.7521 
128,5,0.9164 
128,6,2.6041 
128,7,3.1297 
128,8,2.2311 
128,9,2.4269 
129,0,0.9964 
129,1,-0.1845 
129,2,4.086 
129,3,0.4145 
129,4,2.8438 
129,5,3.0996 
129,6,0.375 
129,7,1.946 
129,8,2.6805 
129,9,3.701 
130,0,-1.8689 
130,1,0.2531 
130,2,2.6243 
130,3,2.116 
130,4,1.8421 
130,5,2.0907 
130,6,1.932 
130,7,1.6986 
130,8,1.5724 
130,9,0.8536 
131,0,1.8613 
131,1,-0.8846 
131,2,1.3516 
131,3,1.958 
131,4,1.9686 
131,5,1.2357 
131,6,1.9327 
131,7,2.4728 
131,8,-0.0662 
131,9,2.0585 
132,0,-0.5161 
132,1,-1.9002 
132,2,1.9127 
132,3,2.0699 
132,4,1.7577 
132,5,3.0767 
132,6,1.0913 
132,7,1.6089 
132,8,0.0461 
132,9,1.5663 
133,0,1.7546 
133,1,0.3586 
133,2,2.402 
133,3,1.5265 
133,4,1.5388 
133,5,1.3675 
133,6,0.2154 
133,7,-0.0404 
133,8,1.9416 
133,9,2.3555 
134,0,0.1342 
134,1,0.7404 
134,2,2.3139 
134,3,1.7872 
134,4,2.0299 
134,5,1.4323 
134,6,2.0557 
134,7,2.2066 
134,8,0.7164 
134,9,1.1607 
135,0,-0.799 
135,1,0.0061 
135,2,3.362 
135,3,1.6729 
135,4,1.3872 
135,5,1.5166 
135,6,3.3273 
135,7,2.8894 
135,8,0.8854 
135,9,2.0047 
136,0,1.0178 
136,1,0.5185 
136,2,3.4605 
136,3,2.9097 
136,4,3.1868 
136,5,4.9946 
136,6,0.6525 
136,7,1.4559 
136,8,3.9283 
136,9,1.2613 
137,0,-0.8048 
137,1,0.2156 
137,2,1.565 
137,3,1.6777 
137,4,1.663 
137,5,0.0484 
137,6,1.2719 
137,7,0.3585 
137,8,2.6877 
137,9,3.2582 
138,0,-0.6684 
138,1,0.039 
138,2,1.9377 
138,3,1.6425 
138,4,1.9411 
138,5,0.5811 
138,6,1.3468 
138,7,0.4211 
138,8,1.772 
138,9,0.6583 
139,0,0.4207 
139,1,1.6654 
139,2,2.6636 
139,3,2.7328 
139,4,1.803 
139,5,0.6586 
139,6,1.5165 
139,7,1.1321 
139,8,0.4792 
139,9,1.6496 
140,0,1.9452 
140,1,-0.2135 
140,2,1.9352 
140,3,0.9495 
140,4,0.6251 
140,5,1.9008 
140,6,2.5696 
140,7,2.8007 
140,8,0.0198 
140,9,0.7944 
141,0,0.8647 
141,1,0.3675 
141,2,3.721 
141,3,2.6953 
141,4,0.6808 
141,5,1.7293 
141,6,2.609 
141,7,1.8309 
141,8,1.3201 
141,9,2.2207 
142,0,0.5069 
142,1,-0.1138 
142,2,1.8763 
142,3,3.0002 
142,4,3.5883 
142,5,2.5801 
142,6,1.5506 
142,7,1.0528 
142,8,0.7802 
142,9,2.0252 
143,0,0.8817 
143,1,-2.2272 
143,2,1.6192 
143,3,2.7754 
143,4,1.122 
143,5,1.2546 
143,6,0.269 
143,7,2.5282 
143,8,1.0439 
143,9,1.3725 
144,0,-0.4774 
144,1,-0.8815 
144,2,0.9 
144,3,0.2068 
144,4,0.9171 
144,5,1.5272 
144,6,2.5488 
144,7,3.15 
144,8,1.0246 
144,9,1.5971 
145,0,-0.6287 
145,1,0.44 
145,2,1.609 
145,3,2.3773 
145,4,1.9082 
145,5,0.9767 
145,6,2.209 
145,7,2.4931 
145,8,0.0542 
145,9,3.0337 
146,0,-0.7705 
146,1,-0.9092 
146,2,1.225 
146,3,2.0996 
146,4,0.1664 
146,5,-0.1229 
146,6,2.1468 
146,7,-0.0255 
146,8,2.4382 
146,9,0.9192 
147,0,0.7964 
147,1,-0.319 
147,2,1.7836 
147,3,0.2631 
147,4,0.3869 
147,5,3.0735 
147,6,-0.3651 
147,7,2.8957 
147,8,1.057 
147,9,3.4737 
148,0,0.1331 
148,1,-0.1408 
148,2,3.6365 
148,3,1.9927 
148,4,2.6587 
148,5,3.6129 
148,6,1.8771 
148,7,2.2885 
148,8,3.254 
148,9,1.4057 
149,0,0.6159 
149,1,2.1065 
149,2,3.5341 
149,3,2.0406 
149,4,1.7884 
149,5,3.0578 
149,6,-0.5452 
149,7,0.3608 
149,8,2.6629 
149,9,1.6346 
150,0,1.1009 
150,1,-0.9614 
150,2,3.3899 
150,3,3.2915 
150,4,3.0187 
150,5,2.5167 
150,6,2.8187 
150,7,2.191 
150,8,1.6761 
150,9,2.9663 
151,0,1.1911 
151,1,-2.0203 
151,2,2.6396 
151,3,3.466 
151,4,1.9685 
151,5,1.0038 
151,6,2.9069 
151,7,1.6343 
151,8,2.3509 
151,9,2.3914 
152,0,2.4689 
152,1,0.8134 
152,2,1.1184 
152,3,0.6237 
152,4,3.0662 
152,5,0.7334 
152,6,0.6006 
152,7,2.681 
152,8,1.9177 
152,9,2.6615 
153,0,-0.4076 
153,1,0.513 
153,2,3.6803 
153,3,2.4455 
153,4,1.0029 
153,5,2.6323 
153,6,2.2725 
153,7,5.0998 
153,8,1.0822 
153,9,1.0532 
154,0,-0.6233 
154,1,1.8944 
154,2,3.5203 
154,3,-0.0326 
154,4,2.0586 
154,5,1.6499 
154,6,2.1619 
154,7,2.4535 
154,8,2.0317 
154,9,1.3493 
155,0,0.6157 
155,1,2.4951 
155,2,3.2074 
155,3,-0.4116 
155,4,1.0608 
155,5,1.5293 
155,6,3.4387 
155,7,2.9491 
155,8,0.8651 
155,9,0.8527 
156,0,0.3651 
156,1,0.1406 
156,2,2.7718 
156,3,2.1763 
156,4,2.1369 
156,5,-0.1081 
156,6,1.7364 
156,7,0.5463 
156,8,1.6009 
156,9,1.4837 
157,0,-1.8534 
157,1,1.5075 
157,2,1.3879 
157,3,0.9697 
157,4,1.7442 
157,5,5.3325 
157,6,1.4383 
157,7,0.6099 
157,8,0.8603 
157,9,1.8908 
158,0,0.1493 
158,1,-0.7653 
158,2,1.874 
158,3,3.6759 
158,4,2.6503 
158,5,1.9215 
158,6,2.051 
158,7,1.1295 
158,8,3.4444 
158,9,2.8313 
159,0,0.9445 
159,1,1.294 
159,2,2.2043 
159,3,2.8659 
159,4,1.3528 
159,5,2.2264 
159,6,2.1009 
159,7,3.5896 
159,8,2.8707 
159,9,4.3028 
160,0,-0.6862 
160,1,-0.0656 
160,2,3.0102 
160,3,2.081 
160,4,2.4255 
160,5,0.9939 
160,6,2.6974 
160,7,2.791 
160,8,2.4486 
160,9,0.235 
161,0,-0.9109 
161,1,1.5162 
161,2,0.1161 
161,3,2.1854 
161,4,2.2152 
161,5,2.6331 
161,6,0.5053 
161,7,0.9556 
161,8,2.9243 
161,9,0.7721 
162,0,-1.016 
162,1,-1.3161 
162,2,0.4796 
162,3,1.5834 
162,4,1.7342 
162,5,0.6837 
162,6,1.2165 
162,7,2.385 
162,8,1.3841 
162,9,2.0902 
163,0,1.2988 
163,1,-1.4224 
163,2,3.0064 
163,3,2.1313 
163,4,1.2792 
163,5,1.682 
163,6,1.9533 
163,7,2.8523 
163,8,3.446 
163,9,3.0878 
164,0,-0.1711 
164,1,1.4583 
164,2,1.9133 
164,3,2.5743 
164,4,1.7753 
164,5,1.0683 
164,6,0.5196 
164,7,0.6229 
164,8,2.0348 
164,9,3.5895 
165,0,-0.7685 
165,1,1.0466 
165,2,2.1533 
165,3,-0.9247 
165,4,1.7711 
165,5,2.7224 
165,6,2.4838 
165,7,1.6088 
165,8,1.092 
165,9,3.724 
166,0,0.7737 
166,1,-0.3592 
166,2,1.9438 
166,3,2.2107 
166,4,2.2281 
166,5,2.1984 
166,6,1.7669 
166,7,1.5828 
166,8,2.3885 
166,9,2.0019 
167,0,1.4106 
167,1,1.5953 
167,2,1.9356 
167,3,3.7873 
167,4,1.1521 
167,5,2.5081 
167,6,1.3 
167,7,1.9832 
167,8,3.1574 
167,9,1.0741 
168,0,-0.2023 
168,1,0.3192 
168,2,3.019 
168,3,2.1448 
168,4,1.567 
168,5,1.8108 
168,6,1.2683 
168,7,4.3363 
168,8,4.0036 
168,9,3.3163 
169,0,0.2634 
169,1,-2.1847 
169,2,2.9416 
169,3,1.9057 
169,4,3.0796 
169,5,2.2572 
169,6,3.3177 
169,7,0.4444 
169,8,2.0454 
169,9,1.3317 
170,0,1.2893 
170,1,-1.2763 
170,2,2.2883 
170,3,1.4627 
170,4,0.5602 
170,5,2.4196 
170,6,1.8552 
170,7,1.7158 
170,8,0.5016 
170,9,1.2158 
171,0,1.4306 
171,1,-0.2222 
171,2,1.1564 
171,3,3.1691 
171,4,1.731 
171,5,2.2351 
171,6,1.7818 
171,7,1.9217 
171,8,2.2777 
171,9,2.1452 
172,0,-0.6008 
172,1,0.9081 
172,2,2.8745 
172,3,1.6336 
172,4,1.3275 
172,5,4.1885 
172,6,2.5226 
172,7,3.1203 
172,8,3.1074 
172,9,1.5638 
173,0,-0.7357 
173,1,0.3237 
173,2,0.7018 
173,3,3.071 
173,4,1.9105 
173,5,2.3579 
173,6,1.9608 
173,7,2.7708 
173,8,2.3158 
173,9,3.2117 
174,0,1.0083 
174,1,1.4791 
174,2,0.7414 
174,3,1.9776 
174,4,2.7265 
174,5,2.6911 
174,6,1.867 
174,7,1.9232 
174,8,3.3813 
174,9,2.4924 
175,0,1.6188 
175,1,-0.1851 
175,2,0.6447 
175,3,2.9571 
175,4,2.4186 
175,5,1.6749 
175,6,2.0991 
175,7,0.6526 
175,8,1.5271 
175,9,-0.5937 
176,0,-0.0257 
176,1,-0.0267 
176,2,2.0178 
176,3,2.6779 
176,4,2.9291 
176,5,2.3606 
176,6,3.7415 
176,7,2.4666 
176,8,2.2708 
176,9,0.6007 
177,0,0.1236 
177,1,-0.4514 
177,2,-0.3604 
177,3,2.0643 
177,4,1.1703 
177,5,3.2944 
177,6,2.8042 
177,7,2.6836 
177,8,1.8315 
177,9,2.0279 
178,0,0.2265 
178,1,-0.6313 
178,2,4.5547 
178,3,1.7472 
178,4,3.178 
178,5,0.6415 
178,6,2.125 
178,7,0.5483 
178,8,1.727 
178,9,3.0882 
179,0,0.9582 
179,1,0.7491 
179,2,2.7042 
179,3,1.7685 
179,4,3.4433 
179,5,3.0124 
179,6,2.768 
179,7,3.0882 
179,8,3.1175 
179,9,2.6517 
180,0,-0.4603 
180,1,-0.1072 
180,2,2.7589 
180,3,-0.1491 
180,4,2.1482 
180,5,2.5123 
180,6,2.7666 
180,7,2.1586 
180,8,0.9542 
180,9,2.2029 
181,0,0.3183 
181,1,0.5406 
181,2,2.3318 
181,3,1.8242 
181,4,4.1318 
181,5,0.6842 
181,6,2.8615 
181,7,1.2909 
181,8,0.0366 
181,9,1.6122 
182,0,-0.4891 
182,1,1.0853 
182,2,2.2162 
182,3,2.2729 
182,4,3.5177 
182,5,0.6415 
182,6,2.6883 
182,7,3.8812 
182,8,2.3644 
182,9,3.3295 
183,0,-1.4849 
183,1,0.2429 
183,2,2.6952 
183,3,0.8996 
183,4,2.5814 
183,5,2.9684 
183,6,1.1362 
183,7,0.352 
183,8,2.112 
183,9,2.0353 
184,0,0.2328 
184,1,-0.0543 
184,2,-0.2605 
184,3,3.4566 
184,4,1.525 
184,5,1.7591 
184,6,0.8554 
184,7,2.4665 
184,8,2.3047 
184,9,2.4198 
185,0,-0.543 
185,1,-0.4315 
185,2,2.3327 
185,3,1.7587 
185,4,2.1871 
185,5,1.8686 
185,6,1.6008 
185,7,3.1146 
185,8,2.6914 
185,9,2.1843 
186,0,1.3945 
186,1,-1.0325 
186,2,0.2867 
186,3,0.341 
186,4,1.5176 
186,5,1.883 
186,6,1.6962 
186,7,2.068 
186,8,1.7836 
186,9,2.4143 
187,0,-0.6128 
187,1,1.9161 
187,2,0.8576 
187,3,1.6082 
187,4,1.8336 
187,5,2.731 
187,6,2.4594 
187,7,2.9539 
187,8,2.473 
187,9,1.9189 
188,0,-2.0953 
188,1,1.6948 
188,2,1.3176 
188,3,3.2942 
188,4,0.4901 
188,5,1.8242 
188,6,1.0148 
188,7,3.1981 
188,8,1.486 
188,9,2.0996 
189,0,-0.6616 
189,1,-1.444 
189,2,3.5333 
189,3,1.7808 
189,4,1.4307 
189,5,3.1616 
189,6,2.4223 
189,7,1.2572 
189,8,1.3467 
189,9,1.3508 
190,0,1.1709 
190,1,-1.4403 
190,2,1.5868 
190,3,1.8713 
190,4,0.9541 
190,5,1.3303 
190,6,1.37 
190,7,0.7895 
190,8,1.6237 
190,9,0.8746 
191,0,1.0152 
191,1,-1.2469 
191,2,2.2759 
191,3,0.5566 
191,4,3.1718 
191,5,1.5104 
191,6,3.1508 
191,7,1.4623 
191,8,1.0635 
191,9,0.8163 
192,0,1.0457 
192,1,-0.9068 
192,2,1.2786 
192,3,0.9845 
192,4,2.4709 
192,5,1.3362 
192,6,3.3234 
192,7,3.0434 
192,8,1.1124 
192,9,0.6622 
193,0,0.5476 
193,1,0.3882 
193,2,1.7326 
193,3,0.0549 
193,4,3.3341 
193,5,1.6963 
193,6,2.7961 
193,7,2.5096 
193,8,2.343 
193,9,1.3871 
194,0,0.245 
194,1,-0.0001 
194,2,2.408 
194,3,1.3199 
194,4,1.2015 
194,5,-0.1281 
194,6,3.1897 
194,7,1.3815 
194,8,3.0862 
194,9,1.726 
195,0,0.6261 
195,1,1.0625 
195,2,1.8635 
195,3,1.7392 
195,4,1.8509 
195,5,2.3602 
195,6,1.4343 
195,7,0.6301 
195,8,1.8157 
195,9,1.9396 
196,0,0.1898 
196,1,2.1529 
196,2,1.2288 
196,3,1.8607 
196,4,1.264 
196,5,1.5992 
196,6,1.4753 
196,7,1.0985 
196,8,1.3455 
196,9,2.0953 
197,0,0.2523 
197,1,-0.1965 
197,2,3.1414 
197,3,2.981 
197,4,2.2611 
197,5,1.5453 
197,6,1.3096 
197,7,3.2521 
197,8,1.1401 
197,9,2.0589 
198,0,1.2847 
198,1,0.5773 
198,2,0.3913 
198,3,2.2488 
198,4,3.1377 
198,5,0.6731 
198,6,2.7599 
198,7,2.1392 
198,8,2.1491 
198,9,2.0181 
199,0,1.533 
199,1,1.4196 
199,2,0.2175 
199,3,2.0584 
199,4,2.9552 
199,5,3.8666 
199,6,1.7255 
199,7,3.2985 
199,8,1.5449 
199,9,1.8293 
200,0,0.1113 
200,1,1.4396 
200,2,3.8536 
200,3,1.1291 
200,4,3.5949 
200,5,0.9833 
200,6,0.5211 
200,7,1.9723 
200,8,1.6007 
200,9,1.3441 
201,0,0.0415 
201,1,-0.9298 
201,2,0.5754 
201,3,1.7098 
201,4,2.619 
201,5,2.9503 
201,6,0.4551 
201,7,3.2931 
201,8,0.2301 
201,9,2.9105 
202,0,-1.0699 
202,1,0.8881 
202,2,1.63 
202,3,1.7169 
202,4,3.885 
202,5,0.946 
202,6,1.883 
202,7,0.697 
202,8,3.6171 
202,9,3.3103 
203,0,-0.2948 
203,1,-0.8493 
203,2,0.1511 
203,3,1.6586 
203,4,2.3039 
203,5,-1.6325 
203,6,1.6794 
203,7,2.8876 
203,8,3.1681 
203,9,3.26 
204,0,-0.622 
204,1,0.5504 
204,2,2.3511 
204,3,1.5063 
204,4,2.1235 
204,5,0.7331 
204,6,0.6339 
204,7,2.8211 
204,8,3.2036 
204,9,1.3065 
205,0,0.4036 
205,1,0.8291 
205,2,1.9955 
205,3,2.8637 
205,4,1.8824 
205,5,2.9136 
205,6,2.3161 
205,7,1.2671 
205,8,1.1478 
205,9,1.8187 
206,0,-0.0817 
206,1,0.2942 
206,2,1.4743 
206,3,1.965 
206,4,1.9069 
206,5,1.3654 
206,6,2.78 
206,7,1.423 
206,8,4.1959 
206,9,3.1215 
207,0,1.7254 
207,1,0.8085 
207,2,-0.5693 
207,3,2.2373 
207,4,3.1432 
207,5,-0.2898 
207,6,3.5025 
207,7,2.2231 
207,8,1.0879 
207,9,2.7623 
208,0,-0.4579 
208,1,0.347 
208,2,2.4463 
208,3,3.6329 
208,4,1.6369 
208,5,2.2091 
208,6,1.2158 
208,7,1.4928 
208,8,0.9371 
208,9,1.3698 
209,0,-1.4323 
209,1,0.2531 
209,2,0.9477 
209,3,2.5062 
209,4,0.5571 
209,5,1.5486 
209,6,0.4939 
209,7,1.7914 
209,8,3.0691 
209,9,0.8683 
210,0,-1.5458 
210,1,1.4994 
210,2,2.8746 
210,3,2.5049 
210,4,2.958 
210,5,1.4949 
210,6,2.831 
210,7,0.3537 
210,8,3.3341 
210,9,1.1457 
211,0,-1.7302 
211,1,1.5778 
211,2,-0.2158 
211,3,3.2752 
211,4,4.2208 
211,5,2.1002 
211,6,0.0436 
211,7,0.4439 
211,8,4.0546 
211,9,0.5809 
212,0,-0.3117 
212,1,-0.0431 
212,2,0.3559 
212,3,2.7251 
212,4,0.0799 
212,5,1.9127 
212,6,3.0597 
212,7,2.4739 
212,8,0.0942 
212,9,3.6857 
213,0,0.7238 
213,1,0.5537 
213,2,2.8371 
213,3,2.8416 
213,4,1.9371 
213,5,0.7147 
213,6,1.5979 
213,7,2.9657 
213,8,-0.0915 
213,9,1.0454 
214,0,-0.6387 
214,1,-0.0518 
214,2,2.8829 
214,3,2.4101 
214,4,4.6545 
214,5,2.7913 
214,6,2.8108 
214,7,2.7575 
214,8,1.9712 
214,9,2.2275 
215,0,1.005 
215,1,1.7942 
215,2,2.8476 
215,3,2.4598 
215,4,1.1512 
215,5,1.9071 
215,6,0.7349 
215,7,1.9168 
215,8,2.4379 
215,9,3.3532 
216,0,0.4907 
216,1,-0.1651 
216,2,3.2024 
216,3,2.7929 
216,4,2.4584 
216,5,2.844 
216,6,2.571 
216,7,2.9692 
216,8,2.0467 
216,9,1.1054 
217,0,0.7145 
217,1,1.5829 
217,2,2.8593 
217,3,1.9473 
217,4,1.6927 
217,5,-0.624 
217,6,0.3736 
217,7,3.4833 
217,8,4.1941 
217,9,2.2425 
218,0,-0.0042 
218,1,0.6659 
218,2,2.0091 
218,3,2.7742 
218,4,-0.537 
218,5,2.3928 
218,6,1.4916 
218,7,3.2162 
218,8,1.9241 
218,9,3.8133 
219,0,1.0406 
219,1,0.0578 
219,2,2.7596 
219,3,2.5945 
219,4,2.894 
219,5,3.6269 
219,6,1.6457 
219,7,1.3209 
219,8,3.344 
219,9,1.5525 
220,0,-0.7291 
220,1,-0.0933 
220,2,3.4866 
220,3,2.9198 
220,4,1.6131 
220,5,2.9714 
220,6,3.0717 
220,7,4.1225 
220,8,2.9549 
220,9,1.0698 
221,0,0.5171 
221,1,0.2723 
221,2,3.9758 
221,3,0.8588 
221,4,0.7195 
221,5,2.1337 
221,6,0.9858 
221,7,2.3252 
221,8,1.7018 
221,9,1.119 
222,0,-0.5871 
222,1,-0.5105 
222,2,0.7557 
222,3,1.8593 
222,4,0.1791 
222,5,1.6536 
222,6,0.9526 
222,7,1.4565 
222,8,1.4375 
222,9,1.3848 
223,0,-0.8295 
223,1,-0.6848 
223,2,1.7989 
223,3,1.0778 
223,4,2.6167 
223,5,1.9277 
223,6,2.3699 
223,7,2.2888 
223,8,1.7393 
223,9,3.0216 
224,0,1.0144 
224,1,-0.1547 
224,2,0.686 
224,3,1.7567 
224,4,1.8606 
224,5,1.4814 
224,6,3.2056 
224,7,2.1093 
224,8,4.4335 
224,9,2.7782 
225,0,-0.0431 
225,1,0.2748 
225,2,2.1059 
225,3,2.8467 
225,4,2.7092 
225,5,2.3115 
225,6,1.5753 
225,7,2.3525 
225,8,1.4607 
225,9,2.0289 
226,0,-0.4029 
226,1,-0.1336 
226,2,2.1379 
226,3,2.7057 
226,4,1.7853 
226,5,2.1191 
226,6,2.5838 
226,7,2.8682 
226,8,3.2764 
226,9,0.0748 
227,0,-1.7957 
227,1,-0.8134 
227,2,2.2115 
227,3,1.8571 
227,4,-0.3349 
227,5,1.866 
227,6,2.4884 
227,7,2.7756 
227,8,2.4954 
227,9,1.1743 
228,0,-0.9189 
228,1,-0.213 
228,2,2.4146 
228,3,3.6012 
228,4,-0.4851 
228,5,1.5499 
228,6,2.3165 
228,7,0.0651 
228,8,2.4816 
228,9,1.8629 
229,0,1.98 
229,1,0.5167 
229,2,1.2636 
229,3,1.3024 
229,4,2.8922 
229,5,2.1369 
229,6,2.0065 
229,7,2.852 
229,8,2.7323 
229,9,2.6693 
230,0,1.1601 
230,1,-0.8061 
230,2,0.9202 
230,3,2.4694 
230,4,0.3344 
230,5,2.0457 
230,6,2.7899 
230,7,1.5525 
230,8,0.981 
230,9,1.5229 
231,0,-1.1881 
231,1,0.3327 
231,2,1.6982 
231,3,2.8056 
231,4,1.4634 
231,5,1.5962 
231,6,2.4161 
231,7,1.5098 
231,8,2.3831 
231,9,2.1672 
232,0,0.5183 
232,1,-0.1414 
232,2,1.1732 
232,3,0.3519 
232,4,2.4212 
232,5,2.0529 
232,6,-1.006 
232,7,2.0146 
232,8,1.7102 
232,9,2.4116 
233,0,1.4969 
233,1,-1.4023 
233,2,3.5092 
233,3,1.7732 
233,4,-0.1879 
233,5,2.5314 
233,6,2.8345 
233,7,1.1843 
233,8,1.4309 
233,9,3.4693 
234,0,1.1718 
234,1,-0.9777 
234,2,1.594 
234,3,3.7322 
234,4,1.8964 
234,5,0.4606 
234,6,1.7723 
234,7,1.9739 
234,8,2.807 
234,9,2.3295 
235,0,1.2308 
235,1,-0.4753 
235,2,2.4656 
235,3,0.1885 
235,4,1.6697 
235,5,1.7884 
235,6,0.8351 
235,7,0.8337 
235,8,0.6813 
235,9,3.2553 
236,0,-1.7306 
236,1,-0.5361 
236,2,1.6409 
236,3,0.6545 
236,4,1.3851 
236,5,3.3497 
236,6,2.1914 
236,7,2.0928 
236,8,2.1636 
236,9,0.7532 
237,0,0.6123 
237,1,-0.1946 
237,2,0.2469 
237,3,0.6723 
237,4,2.0871 
237,5,2.2861 
237,6,3.3946 
237,7,1.3229 
237,8,1.4296 
237,9,3.4417 
238,0,1.8447 
238,1,0.4695 
238,2,1.2507 
238,3,1.9751 
238,4,2.1617 
238,5,2.5122 
238,6,2.8169 
238,7,2.5572 
238,8,1.6805 
238,9,2.2399 
239,0,-0.4646 
239,1,-0.2095 
239,2,2.7556 
239,3,2.6083 
239,4,2.1292 
239,5,2.307 
239,6,0.7268 
239,7,2.5671 
239,8,2.0379 
239,9,1.4095 
240,0,0.5684 
240,1,-0.5268 
240,2,2.0102 
240,3,1.0107 
240,4,2.0789 
240,5,3.2215 
240,6,1.3887 
240,7,2.4464 
240,8,1.3255 
240,9,2.4097 
241,0,-2.2229 
241,1,1.5085 
241,2,2.5442 
241,3,3.3979 
241,4,2.0466 
241,5,2.1785 
241,6,3.0605 
241,7,3.3125 
241,8,1.4033 
241,9,2.1016 
242,0,-0.1915 
242,1,0.0031 
242,2,1.4694 
242,3,2.9414 
242,4,1.4191 
242,5,1.7937 
242,6,3.1371 
242,7,2.7217 
242,8,1.7833 
242,9,2.6903 
243,0,0.2364 
243,1,0.5661 
243,2,2.8421 
243,3,1.5603 
243,4,2.0367 
243,5,1.5961 
243,6,2.0943 
243,7,2.2433 
243,8,3.0359 
243,9,4.2987 
244,0,-0.8778 
244,1,0.0577 
244,2,2.7252 
244,3,0.8088 
244,4,1.5756 
244,5,2.3437 
244,6,3.7082 
244,7,0.9557 
244,8,3.56 
244,9,2.7811 
245,0,0.9793 
245,1,-0.4279 
245,2,2.2528 
245,3,-0.1092 
245,4,2.5428 
245,5,1.5449 
245,6,0.8581 
245,7,0.3698 
245,8,1.8934 
245,9,4.062 
246,0,0.1648 
246,1,2.0925 
246,2,1.2282 
246,3,0.691 
246,4,2.6574 
246,5,3.0449 
246,6,2.0764 
246,7,0.8529 
246,8,3.6067 
246,9,1.8221 
247,0,-0.3273 
247,1,1.1801 
247,2,-0.0884 
247,3,1.6484 
247,4,0.3508 
247,5,3.2626 
247,6,2.8129 
247,7,1.0075 
247,8,1.3398 
247,9,0.7047 
248,0,0.8077 
248,1,0.6616 
248,2,3.7731 
248,3,2.7328 
248,4,2.8297 
248,5,1.4817 
248,6,1.2497 
248,7,0.9985 
248,8,1.7034 
248,9,0.6233 
249,0,0.5581 
249,1,-1.074 
249,2,0.7649 
249,3,1.6321 
249,4,1.3618 
249,5,3.445 
249,6,2.0229 
249,7,1.4119 
249,8,3.5466 
249,9,3.3121 
250,0,1.5656 
250,1,-1.7809 
250,2,2.3074 
250,3,0.6251 
250,4,0.9274 
250,5,2.1201 
250,6,0.8744 
250,7,2.9552 
250,8,2.9358 
250,9,1.9478 
251,0,2.37 
251,1,1.3111 
251,2,4.1834 
251,3,4.0477 
251,4,2.3286 
251,5,2.6535 
251,6,2.4533 
251,7,0.1485 
251,8,2.5541 
251,9,2.8336 
252,0,1.3404 
252,1,1.2266 
252,2,2.7128 
252,3,2.1879 
252,4,1.2973 
252,5,2.3196 
252,6,1.6389 
252,7,1.3959 
252,8,1.9396 
252,9,2.523 
253,0,0.0851 
253,1,2.4039 
253,2,2.7432 
253,3,1.7112 
253,4,1.8311 
253,5,3.0004 
253,6,1.3485 
253,7,1.6547 
253,8,2.6172 
253,9,2.1361 
254,0,-0.1522 
254,1,-0.1214 
254,2,2.0224 
254,3,2.9898 
254,4,1.8111 
254,5,2.7306 
254,6,1.5661 
254,7,1.8196 
254,8,1.6203 
254,9,2.8913 
255,0,1.424 
255,1,-1.119 
255,2,1.6839 
255,3,1.08 
255,4,2.5918 
255,5,1.1369 
255,6,2.7333 
255,7,0.6741 
255,8,1.9343 
255,9,1.903 
256,0,-1.006 
256,1,0.9935 
256,2,3.0334 
256,3,2.0321 
256,4,1.4737 
256,5,2.6295 
256,6,0.9498 
256,7,1.9721 
256,8,1.32 
256,9,2.9166 
257,0,-0.5629 
257,1,2.0917 
257,2,2.5948 
257,3,0.6051 
257,4,2.7834 
257,5,1.8371 
257,6,2.0102 
257,7,1.7816 
257,8,1.1856 
257,9,3.5589 
258,0,-0.6946 
258,1,-0.0224 
258,2,1.5325 
258,3,1.6315 
258,4,1.1284 
258,5,2.749 
258,6,2.0282 
258,7,0.6721 
258,8,0.7398 
258,9,1.945 
259,0,1.2391 
259,1,-0.6115 
259,2,2.2239 
259,3,0.105 
259,4,1.8308 
259,5,1.7797 
259,6,1.2856 
259,7,2.3388 
259,8,3.5905 
259,9,1.3682 
260,0,-0.465 
260,1,-1.1799 
260,2,2.6511 
260,3,2.5856 
260,4,1.979 
260,5,1.9216 
260,6,2.3921 
260,7,1.3419 
260,8,2.5754 
260,9,1.2312 
261,0,0.6981 
261,1,0.2301 
261,2,0.0937 
261,3,0.8077 
261,4,1.9532 
261,5,0.2989 
261,6,-0.5207 
261,7,1.0472 
261,8,2.3363 
261,9,3.0894 
262,0,-1.8127 
262,1,1.1142 
262,2,2.267 
262,3,1.4103 
262,4,2.4154 
262,5,0.9767 
262,6,0.9055 
262,7,1.8696 
262,8,2.7488 
262,9,0.7766 
263,0,-1.5792 
263,1,-1.0574 
263,2,1.7307 
263,3,0.1975 
263,4,1.5611 
263,5,3.0382 
263,6,1.5714 
263,7,1.6096 
263,8,3.2178 
263,9,3.1177 
264,0,0.8087 
264,1,-1.0615 
264,2,3.094 
264,3,1.76 
264,4,3.3101 
264,5,1.3205 
264,6,0.8421 
264,7,1.5661 
264,8,1.2364 
264,9,2.0804 
265,0,1.1942 
265,1,-0.0309 
265,2,1.0674 
265,3,2.1441 
265,4,1.2323 
265,5,4.0672 
265,6,2.0248 
265,7,3.2564 
265,8,1.5537 
265,9,-0.1173 
266,0,-2.3993 
266,1,-0.6282 
266,2,2.1195 
266,3,1.8231 
266,4,2.7658 
266,5,3.0078 
266,6,0.9528 
266,7,1.9935 
266,8,2.7358 
266,9,2.8897 
267,0,-0.9053 
267,1,0.8598 
267,2,1.2158 
267,3,2.2215 
267,4,2.446 
267,5,1.6094 
267,6,1.8362 
267,7,0.9836 
267,8,-0.3294 
267,9,4.1066 
268,0,-2.0202 
268,1,-0.7388 
268,2,3.5864 
268,3,4.0347 
268,4,0.6434 
268,5,2.7046 
268,6,2.7206 
268,7,4.5612 
268,8,1.0126 
268,9,1.8671 
269,0,0.0546 
269,1,0.2088 
269,2,2.7294 
269,3,3.7547 
269,4,3.5588 
269,5,1.4268 
269,6,-0.3109 
269,7,1.6291 
269,8,1.8489 
269,9,0.9112 
270,0,1.3089 
270,1,0.6803 
270,2,0.1883 
270,3,2.2758 
270,4,0.9859 
270,5,2.5754 
270,6,3.1578 
270,7,2.5626 
270,8,2.0143 
270,9,1.7673 
271,0,0.2815 
271,1,0.6276 
271,2,2.164 
271,3,2.4472 
271,4,2.2252 
271,5,2.9504 
271,6,1.9463 
271,7,1.7888 
271,8,1.1091 
271,9,2.6078 
272,0,0.1199 
272,1,-0.4616 
272,2,0.9142 
272,3,1.4861 
272,4,2.8871 
272,5,1.084 
272,6,0.8963 
272,7,1.1174 
272,8,1.1186 
272,9,0.9927 
273,0,0.9216 
273,1,1.324 
273,2,3.0611 
273,3,1.0853 
273,4,1.6517 
273,5,1.0859 
273,6,2.3881 
273,7,2.3779 
273,8,1.4452 
273,9,1.6993 
274,0,-1.5207 
274,1,-0.2542 
274,2,2.6744 
274,3,3.1812 
274,4,0.2319 
274,5,2.6249 
274,6,0.0239 
274,7,3.4448 
274,8,3.7993 
274,9,1.2087 
275,0,0.4096 
275,1,-1.1108 
275,2,2.2393 
275,3,2.4717 
275,4,1.2795 
275,5,2.5097 
275,6,0.4506 
275,7,2.0856 
275,8,1.9489 
275,9,1.7003 
276,0,0.3538 
276,1,-1.5013 
276,2,1.6246 
276,3,3.5906 
276,4,1.072 
276,5,1.3627 
276,6,1.2991 
276,7,2.7595 
276,8,1.1183 
276,9,1.0042 
277,0,1.27 
277,1,0.5951 
277,2,0.5153 
277,3,0.547 
277,4,0.8996 
277,5,3.0033 
277,6,3.1187 
277,7,3.0636 
277,8,2.1665 
277,9,0.3556 
278,0,0.7697 
278,1,0.944 
278,2,0.6871 
278,3,4.0638 
278,4,1.4558 
278,5,1.0429 
278,6,1.7356 
278,7,3.2167 
278,8,3.2246 
278,9,2.6557 
279,0,0.0896 
279,1,-0.6955 
279,2,2.4501 
279,3,2.108 
279,4,3.3259 
279,5,1.7959 
279,6,2.8669 
279,7,1.5989 
279,8,2.5243 
279,9,-0.0981 
280,0,1.4176 
280,1,0.0548 
280,2,1.6647 
280,3,2.9456 
280,4,1.5784 
280,5,3.5292 
280,6,-0.353 
280,7,2.3704 
280,8,2.4322 
280,9,1.3217 
281,0,1.1862 
281,1,1.7629 
281,2,1.9721 
281,3,1.6447 
281,4,1.7573 
281,5,1.4741 
281,6,1.8688 
281,7,0.5924 
281,8,0.1338 
281,9,2.7679 
282,0,-0.0529 
282,1,-1.6698 
282,2,3.0444 
282,3,1.5083 
282,4,0.6254 
282,5,2.0956 
282,6,0.68 
282,7,2.2738 
282,8,0.8551 
282,9,1.3598 
283,0,-1.3894 
283,1,0.2994 
283,2,3.1195 
283,3,2.0537 
283,4,2.1744 
283,5,0.9893 
283,6,1.0104 
283,7,2.8602 
283,8,2.237 
283,9,2.3245 
284,0,1.0797 
284,1,0.9374 
284,2,2.0376 
284,3,1.3573 
284,4,1.4249 
284,5,2.5881 
284,6,1.4365 
284,7,4.1738 
284,8,4.7678 
284,9,2.3873 
285,0,-0.1768 
285,1,0.0726 
285,2,1.1395 
285,3,1.1851 
285,4,2.9728 
285,5,2.7188 
285,6,1.7216 
285,7,2.2879 
285,8,2.045 
285,9,1.9433 
286,0,1.3536 
286,1,-1.1722 
286,2,2.4087 
286,3,2.1168 
286,4,2.6658 
286,5,1.6935 
286,6,2.2535 
286,7,2.3012 
286,8,2.1638 
286,9,1.6417 
287,0,0.2351 
287,1,-0.0227 
287,2,1.7358 
287,3,2.3749 
287,4,1.9327 
287,5,2.444 
287,6,3.366 
287,7,1.8184 
287,8,2.9976 
287,9,-0.9221 
288,0,-0.7386 
288,1,0.6266 
288,2,2.3089 
288,3,1.3853 
288,4,-0.1397 
288,5,2.1177 
288,6,2.5319 
288,7,2.5536 
288,8,2.3713 
288,9,1.2231 
289,0,-0.9478 
289,1,-0.3088 
289,2,2.834 
289,3,1.3497 
289,4,-0.1609 
289,5,0.6517 
289,6,1.137 
289,7,1.0067 
289,8,2.4938 
289,9,1.9748 
290,0,2.4016 
290,1,0.7912 
290,2,3.2762 
290,3,0.7717 
290,4,0.2767 
290,5,2.3014 
290,6,1.8601 
290,7,0.4912 
290,8,1.7154 
290,9,3.6771 
291,0,-1.8027 
291,1,1.7883 
291,2,2.4175 
291,3,1.076 
291,4,4.3068 
291,5,1.5248 
291,6,2.4775 
291,7,0.0902 
291,8,2.0677 
291,9,0.8996 
292,0,-1.5632 
292,1,-2.0694 
292,2,1.5697 
292,3,3.0919 
292,4,2.6484 
292,5,1.7353 
292,6,1.9159 
292,7,1.0599 
292,8,0.951 
292,9,3.0825 
293,0,1.2676 
293,1,0.4746 
293,2,2.9283 
293,3,3.5312 
293,4,1.9559 
293,5,2.188 
293,6,1.7649 
293,7,3.8941 
293,8,2.1327 
293,9,1.3509 
294,0,-0.1267 
294,1,-0.7804 
294,2,3.6962 
294,3,1.5738 
294,4,1.4662 
294,5,2.5789 
294,6,3.7762 
294,7,2.6606 
294,8,0.5474 
294,9,1.6639 
295,0,0.1158 
295,1,-1.723 
295,2,1.804 
295,3,2.9666 
295,4,-0.838 
295,5,1.176 
295,6,2.9349 
295,7,3.6865 
295,8,2.4108 
295,9,2.5846 
296,0,-1.7975 
296,1,-1.3044 
296,2,1.468 
296,3,2.7922 
296,4,1.5702 
296,5,1.1631 
296,6,0.5016 
296,7,2.2842 
296,8,1.9185 
296,9,2.4223 
297,0,0.7234 
297,1,0.242 
297,2,2.5271 
297,3,2.6772 
297,4,1.8705 
297,5,1.6923 
297,6,3.7328 
297,7,1.6378 
297,8,2.5145 
297,9,2.96 
298,0,-0.3894 
298,1,0.0858 
298,2,1.8995 
298,3,1.455 
298,4,1.1956 
298,5,-0.4363 
298,6,3.0806 
298,7,1.7137 
298,8,2.1612 
298,9,1.3891 
299,0,0.5303 
299,1,1.5776 
299,2,2.6827 
299,3,2.9552 
299,4,1.52 
299,5,2.6203 
299,6,1.7963 
299,7,1.3694 
299,8,1.6265 
299,9,0.1608 
300,0,-0.3414 
300,1,-0.2749 
300,2,1.3506 
300,3,1.4319 
300,4,0.3531 
300,5,2.5784 
300,6,2.3661 
300,7,2.0945 
300,8,1.9402 
300,9,1.4295 
301,0,1.2143 
301,1,1.1521 
301,2,1.7874 
301,3,2.5305 
301,4,0.5938 
301,5,0.6268 
301,6,2.0954 
301,7,-0.9634 
301,8,2.5424 
301,9,3.2328 
302,0,-1.4395 
302,1,0.4889 
302,2,0.2221 
302,3,2.6552 
302,4,2.178 
302,5,2.3416 
302,6,1.112 
302,7,3.3954 
302,8,1.7548 
302,9,2.1731 
303,0,0.7439 
303,1,1.0749 
303,2,2.2549 
303,3,1.9703 
303,4,1.2074 
303,5,2.8927 
303,6,1.2936 
303,7,0.6846 
303,8,1.1418 
303,9,3.0958 
304,0,-0.3695 
304,1,1.0056 
304,2,1.2335 
304,3,1.1391 
304,4,1.059 
304,5,3.0529 
304,6,1.6375 
304,7,1.5391 
304,8,2.4042 
304,9,3.5468 
305,0,0.6468 
305,1,-0.0141 
305,2,2.1248 
305,3,2.9496 
305,4,1.321 
305,5,1.5378 
305,6,1.1982 
305,7,3.3328 
305,8,0.008 
305,9,1.1828 
306,0,-0.4261 
306,1,0.9613 
306,2,2.7185 
306,3,1.6236 
306,4,2.0991 
306,5,0.3943 
306,6,2.991 
306,7,2.2978 
306,8,0.8953 
306,9,2.2062 
307,0,1.0434 
307,1,-0.617 
307,2,2.1119 
307,3,4.6147 
307,4,-0.1222 
307,5,1.0208 
307,6,2.4906 
307,7,2.6195 
307,8,2.2042 
307,9,2.1674 
308,0,1.3524 
308,1,0.3792 
308,2,1.2105 
308,3,3.0965 
308,4,0.4612 
308,5,2.9576 
308,6,1.5838 
308,7,1.4275 
308,8,3.1729 
308,9,0.7312 
309,0,-0.3026 
309,1,0.4586 
309,2,1.8283 
309,3,1.2751 
309,4,3.7939 
309,5,3.5081 
309,6,2.8108 
309,7,2.7942 
309,8,2.171 
309,9,2.3095 
310,0,0.3109 
310,1,0.0546 
310,2,2.9687 
310,3,1.0126 
310,4,1.7609 
310,5,0.7272 
310,6,1.5593 
310,7,1.8204 
310,8,3.6136 
310,9,2.4923 
311,0,-0.5226 
311,1,-0.5975 
311,2,1.0495 
311,3,1.7023 
311,4,1.2727 
311,5,2.978 
311,6,4.11 
311,7,3.7092 
311,8,3.4555 
311,9,3.6052 
312,0,-1.5944 
312,1,1.9267 
312,2,0.1835 
312,3,2.2992 
312,4,-0.4226 
312,5,2.8705 
312,6,2.6016 
312,7,3.8512 
312,8,1.9158 
312,9,2.4849 
313,0,0.7392 
313,1,-1.0599 
313,2,3.3118 
313,3,2.2522 
313,4,3.2566 
313,5,1.2403 
313,6,1.3609 
313,7,2.0412 
313,8,2.155 
313,9,0.028 
314,0,1.2457 
314,1,-0.9914 
314,2,1.8332 
314,3,2.4961 
314,4,3.5087 
314,5,1.4197 
314,6,1.0562 
314,7,2.645 
314,8,1.729 
314,9,2.1764 
315,0,-2.1058 
315,1,-0.6145 
315,2,3.3739 
315,3,2.9998 
315,4,1.4914 
315,5,1.9745 
315,6,0.7663 
315,7,2.1063 
315,8,2.7856 
315,9,2.5271 
316,0,-1.0796 
316,1,-0.3563 
316,2,1.4121 
316,3,3.6755 
316,4,1.7137 
316,5,3.5305 
316,6,1.7842 
316,7,2.803 
316,8,2.8499 
316,9,1.9673 
317,0,-1.0749 
317,1,-0.6783 
317,2,2.2668 
317,3,1.3933 
317,4,3.0299 
317,5,-0.5609 
317,6,3.9442 
317,7,2.0062 
317,8,1.7576 
317,9,2.1126 
318,0,1.5374 
318,1,0.6563 
318,2,2.3996 
318,3,4.2381 
318,4,3.5231 
318,5,1.889 
318,6,1.1759 
318,7,0.9909 
318,8,3.3592 
318,9,1.3749 
319,0,-0.8492 
319,1,-0.9781 
319,2,2.8758 
319,3,1.2281 
319,4,4.1602 
319,5,2.6073 
319,6,1.847 
319,7,0.7278 
319,8,0.9587 
319,9,1.8923 
320,0,-1.3434 
320,1,0.1318 
320,2,0.7627 
320,3,3.4297 
320,4,1.7481 
320,5,2.8986 
320,6,2.5657 
320,7,1.6101 
320,8,1.9403 
320,9,1.2993 
321,0,-0.4454 
321,1,-1.3692 
321,2,1.3855 
321,3,1.9799 
321,4,4.7206 
321,5,0.7239 
321,6,2.1621 
321,7,4.2962 
321,8,3.0755 
321,9,2.0176 
322,0,-0.1922 
322,1,-0.5949 
322,2,2.432 
322,3,1.816 
322,4,1.2262 
322,5,2.686 
322,6,2.6215 
322,7,1.7819 
322,8,2.5154 
322,9,2.6291 
323,0,-0.3247 
323,1,0.1089 
323,2,0.8273 
323,3,1.9 
323,4,0.7477 
323,5,2.9662 
323,6,2.8228 
323,7,2.5647 
323,8,1.0886 
323,9,1.9275 
324,0,0.2185 
324,1,-0.79 
324,2,1.2554 
324,3,2.7137 
324,4,2.0145 
324,5,1.7652 
324,6,2.4974 
324,7,0.2919 
324,8,2.3112 
324,9,2.5755 
325,0,-1.2868 
325,1,-0.3619 
325,2,0.6845 
325,3,2.3809 
325,4,1.2269 
325,5,0.9097 
325,6,1.2743 
325,7,0.2507 
325,8,0.4477 
325,9,2.3955 
326,0,-0.5304 
326,1,1.0798 
326,2,3.333 
326,3,1.2731 
326,4,-0.9596 
326,5,1.7526 
326,6,1.8248 
326,7,0.6735 
326,8,0.777 
326,9,1.7178 
327,0,0.4903 
327,1,0.8406 
327,2,1.3989 
327,3,2.7244 
327,4,2.7607 
327,5,2.7663 
327,6,1.3831 
327,7,1.3762 
327,8,0.2556 
327,9,0.8001 
328,0,-0.8275 
328,1,-1.3758 
328,2,1.3155 
328,3,0.115 
328,4,2.4208 
328,5,1.9923 
328,6,1.5264 
328,7,3.0439 
328,8,2.6651 
328,9,0.9079 
329,0,-1.0048 
329,1,0.3775 
329,2,1.0994 
329,3,0.3074 
329,4,1.5938 
329,5,3.4905 
329,6,0.8613 
329,7,1.8954 
329,8,1.8816 
329,9,1.2252 
330,0,-0.3236 
330,1,-1.2026 
330,2,3.0239 
330,3,3.3003 
330,4,2.7454 
330,5,1.3985 
330,6,0.6389 
330,7,1.8308 
330,8,2.9521 
330,9,2.2584 
331,0,-1.5661 
331,1,-0.9358 
331,2,2.9576 
331,3,1.0534 
331,4,0.5574 
331,5,1.5074 
331,6,1.1806 
331,7,2.3585 
331,8,2.2674 
331,9,4.8696 
332,0,-0.1534 
332,1,0.4668 
332,2,1.6513 
332,3,1.8687 
332,4,1.1998 
332,5,2.2772 
332,6,3.1776 
332,7,0.4134 
332,8,1.0477 
332,9,1.1001 
333,0,0.2193 
333,1,0.4763 
333,2,1.4706 
333,3,2.9438 
333,4,3.1915 
333,5,1.4249 
333,6,2.8519 
333,7,2.924 
333,8,1.868 
333,9,3.996 
334,0,-0.5218 
334,1,0.4847 
334,2,0.1796 
334,3,2.5209 
334,4,2.8925 
334,5,2.2911 
334,6,1.6206 
334,7,2.1309 
334,8,2.1806 
334,9,0.7756 
335,0,-0.005 
335,1,-0.0557 
335,2,0.9239 
335,3,0.2193 
335,4,0.7667 
335,5,1.929 
335,6,3.078 
335,7,2.9193 
335,8,2.373 
335,9,0.0654 
336,0,0.0716 
336,1,-1.3894 
336,2,2.507 
336,3,1.4977 
336,4,1.7843 
336,5,2.0834 
336,6,3.6675 
336,7,1.9584 
336,8,2.1074 
336,9,3.394 
337,0,-0.2412 
337,1,0.9216 
337,2,1.1832 
337,3,0.6543 
337,4,3.8046 
337,5,2.1681 
337,6,2.3091 
337,7,2.125 
337,8,2.7198 
337,9,2.0355 
338,0,0.1071 
338,1,-0.7704 
338,2,2.5753 
338,3,1.696 
338,4,1.9309 
338,5,2.0413 
338,6,2.0555 
338,7,1.9133 
338,8,0.8028 
338,9,1.9814 
339,0,-3.6205 
339,1,0.3226 
339,2,3.0541 
339,3,1.4 
339,4,3.4397 
339,5,0.3841 
339,6,1.9548 
339,7,3.3615 
339,8,1.4888 
339,9,2.6541 
340,0,-0.6392 
340,1,-0.1248 
340,2,2.7955 
340,3,3.2303 
340,4,3.1703 
340,5,2.1427 
340,6,1.631 
340,7,1.4948 
340,8,0.7757 
340,9,1.9691 
341,0,1.0409 
341,1,-0.5783 
341,2,1.842 
341,3,0.9936 
341,4,1.1922 
341,5,1.3601 
341,6,1.8297 
341,7,1.468 
341,8,0.9692 
341,9,1.2346 
342,0,-1.2371 
342,1,-1.2239 
342,2,2.2106 
342,3,1.8746 
342,4,2.6825 
342,5,2.0752 
342,6,2.6852 
342,7,2.8409 
342,8,2.7733 
342,9,1.2026 
343,0,-1.1043 
343,1,0.2323 
343,2,3.2292 
343,3,2.4131 
343,4,1.2363 
343,5,1.5283 
343,6,4.3484 
343,7,1.2224 
343,8,1.3069 
343,9,2.8462 
344,0,-0.7375 
344,1,0.5495 
344,2,1.0811 
344,3,1.7673 
344,4,2.7729 
344,5,3.2876 
344,6,3.2282 
344,7,0.5073 
344,8,3.4207 
344,9,3.5497 
345,0,-0.6505 
345,1,-1.6947 
345,2,1.5882 
345,3,1.8928 
345,4,1.9874 
345,5,1.1031 
345,6,0.7987 
345,7,2.8814 
345,8,2.8993 
345,9,1.4447 
346,0,0.6102 
346,1,0.2207 
346,2,1.9719 
346,3,1.3931 
346,4,2.7658 
346,5,3.3587 
346,6,0.8731 
346,7,2.537 
346,8,3.1324 
346,9,1.9944 
347,0,0.6304 
347,1,0.5903 
347,2,2.9458 
347,3,3.1948 
347,4,1.0076 
347,5,1.4555 
347,6,2.8227 
347,7,1.8447 
347,8,4.0838 
347,9,-0.4556 
348,0,0.7447 
348,1,-0.5764 
348,2,2.8803 
348,3,1.9433 
348,4,4.144 
348,5,3.3011 
348,6,1.9921 
348,7,0.9453 
348,8,2.6602 
348,9,3.3364 
349,0,0.6218 
349,1,0.477 
349,2,2.4144 
349,3,1.4962 
349,4,1.2066 
349,5,0.9578 
349,6,3.989 
349,7,2.7596 
349,8,0.8203 
349,9,2.0895 
350,0,-0.1012 
350,1,0.159 
350,2,1.1239 
350,3,2.1464 
350,4,1.122 
350,5,2.628 
350,6,1.8957 
350,7,1.5798 
350,8,1.5577 
350,9,3.4211 
351,0,-0.6223 
351,1,1.3605 
351,2,3.6164 
351,3,3.9159 
351,4,2.2281 
351,5,2.1842 
351,6,1.2594 
351,7,1.7919 
351,8,3.0923 
351,9,3.7816 
352,0,1.6736 
352,1,-0.6518 
352,2,3.528 
352,3,1.6544 
352,4,1.6392 
352,5,2.2938 
352,6,2.1009 
352,7,2.9436 
352,8,2.8082 
352,9,2.8941 
353,0,0.1692 
353,1,-1.7305 
353,2,1.2824 
353,3,3.9754 
353,4,1.9468 
353,5,0.2851 
353,6,1.9416 
353,7,1.1691 
353,8,0.619 
353,9,1.6913 
354,0,-0.1438 
354,1,-0.0841 
354,2,2.2041 
354,3,2.9886 
354,4,0.49 
354,5,2.7144 
354,6,3.372 
354,7,2.2236 
354,8,1.5048 
354,9,2.1367 
355,0,-0.4015 
355,1,-1.2316 
355,2,2.7458 
355,3,2.336 
355,4,2.134 
355,5,3.0432 
355,6,3.8396 
355,7,1.8118 
355,8,3.2238 
355,9,1.8484 
356,0,0.7489 
356,1,-0.5336 
356,2,1.9086 
356,3,0.8765 
356,4,3.7804 
356,5,1.7888 
356,6,2.5857 
356,7,3.3659 
356,8,0.9381 
356,9,0.701 
357,0,-0.3569 
357,1,0.545 
357,2,2.8157 
357,3,1.2405 
357,4,1.5697 
357,5,2.5126 
357,6,0.8783 
357,7,1.1134 
357,8,2.7131 
357,9,1.2741 
358,0,-0.9729 
358,1,0.2265 
358,2,1.8071 
358,3,1.0629 
358,4,1.8623 
358,5,2.2273 
358,6,3.3125 
358,7,1.5257 
358,8,2.7211 
358,9,2.9209 
359,0,0.2304 
359,1,0.1486 
359,2,2.2318 
359,3,1.5568 
359,4,2.1095 
359,5,3.7759 
359,6,1.0941 
359,7,2.1713 
359,8,0.5636 
359,9,1.9112 
360,0,0.6362 
360,1,0.5628 
360,2,2.8846 
360,3,2.4416 
360,4,1.8732 
360,5,2.7675 
360,6,2.0711 
360,7,1.3362 
360,8,1.2351 
360,9,0.5009 
361,0,-1.4044 
361,1,-1.0757 
361,2,2.0227 
361,3,4.2416 
361,4,1.7206 
361,5,3.3895 
361,6,3.6903 
361,7,2.0675 
361,8,3.4088 
361,9,2.1191 
362,0,0.5295 
362,1,-0.3213 
362,2,0.9523 
362,3,3.7595 
362,4,1.9025 
362,5,2.4497 
362,6,2.4193 
362,7,0.6647 
362,8,3.0948 
362,9,2.0279 
363,0,-0.7977 
363,1,0.4416 
363,2,1.1498 
363,3,2.6147 
363,4,1.7576 
363,5,0.7897 
363,6,1.2615 
363,7,1.1183 
363,8,3.618 
363,9,1.949 
364,0,0.4961 
364,1,-0.472 
364,2,2.5068 
364,3,0.6638 
364,4,2.2136 
364,5,2.167 
364,6,4.279 
364,7,1.582 
364,8,1.6713 
364,9,3.6285 
365,0,0.3366 
365,1,-1.0252 
365,2,1.2269 
365,3,1.7859 
365,4,1.1797 
365,5,4.0362 
365,6,2.8989 
365,7,2.1949 
365,8,1.567 
365,9,2.6062 
366,0,-1.9815 
366,1,-0.1967 
366,2,1.8937 
366,3,1.5972 
366,4,0.8804 
366,5,2.4702 
366,6,0.4163 
366,7,1.2135 
366,8,2.2192 
366,9,0.8244 
367,0,1.4081 
367,1,0.3762 
367,2,0.3237 
367,3,2.31 
367,4,2.2694 
367,5,0.3016 
367,6,0.7541 
367,7,1.9682 
367,8,1.1635 
367,9,1.5569 
368,0,-0.3641 
368,1,0.5381 
368,2,1.2729 
368,3,2.4161 
368,4,0.8228 
368,5,1.378 
368,6,2.3478 
368,7,2.1141 
368,8,2.3703 
368,9,2.5639 
369,0,-0.5373 
369,1,0.3633 
369,2,2.34 
369,3,1.5497 
369,4,1.7365 
369,5,1.3841 
369,6,0.3227 
369,7,1.291 
369,8,1.3644 
369,9,0.5759 
370,0,1.4497 
370,1,-1.0095 
370,2,2.2369 
370,3,2.2336 
370,4,1.25 
370,5,2.2929 
370,6,3.8717 
370,7,1.1902 
370,8,1.4036 
370,9,1.1099 
371,0,-1.2454 
371,1,0.4432 
371,2,2.0994 
371,3,2.1284 
371,4,4.1252 
371,5,2.4171 
371,6,0.3018 
371,7,3.5923 
371,8,2.7406 
371,9,2.0814 
372,0,1.1524 
372,1,1.0221 
372,2,0.6106 
372,3,2.6614 
372,4,2.9168 
372,5,2.9327 
372,6,2.8522 
372,7,0.755 
372,8,1.4487 
372,9,1.8404 
373,0,0.3671 
373,1,1.2837 
373,2,2.6194 
373,3,3.6209 
373,4,0.8049 
373,5,3.3469 
373,6,1.6256 
373,7,2.0182 
373,8,1.7892 
373,9,1.886 
374,0,1.296 
374,1,1.483 
374,2,2.4064 
374,3,1.2365 
374,4,2.6285 
374,5,2.1364 
374,6,0.6379 
374,7,2.5291 
374,8,1.9023 
374,9,2.1105 
375,0,1.123 
375,1,0.7505 
375,2,0.4922 
375,3,2.0205 
375,4,2.464 
375,5,3.2413 
375,6,2.836 
375,7,3.0323 
375,8,3.3483 
375,9,1.4964 
376,0,-0.0241 
376,1,-0.6118 
376,2,0.8782 
376,3,3.8113 
376,4,1.8998 
376,5,2.6759 
376,6,0.7752 
376,7,2.4013 
376,8,2.2732 
376,9,1.6056 
377,0,-0.5177 
377,1,0.8817 
377,2,2.2075 
377,3,1.2441 
377,4,1.2203 
377,5,3.3736 
377,6,1.672 
377,7,0.6531 
377,8,0.6987 
377,9,4.1412 
378,0,-0.2428 
378,1,1.8592 
378,2,2.1503 
378,3,1.6128 
378,4,2.3809 
378,5,1.341 
378,6,1.5533 
378,7,4.2029 
378,8,1.7848 
378,9,3.0991 
379,0,-0.2541 
379,1,-0.2388 
379,2,0.7683 
379,3,3.0198 
379,4,2.8507 
379,5,2.0104 
379,6,1.747 
379,7,2.025 
379,8,2.0864 
379,9,1.0503 
380,0,2.1016 
380,1,-0.5172 
380,2,0.4935 
380,3,2.1846 
380,4,0.7273 
380,5,1.6039 
380,6,2.6358 
380,7,1.6412 
380,8,1.5011 
380,9,0.9599 
381,0,1.1638 
381,1,-1.2721 
381,2,1.7697 
381,3,0.9824 
381,4,2.2287 
381,5,1.8046 
381,6,2.0097 
381,7,3.4487 
381,8,1.6044 
381,9,1.1905 
382,0,0.8411 
382,1,-1.0578 
382,2,2.1135 
382,3,1.8432 
382,4,5.1243 
382,5,0.7881 
382,6,3.561 
382,7,1.2284 
382,8,1.3911 
382,9,1.897 
383,0,0.5072 
383,1,1.8004 
383,2,0.3649 
383,3,1.4453 
383,4,1.1388 
383,5,3.4915 
383,6,1.0017 
383,7,2.2548 
383,8,1.4835 
383,9,1.5139 
384,0,-0.1773 
384,1,0.6904 
384,2,2.7383 
384,3,1.3968 
384,4,1.3269 
384,5,1.9804 
384,6,1.1734 
384,7,3.0002 
384,8,1.352 
384,9,1.2521 
385,0,-1.5965 
385,1,-0.0447 
385,2,1.4706 
385,3,1.1548 
385,4,2.2329 
385,5,3.1526 
385,6,2.9368 
385,7,0.83 
385,8,1.7792 
385,9,2.2642 
386,0,-0.6748 
386,1,-0.1573 
386,2,0.4575 
386,3,2.7185 
386,4,1.733 
386,5,2.5642 
386,6,1.6174 
386,7,-0.0063 
386,8,2.5048 
386,9,1.2142 
387,0,0.4782 
387,1,1.3492 
387,2,1.9669 
387,3,0.5979 
387,4,0.9962 
387,5,2.4912 
387,6,2.9343 
387,7,1.8803 
387,8,0.6906 
387,9,1.4116 
388,0,-1.0058 
388,1,-0.7492 
388,2,-0.1552 
388,3,1.0896 
388,4,2.1395 
388,5,1.853 
388,6,1.3287 
388,7,2.9238 
388,8,2.3571 
388,9,1.4251 
389,0,-1.0204 
389,1,-0.24 
389,2,0.5916 
389,3,2.3067 
389,4,1.3199 
389,5,1.86 
389,6,3.4861 
389,7,1.4197 
389,8,2.5752 
389,9,3.1254 
390,0,-0.6932 
390,1,0.1622 
390,2,2.8332 
390,3,1.6681 
390,4,0.7672 
390,5,1.6587 
390,6,1.5106 
390,7,1.0617 
390,8,1.4907 
390,9,2.8612 
391,0,1.0538 
391,1,-0.1825 
391,2,0.8595 
391,3,1.7569 
391,4,2.1995 
391,5,1.6273 
391,6,2.8293 
391,7,3.0406 
391,8,1.7074 
391,9,2.5889 
392,0,-1.1413 
392,1,-0.7732 
392,2,2.7772 
392,3,3.3512 
392,4,1.3708 
392,5,1.8623 
392,6,2.0177 
392,7,2.0606 
392,8,0.2352 
392,9,2.9035 
393,0,0.3488 
393,1,-0.044 
393,2,2.0624 
393,3,2.1303 
393,4,3.6738 
393,5,3.0044 
393,6,1.0851 
393,7,0.8119 
393,8,1.6398 
393,9,3.2046 
394,0,-0.6998 
394,1,1.4537 
394,2,1.7005 
394,3,1.9436 
394,4,1.5685 
394,5,1.0418 
394,6,2.8796 
394,7,2.5395 
394,8,3.4328 
394,9,3.1975 
395,0,0.5151 
395,1,-0.1339 
395,2,2.0654 
395,3,1.1724 
395,4,1.7773 
395,5,2.7533 
395,6,1.3686 
395,7,3.727 
395,8,1.2329 
395,9,1.4779 
396,0,1.0777 
396,1,-0.3011 
396,2,2.3629 
396,3,2.9526 
396,4,1.5428 
396,5,1.4637 
396,6,1.1963 
396,7,1.9744 
396,8,2.4314 
396,9,3.1765 
397,0,-0.1628 
397,1,-0.6932 
397,2,1.1695 
397,3,3.1608 
397,4,1.6739 
397,5,2.6686 
397,6,2.141 
397,7,2.0739 
397,8,3.0724 
397,9,0.6565 
398,0,2.2474 
398,1,-2.3932 
398,2,1.4262 
398,3,2.3436 
398,4,1.5472 
398,5,2.9644 
398,6,2.9063 
398,7,1.8654 
398,8,2.522 
398,9,-0.6219 
399,0,-1.0715 
399,1,-1.641 
399,2,1.87 
399,3,3.2901 
399,4,2.4381 
399,5,1.7433 
399,6,1.6209 
399,7,1.8709 
399,8,2.0983 
399,9,1.4565 
400,0,-0.6611 
400,1,-1.3308 
400,2,1.0391 
400,3,2.181 
400,4,1.2073 
400,5,0.3035 
400,6,2.0183 
400,7,3.4313 
400,8,1.7877 
400,9,1.9952 
401,0,1.9698 
401,1,-0.2273 
401,2,2.1228 
401,3,1.6115 
401,4,3.1012 
401,5,2.8148 
401,6,2.6313 
401,7,2.2641 
401,8,3.2595 
401,9,2.6696 
402,0,0.0075 
402,1,1.5919 
402,2,1.49 
402,3,2.0278 
402,4,0.9088 
402,5,1.8205 
402,6,0.9004 
402,7,1.6296 
402,8,2.3915 
402,9,2.5387 
403,0,1.1617 
403,1,-0.1959 
403,2,1.1532 
403,3,2.5248 
403,4,3.4738 
403,5,2.9582 
403,6,1.1383 
403,7,1.9544 
403,8,3.2737 
403,9,2.51 
404,0,-0.4986 
404,1,-1.8207 
404,2,0.8918 
404,3,2.1236 
404,4,2.777 
404,5,4.4331 
404,6,5.0244 
404,7,1.0235 
404,8,3.4567 
404,9,2.1798 
405,0,-0.2167 
405,1,0.4484 
405,2,2.2481 
405,3,2.7007 
405,4,2.4273 
405,5,1.8441 
405,6,4.531 
405,7,0.4306 
405,8,1.6175 
405,9,3.2436 
406,0,-1.2319 
406,1,1.2322 
406,2,3.4033 
406,3,1.5335 
406,4,1.7825 
406,5,3.0018 
406,6,1.3518 
406,7,1.6923 
406,8,0.2818 
406,9,3.0636 
407,0,0.5676 
407,1,0.3191 
407,2,1.5978 
407,3,1.8041 
407,4,3.2797 
407,5,2.7481 
407,6,2.401 
407,7,0.6647 
407,8,2.2483 
407,9,1.3915 
408,0,1.0827 
408,1,0.7659 
408,2,1.8763 
408,3,1.822 
408,4,0.0155 
408,5,2.0285 
408,6,1.9064 
408,7,1.6039 
408,8,2.6319 
408,9,2.2145 
409,0,-1.4475 
409,1,-0.8851 
409,2,1.7364 
409,3,1.6425 
409,4,1.9682 
409,5,0.9939 
409,6,0.8379 
409,7,0.6251 
409,8,2.4519 
409,9,1.6651 
410,0,-1.0139 
410,1,-0.982 
410,2,1.9361 
410,3,1.4212 
410,4,0.5604 
410,5,1.4656 
410,6,3.7011 
410,7,1.4181 
410,8,2.8982 
410,9,2.2858 
411,0,-1.4289 
411,1,1.2733 
411,2,2.6496 
411,3,1.6065 
411,4,2.171 
411,5,2.0906 
411,6,0.6192 
411,7,2.9259 
411,8,3.5088 
411,9,3.4328 
412,0,-1.2169 
412,1,1.5004 
412,2,2.0072 
412,3,3.4933 
412,4,2.2385 
412,5,3.6429 
412,6,2.0111 
412,7,1.4439 
412,8,2.1782 
412,9,-0.0304 
413,0,0.3165 
413,1,-1.2122 
413,2,2.7791 
413,3,2.1855 
413,4,0.5577 
413,5,1.6743 
413,6,2.5872 
413,7,1.5918 
413,8,4.6282 
413,9,-0.6196 
414,0,1.4091 
414,1,0.7703 
414,2,2.2398 
414,3,1.7281 
414,4,1.3008 
414,5,1.7515 
414,6,2.827 
414,7,2.05 
414,8,3.1649 
414,9,2.5369 
415,0,-2.4827 
415,1,-0.8687 
415,2,-0.7764 
415,3,1.2893 
415,4,3.0068 
415,5,3.2969 
415,6,1.2184 
415,7,0.2719 
415,8,1.8025 
415,9,2.6784 
416,0,-0.3041 
416,1,-0.3112 
416,2,2.6703 
416,3,2.3372 
416,4,2.8389 
416,5,1.7034 
416,6,1.7356 
416,7,1.9696 
416,8,0.4202 
416,9,1.4399 
417,0,-0.996 
417,1,1.5163 
417,2,0.9354 
417,3,3.4064 
417,4,3.35 
417,5,1.7301 
417,6,2.4529 
417,7,1.2299 
417,8,1.1807 
417,9,3.1263 
418,0,0.1839 
418,1,0.7926 
418,2,0.8051 
418,3,1.5704 
418,4,4.3723 
418,5,1.2142 
418,6,1.6927 
418,7,2.8906 
418,8,0.2292 
418,9,1.2538 
419,0,0.7334 
419,1,-1.3854 
419,2,2.2773 
419,3,2.3858 
419,4,2.4565 
419,5,4.1086 
419,6,2.0631 
419,7,1.605 
419,8,0.9149 
419,9,3.913 
420,0,-0.0113 
420,1,0.9518 
420,2,2.4059 
420,3,1.9348 
420,4,2.1502 
420,5,0.9546 
420,6,1.0415 
420,7,1.6039 
420,8,2.2273 
420,9,1.469 
421,0,-0.3985 
421,1,-0.0836 
421,2,1.5399 
421,3,2.0625 
421,4,1.8126 
421,5,3.5167 
421,6,1.8405 
421,7,2.4147 
421,8,2.0077 
421,9,1.8229 
422,0,2.1057 
422,1,0.5146 
422,2,0.8222 
422,3,3.3376 
422,4,1.2201 
422,5,2.135 
422,6,1.9053 
422,7,0.2 
422,8,0.616 
422,9,-0.3134 
423,0,-0.6682 
423,1,0.0566 
423,2,1.1546 
423,3,2.0469 
423,4,2.5179 
423,5,3.0085 
423,6,1.3904 
423,7,2.2685 
423,8,1.5721 
423,9,2.0541 
424,0,-0.3225 
424,1,1.142 
424,2,2.7207 
424,3,2.8093 
424,4,1.7308 
424,5,1.8519 
424,6,2.4133 
424,7,0.7552 
424,8,2.8894 
424,9,1.0336 
425,0,0.6656 
425,1,0.8167 
425,2,4.0403 
425,3,1.314 
425,4,2.4869 
425,5,1.2457 
425,6,2.382 
425,7,3.0189 
425,8,1.1972 
425,9,3.476 
426,0,0.6353 
426,1,0.1785 
426,2,2.2327 
426,3,1.7834 
426,4,2.8064 
426,5,1.9852 
426,6,1.7858 
426,7,2.8562 
426,8,1.3283 
426,9,1.9693 
427,0,-0.0556 
427,1,-1.374 
427,2,2.9848 
427,3,1.2573 
427,4,1.8124 
427,5,-0.8006 
427,6,2.232 
427,7,2.3857 
427,8,3.4649 
427,9,2.1212 
428,0,-2.6587 
428,1,0.7147 
428,2,1.3065 
428,3,0.3002 
428,4,4.0257 
428,5,1.3865 
428,6,2.2954 
428,7,3.6063 
428,8,2.767 
428,9,1.9549 
429,0,-1.1774 
429,1,1.6691 
429,2,0.2485 
429,3,0.0411 
429,4,1.2612 
429,5,4.6673 
429,6,2.0053 
429,7,2.5257 
429,8,2.1319 
429,9,3.088 
430,0,-0.6872 
430,1,1.1897 
430,2,1.2561 
430,3,2.6799 
430,4,1.5589 
430,5,1.2279 
430,6,1.6475 
430,7,2.0188 
430,8,2.498 
430,9,0.7047 
431,0,0.5843 
431,1,0.4789 
431,2,1.7884 
431,3,0.9692 
431,4,1.4936 
431,5,1.6608 
431,6,1.4494 
431,7,1.7288 
431,8,0.7852 
431,9,3.8421 
432,0,-0.2448 
432,1,-0.9241 
432,2,2.497 
432,3,1.4298 
432,4,4.4556 
432,5,0.6896 
432,6,0.89 
432,7,1.589 
432,8,1.1044 
432,9,3.3975 
433,0,0.7157 
433,1,1.9567 
433,2,1.6488 
433,3,1.9011 
433,4,0.2036 
433,5,3.4615 
433,6,3.4249 
433,7,2.3364 
433,8,0.2636 
433,9,2.7032 
434,0,0.4569 
434,1,0.6948 
434,2,2.206 
434,3,0.9295 
434,4,3.6437 
434,5,2.4594 
434,6,1.6132 
434,7,1.455 
434,8,2.0004 
434,9,3.1506 
435,0,-0.0012 
435,1,0.1298 
435,2,1.8747 
435,3,1.7225 
435,4,2.1896 
435,5,1.9453 
435,6,2.2023 
435,7,1.527 
435,8,2.8191 
435,9,1.9252 
436,0,1.6197 
436,1,1.0281 
436,2,3.3591 
436,3,0.5917 
436,4,1.3086 
436,5,3.1065 
436,6,2.8794 
436,7,3.021 
436,8,3.1274 
436,9,1.0715 
437,0,1.2159 
437,1,0.4322 
437,2,2.1081 
437,3,1.7488 
437,4,3.1002 
437,5,1.4496 
437,6,2.6393 
437,7,2.496 
437,8,3.0095 
437,9,1.9033 
438,0,-0.1224 
438,1,1.9815 
438,2,1.7632 
438,3,0.9782 
438,4,0.8548 
438,5,0.8424 
438,6,1.761 
438,7,0.5911 
438,8,2.8148 
438,9,1.5753 
439,0,-1.2478 
439,1,-0.3738 
439,2,2.0599 
439,3,0.049 
439,4,0.4621 
439,5,1.6104 
439,6,1.5617 
439,7,2.3602 
439,8,2.4288 
439,9,2.9962 
440,0,0.933 
440,1,0.2638 
440,2,0.9218 
440,3,1.2467 
440,4,0.5997 
440,5,-0.0986 
440,6,1.4003 
440,7,1.2312 
440,8,1.7083 
440,9,2.5576 
441,0,0.1201 
441,1,-1.1791 
441,2,2.1383 
441,3,3.0115 
441,4,1.9411 
441,5,2.841 
441,6,3.2175 
441,7,0.436 
441,8,2.9386 
441,9,2.1123 
442,0,1.692 
442,1,1.0648 
442,2,3.7112 
442,3,2.621 
442,4,1.7798 
442,5,3.2927 
442,6,-0.2095 
442,7,1.5728 
442,8,2.0927 
442,9,2.7527 
443,0,-0.7596 
443,1,0.2665 
443,2,0.952 
443,3,0.5028 
443,4,3.5929 
443,5,2.7792 
443,6,1.3851 
443,7,1.2729 
443,8,1.5563 
443,9,1.0131 
444,0,0.0475 
444,1,2.0948 
444,2,3.1127 
444,3,0.8324 
444,4,0.2855 
444,5,2.4334 
444,6,2.288 
444,7,2.3362 
444,8,4.875 
444,9,2.2949 
445,0,-0.756 
445,1,0.8993 
445,2,3.3771 
445,3,3.1174 
445,4,3.0198 
445,5,2.6494 
445,6,1.4993 
445,7,3.1547 
445,8,2.1223 
445,9,2.1536 
446,0,-0.7386 
446,1,2.0506 
446,2,1.7036 
446,3,1.9086 
446,4,1.4991 
446,5,2.8754 
446,6,1.9322 
446,7,1.8267 
446,8,2.8168 
446,9,4.998 
447,0,-0.4941 
447,1,0.3273 
447,2,0.818 
447,3,2.1892 
447,4,1.823 
447,5,1.59 
447,6,2.7646 
447,7,1.1923 
447,8,1.1051 
447,9,2.4055 
448,0,-0.5106 
448,1,0.7867 
448,2,0.435 
448,3,1.3329 
448,4,2.9555 
448,5,2.4097 
448,6,2.3676 
448,7,2.1039 
448,8,2.9484 
448,9,1.3584 
449,0,1.7496 
449,1,0.4923 
449,2,3.121 
449,3,1.3061 
449,4,3.195 
449,5,2.8763 
449,6,1.6064 
449,7,2.3734 
449,8,2.288 
449,9,2.0436 
450,0,-0.7874 
450,1,-1.7792 
450,2,3.287 
450,3,0.9708 
450,4,1.7515 
450,5,1.8126 
450,6,2.5071 
450,7,1.0393 
450,8,3.1633 
450,9,1.7039 
451,0,-2.5531 
451,1,0.5416 
451,2,0.8025 
451,3,1.7469 
451,4,1.6321 
451,5,1.8841 
451,6,2.662 
451,7,1.9906 
451,8,0.5974 
451,9,2.1402 
452,0,1.6497 
452,1,0.7033 
452,2,1.6456 
452,3,2.8701 
452,4,1.9924 
452,5,0.3877 
452,6,4.0711 
452,7,3.5923 
452,8,2.0911 
452,9,2.0765 
453,0,-0.4542 
453,1,-1.6156 
453,2,2.8612 
453,3,1.5563 
453,4,2.6124 
453,5,3.0709 
453,6,1.8024 
453,7,0.7581 
453,8,2.9251 
453,9,1.7098 
454,0,-0.3979 
454,1,-1.5341 
454,2,1.7348 
454,3,1.6953 
454,4,0.7668 
454,5,3.5314 
454,6,0.5285 
454,7,2.6457 
454,8,1.4923 
454,9,1.1268 
455,0,-0.548 
455,1,0.9531 
455,2,2.1993 
455,3,1.0672 
455,4,3.0919 
455,5,2.9642 
455,6,2.4323 
455,7,3.1645 
455,8,-0.5947 
455,9,4.2709 
456,0,-0.175 
456,1,0.1124 
456,2,2.7753 
456,3,1.1298 
456,4,2.124 
456,5,3.4389 
456,6,1.7415 
456,7,1.8682 
456,8,1.8462 
456,9,0.5932 
457,0,-0.0816 
457,1,-0.6865 
457,2,1.1309 
457,3,3.9263 
457,4,1.2462 
457,5,3.0883 
457,6,1.9951 
457,7,1.0303 
457,8,2.1161 
457,9,3.4161 
458,0,1.6437 
458,1,-0.3784 
458,2,1.929 
458,3,1.9639 
458,4,2.939 
458,5,3.3506 
458,6,2.5711 
458,7,2.4998 
458,8,2.9727 
458,9,1.6714 
459,0,-0.4366 
459,1,1.8096 
459,2,1.4909 
459,3,3.4538 
459,4,0.9549 
459,5,2.5858 
459,6,1.2403 
459,7,1.9743 
459,8,-0.8931 
459,9,3.269 
460,0,0.4726 
460,1,1.4563 
460,2,2.926 
460,3,0.6264 
460,4,2.0135 
460,5,1.4915 
460,6,0.9167 
460,7,2.4252 
460,8,2.1227 
460,9,3.2965 
461,0,1.1226 
461,1,-0.8004 
461,2,1.9939 
461,3,2.498 
461,4,0.6543 
461,5,1.733 
461,6,2.3537 
461,7,1.2668 
461,8,1.9967 
461,9,0.2485 
462,0,-0.4794 
462,1,1.3374 
462,2,-0.8131 
462,3,2.4131 
462,4,2.1454 
462,5,1.7375 
462,6,2.8468 
462,7,3.1048 
462,8,1.8617 
462,9,3.3476 
463,0,-0.2982 
463,1,0.9841 
463,2,1.8449 
463,3,1.7892 
463,4,2.2608 
463,5,2.1742 
463,6,2.1711 
463,7,0.7535 
463,8,3.4559 
463,9,3.8851 
464,0,0.3672 
464,1,0.9733 
464,2,0.3199 
464,3,1.3717 
464,4,3.1835 
464,5,2.1187 
464,6,1.592 
464,7,2.6107 
464,8,1.1849 
464,9,1.8143 
465,0,-0.2523 
465,1,-0.3405 
465,2,1.3271 
465,3,0.944 
465,4,2.9016 
465,5,2.9396 
465,6,3.1097 
465,7,2.72 
465,8,3.1386 
465,9,1.6359 
466,0,-0.3945 
466,1,1.3787 
466,2,1.7082 
466,3,1.8765 
466,4,0.5539 
466,5,0.7439 
466,6,2.1804 
466,7,3.1166 
466,8,2.5506 
466,9,1.4122 
467,0,-0.1902 
467,1,-0.3095 
467,2,1.9207 
467,3,3.0142 
467,4,4.8901 
467,5,0.8685 
467,6,2.3513 
467,7,3.0442 
467,8,3.6403 
467,9,1.6249 
468,0,-0.2802 
468,1,-1.5106 
468,2,1.0354 
468,3,2.2281 
468,4,2.7747 
468,5,1.3561 
468,6,2.4839 
468,7,1.3989 
468,8,0.4064 
468,9,0.887 
469,0,0.7153 
469,1,1.2376 
469,2,3.054 
469,3,0.768 
469,4,2.5391 
469,5,2.0345 
469,6,1.6088 
469,7,1.523 
469,8,0.5801 
469,9,2.1337 
470,0,-1.5582 
470,1,-1.8128 
470,2,1.3785 
470,3,1.4155 
470,4,2.2619 
470,5,2.7333 
470,6,1.3825 
470,7,1.5987 
470,8,1.0216 
470,9,1.8277 
471,0,-1.4831 
471,1,0.5982 
471,2,2.8737 
471,3,0.8519 
471,4,2.1371 
471,5,1.3264 
471,6,1.0109 
471,7,2.3023 
471,8,0.6867 
471,9,2.5473 
472,0,-1.4243 
472,1,-0.6019 
472,2,3.1859 
472,3,1.7726 
472,4,1.6644 
472,5,1.6505 
472,6,1.9712 
472,7,3.3274 
472,8,0.8601 
472,9,2.5282 
473,0,-1.1511 
473,1,0.1759 
473,2,2.5676 
473,3,1.6748 
473,4,0.7817 
473,5,1.1927 
473,6,2.647 
473,7,2.1443 
473,8,2.1936 
473,9,0.6687 
474,0,-1.3097 
474,1,-0.0028 
474,2,3.8185 
474,3,2.2163 
474,4,0.6875 
474,5,1.1012 
474,6,1.4059 
474,7,2.6059 
474,8,2.08 
474,9,2.3955 
475,0,-0.8365 
475,1,-1.5044 
475,2,1.7942 
475,3,3.3889 
475,4,2.7026 
475,5,0.3827 
475,6,1.4547 
475,7,2.982 
475,8,2.3311 
475,9,2.9102 
476,0,1.4545 
476,1,1.2475 
476,2,2.3913 
476,3,2.9738 
476,4,2.8816 
476,5,2.6323 
476,6,1.0484 
476,7,0.4623 
476,8,1.1318 
476,9,2.244 
477,0,-0.5611 
477,1,0.3036 
477,2,2.5431 
477,3,3.1019 
477,4,4.2619 
477,5,1.375 
477,6,3.6168 
477,7,3.0328 
477,8,2.0473 
477,9,2.2835 
478,0,0.8287 
478,1,-0.2028 
478,2,2.4734 
478,3,2.6347 
478,4,1.8519 
478,5,1.2328 
478,6,0.1978 
478,7,1.8225 
478,8,3.2315 
478,9,1.3108 
479,0,0.8611 
479,1,0.1727 
479,2,2.1165 
479,3,2.8363 
479,4,1.5372 
479,5,0.7172 
479,6,2.148 
479,7,2.2689 
479,8,0.903 
479,9,1.8213 
480,0,-0.2611 
480,1,1.9319 
480,2,3.2447 
480,3,1.5661 
480,4,1.3481 
480,5,2.8398 
480,6,2.3424 
480,7,2.5479 
480,8,1.2551 
480,9,1.8159 
481,0,-0.2698 
481,1,0.4218 
481,2,2.6452 
481,3,1.961 
481,4,3.25 
481,5,1.0962 
481,6,2.4079 
481,7,3.0043 
481,8,3.4925 
481,9,2.8847 
482,0,0.2105 
482,1,0.0353 
482,2,2.6477 
482,3,1.8827 
482,4,2.0648 
482,5,0.3207 
482,6,2.2921 
482,7,1.5581 
482,8,3.6327 
482,9,1.9453 
483,0,-0.2363 
483,1,-0.7795 
483,2,1.1452 
483,3,3.4593 
483,4,2.025 
483,5,0.5423 
483,6,1.0697 
483,7,3.6042 
483,8,0.9706 
483,9,1.5206 
484,0,-2.1664 
484,1,-0.0053 
484,2,1.7378 
484,3,2.4642 
484,4,3.3804 
484,5,0.5159 
484,6,3.3741 
484,7,1.1439 
484,8,0.7924 
484,9,0.5022 
485,0,1.6254 
485,1,3.0441 
485,2,1.6892 
485,3,3.2275 
485,4,1.1513 
485,5,3.9513 
485,6,1.5622 
485,7,1.179 
485,8,0.2467 
485,9,2.1792 
486,0,-1.1525 
486,1,0.3226 
486,2,2.9701 
486,3,1.4527 
486,4,1.8979 
486,5,3.1225 
486,6,3.0484 
486,7,4.7991 
486,8,2.5234 
486,9,2.0526 
487,0,-0.1137 
487,1,0.5579 
487,2,2.1778 
487,3,3.4391 
487,4,1.1629 
487,5,0.5577 
487,6,3.4034 
487,7,1.8688 
487,8,1.8291 
487,9,2.0709 
488,0,0.9966 
488,1,-1.143 
488,2,1.4029 
488,3,2.1929 
488,4,1.421 
488,5,-0.0816 
488,6,2.8839 
488,7,2.9175 
488,8,2.1184 
488,9,2.013 
489,0,-0.2159 
489,1,0.6468 
489,2,2.7373 
489,3,1.4868 
489,4,3.3525 
489,5,3.4255 
489,6,2.2053 
489,7,3.8856 
489,8,0.8482 
489,9,1.0663 
490,0,1.9117 
490,1,-0.2318 
490,2,1.6305 
490,3,0.2396 
490,4,1.7926 
490,5,2.5433 
490,6,3.2612 
490,7,2.2422 
490,8,3.0924 
490,9,1.4946 
491,0,-0.383 
491,1,0.9206 
491,2,1.2866 
491,3,0.3831 
491,4,1.9608 
491,5,2.1824 
491,6,1.0781 
491,7,0.2603 
491,8,2.1733 
491,9,2.2196 
492,0,-1.2144 
492,1,-0.0098 
492,2,2.5552 
492,3,0.9612 
492,4,2.9896 
492,5,1.3728 
492,6,1.4009 
492,7,2.7596 
492,8,2.4891 
492,9,2.7647 
493,0,-1.7681 
493,1,0.4143 
493,2,2.9511 
493,3,1.3554 
493,4,2.1528 
493,5,3.1574 
493,6,1.6696 
493,7,1.2658 
493,8,0.3448 
493,9,3.4327 
494,0,1.0958 
494,1,-0.6134 
494,2,1.8706 
494,3,0.6849 
494,4,1.7899 
494,5,2.8102 
494,6,3.3714 
494,7,3.7728 
494,8,-0.2581 
494,9,2.1234 
495,0,0.1135 
495,1,-0.5294 
495,2,3.2741 
495,3,2.519 
495,4,1.8188 
495,5,1.7139 
495,6,3.0116 
495,7,1.614 
495,8,0.1809 
495,9,3.5019 
496,0,0.5746 
496,1,-1.3536 
496,2,2.0566 
496,3,0.4809 
496,4,0.3743 
496,5,1.5795 
496,6,2.7234 
496,7,0.6914 
496,8,1.6962 
496,9,2.8012 
497,0,-0.2487 
497,1,-2.8102 
497,2,2.054 
497,3,3.5253 
497,4,1.9232 
497,5,3.7364 
497,6,3.2436 
497,7,1.0955 
497,8,0.8016 
497,9,1.7001 
498,0,-0.6529 
498,1,-1.3215 
498,2,0.3625 
498,3,1.2775 
498,4,2.2379 
498,5,2.5821 
498,6,0.9143 
498,7,1.4929 
498,8,1.6013 
498,9,1.7252 
499,0,-0.2585 
499,1,0.3376 
499,2,3.1212 
499,3,2.0847 
499,4,1.381 
499,5,1.7107 
499,6,2.8892 
499,7,4.029 
499,8,2.3135 
499,9,1.5661 
