0,0,4.7767 
0,1,2.3341 
0,2,1.4349 
0,3,1.6075 
0,4,2.5208 
0,5,2.9409 
0,6,0.6409 
0,7,0.198 
0,8,2.3196 
0,9,1.7166 
1,0,6.1785 
1,1,4.7472 
1,2,1.8608 
1,3,2.8915 
1,4,1.9219 
1,5,3.1784 
1,6,2.3201 
1,7,0.7337 
1,8,2.1833 
1,9,2.8764 
2,0,4.3953 
2,1,2.8718 
2,2,1.7549 
2,3,1.2728 
2,4,3.3696 
2,5,0.6098 
2,6,3.1597 
2,7,2.5304 
2,8,2.2868 
2,9,1.6671 
3,0,3.8122 
3,1,3.4479 
3,2,2.5741 
3,3,2.066 
3,4,2.7025 
3,5,1.2313 
3,6,1.3534 
3,7,1.4186 
3,8,1.9253 
3,9,2.4839 
4,0,7.0934 
4,1,4.7214 
4,2,2.7241 
4,3,2.8821 
4,4,3.5783 
4,5,2.1208 
4,6,0.8607 
4,7,0.7826 
4,8,2.3225 
4,9,1.3896 
5,0,6.5527 
5,1,4.5054 
5,2,3.3129 
5,3,1.9679 
5,4,2.1552 
5,5,2.2101 
5,6,2.4496 
5,7,2.1757 
5,8,2.0587 
5,9,0.8407 
6,0,5.4218 
6,1,3.05 
6,2,4.3387 
6,3,2.4417 
6,4,2.3762 
6,5,3.1678 
6,6,2.5223 
6,7,1.0927 
6,8,1.3798 
6,9,2.5643 
7,0,5.0827 
7,1,3.3704 
7,2,3.0109 
7,3,1.7761 
7,4,2.6192 
7,5,-0.9252 
7,6,2.0813 
7,7,3.1547 
7,8,1.8606 
7,9,3.3761 
8,0,4.9776 
8,1,3.7404 
8,2,1.3005 
8,3,1.3645 
8,4,1.0403 
8,5,2.5215 
8,6,1.4489 
8,7,2.1111 
8,8,3.2811 
8,9,2.3186 
9,0,5.6887 
9,1,4.9244 
9,2,0.4888 
9,3,1.7514 
9,4,1.8885 
9,5,1.5744 
9,6,2.18 
9,7,2.2452 
9,8,1.4323 
9,9,1.4673 
10,0,4.1767 
10,1,3.083 
10,2,1.6124 
10,3,1.416 
10,4,1.9767 
10,5,2.2201 
10,6,2.8876 
10,7,1.408 
10,8,2.6309 
10,9,1.5916 
11,0,4.358 
11,1,3.1223 
11,2,0.8483 
11,3,3.3434 
11,4,0.5775 
11,5,2.1881 
11,6,1.6914 
11,7,1.0213 
11,8,2.7241 
11,9,2.9317 
12,0,5.1503 
12,1,4.0977 
12,2,1.6821 
12,3,1.1743 
12,4,3.8721 
12,5,1.7577 
12,6,0.9358 
12,7,2.0779 
12,8,0.4093 
12,9,2.3686 
13,0,5.098 
13,1,4.7326 
13,2,2.0584 
13,3,-0.4952 
13,4,0.11 
13,5,2.9709 
13,6,0.9015 
13,7,2.8087 
13,8,2.0668 
13,9,0.9207 
14,0,5.9754 
14,1,4.7356 
14,2,2.9048 
14,3,1.6544 
14,4,-0.5699 
14,5,1.2941 
14,6,1.8298 
14,7,3.1445 
14,8,2.0056 
14,9,3.0264 
15,0,6.6507 
15,1,5.3389 
15,2,2.1889 
15,3,3.5244 
15,4,2.2689 
15,5,0.5667 
15,6,2.5406 
15,7,-0.0417 
15,8,1.4725 
15,9,0.9512 
16,0,5.323 
16,1,5.4856 
16,2,0.6795 
16,3,1.869 
16,4,1.6134 
16,5,1.94 
16,6,1.0061 
16,7,2.4705 
16,8,0.7659 
16,9,1.43 
17,0,3.9661 
17,1,4.9568 
17,2,3.5384 
17,3,1.4828 
17,4,2.4465 
17,5,4.1741 
17,6,2.2007 
17,7,1.7949 
17,8,2.8409 
17,9,1.3795 
18,0,4.4948 
18,1,4.5827 
18,2,2.6462 
18,3,1.9561 
18,4,2.3367 
18,5,1.1895 
18,6,5.2808 
18,7,4.2537 
18,8,0.7685 
18,9,1.7341 
19,0,5.7282 
19,1,4.6659 
19,2,3.3762 
19,3,1.2891 
19,4,1.559 
19,5,0.2954 
19,6,1.8317 
19,7,2.137 
19,8,3.6509 
19,9,-0.0023 
20,0,4.9246 
20,1,6.5176 
20,2,1.7959 
20,3,2.9011 
20,4,0.1112 
20,5,1.7459 
20,6,0.9932 
20,7,2.466 
20,8,2.6798 
20,9,1.9267 
21,0,6.0496 
21,1,4.3425 
21,2,0.2915 
21,3,0.7528 
21,4,-0.323 
21,5,2.5295 
21,6,0.178 
21,7,2.3336 
21,8,1.0383 
21,9,1.5878 
22,0,7.1691 
22,1,3.5316 
22,2,0.8409 
22,3,2.0736 
22,4,0.3886 
22,5,2.1526 
22,6,1.739 
22,7,0.698 
22,8,1.3908 
22,9,3.1381 
23,0,6.3156 
23,1,3.7906 
23,2,1.9718 
23,3,1.534 
23,4,0.7149 
23,5,1.8062 
23,6,1.2169 
23,7,2.3199 
23,8,3.0913 
23,9,0.9465 
24,0,4.2115 
24,1,3.8792 
24,2,2.1868 
24,3,1.893 
24,4,0.9619 
24,5,1.9156 
24,6,1.3141 
24,7,1.6561 
24,8,1.826 
24,9,1.4663 
25,0,4.8724 
25,1,3.6785 
25,2,2.6606 
25,3,1.8635 
25,4,2.1908 
25,5,1.5126 
25,6,1.5014 
25,7,4.0219 
25,8,0.6233 
25,9,1.8564 
26,0,5.0679 
26,1,5.9907 
26,2,2.2183 
26,3,2.6827 
26,4,2.2531 
26,5,2.5168 
26,6,3.2787 
26,7,2.3591 
26,8,2.8851 
26,9,2.5215 
27,0,5.0801 
27,1,5.7333 
27,2,3.4618 
27,3,2.0482 
27,4,2.2292 
27,5,1.394 
27,6,3.5561 
27,7,0.0103 
27,8,1.0944 
27,9,2.198 
28,0,3.1138 
28,1,4.5544 
28,2,3.2591 
28,3,1.8638 
28,4,2.3525 
28,5,0.5069 
28,6,1.8948 
28,7,2.4061 
28,8,0.9467 
28,9,2.7089 
29,0,5.1928 
29,1,4.3524 
29,2,1.7611 
29,3,2.1912 
29,4,1.6696 
29,5,3.2071 
29,6,2.4258 
29,7,0.7146 
29,8,3.0496 
29,9,1.4802 
30,0,4.8027 
30,1,5.8689 
30,2,2.2345 
30,3,0.7272 
30,4,3.1334 
30,5,1.1648 
30,6,1.6014 
30,7,1.5166 
30,8,2.1259 
30,9,1.5757 
31,0,6.3361 
31,1,4.8305 
31,2,2.697 
31,3,1.3561 
31,4,1.9945 
31,5,1.9438 
31,6,3.6285 
31,7,0.7495 
31,8,2.204 
31,9,3.4823 
32,0,4.9681 
32,1,2.959 
32,2,2.3225 
32,3,3.3081 
32,4,2.6662 
32,5,3.1388 
32,6,1.1309 
32,7,1.5137 
32,8,1.4858 
32,9,2.0142 
33,0,5.7555 
33,1,4.321 
33,2,1.0944 
33,3,2.0432 
33,4,1.9681 
33,5,1.7476 
33,6,0.7676 
33,7,2.2858 
33,8,0.5554 
33,9,2.6812 
34,0,4.7283 
34,1,3.8926 
34,2,2.2293 
34,3,2.5747 
34,4,2.4782 
34,5,3.0407 
34,6,3.4413 
34,7,1.971 
34,8,0.0983 
34,9,2.7507 
35,0,5.5373 
35,1,3.5429 
35,2,2.8835 
35,3,2.8909 
35,4,1.5837 
35,5,0.1056 
35,6,2.9935 
35,7,1.6968 
35,8,3.7366 
35,9,0.7431 
36,0,4.1507 
36,1,4.0963 
36,2,2.207 
36,3,2.0941 
36,4,3.0344 
36,5,2.2357 
36,6,2.2346 
36,7,3.5399 
36,8,-0.2902 
36,9,2.6862 
37,0,6.5851 
37,1,1.7805 
37,2,1.6377 
37,3,3.5139 
37,4,2.6 
37,5,1.3291 
37,6,2.2019 
37,7,1.7823 
37,8,0.1835 
37,9,0.0206 
38,0,5.1554 
38,1,3.5825 
38,2,2.8203 
38,3,1.8974 
38,4,0.6705 
38,5,0.1744 
38,6,1.7384 
38,7,2.88 
38,8,1.1965 
38,9,2.3421 
39,0,5.2582 
39,1,2.4836 
39,2,1.815 
39,3,2.2081 
39,4,0.1499 
39,5,3.7059 
39,6,2.5932 
39,7,3.0616 
39,8,1.8604 
39,9,-0.3153 
40,0,5.5515 
40,1,3.9813 
40,2,2.0854 
40,3,1.5925 
40,4,0.6587 
40,5,0.4165 
40,6,1.9929 
40,7,1.2493 
40,8,1.6475 
40,9,0.3833 
41,0,6.3448 
41,1,4.0284 
41,2,1.4478 
41,3,3.2988 
41,4,3.1596 
41,5,1.4809 
41,6,0.8009 
41,7,1.6285 
41,8,2.6797 
41,9,1.7758 
42,0,5.5009 
42,1,3.926 
42,2,1.4773 
42,3,0.9421 
42,4,1.6562 
42,5,1.1354 
42,6,1.7415 
42,7,2.8334 
42,8,2.1251 
42,9,2.2915 
43,0,5.6151 
43,1,3.4403 
43,2,4.2529 
43,3,2.2353 
43,4,0.9246 
43,5,3.4166 
43,6,2.8051 
43,7,0.9184 
43,8,2.288 
43,9,1.7195 
44,0,4.4807 
44,1,4.5296 
44,2,0.9384 
44,3,1.7119 
44,4,2.5778 
44,5,1.2597 
44,6,1.838 
44,7,0.504 
44,8,0.2893 
44,9,2.4402 
45,0,6.7835 
45,1,2.4909 
45,2,2.8984 
45,3,1.9968 
45,4,1.2403 
45,5,2.043 
45,6,3.1331 
45,7,2.1899 
45,8,2.1602 
45,9,1.5445 
46,0,4.9795 
46,1,3.5335 
46,2,4.7904 
46,3,2.3428 
46,4,1.8433 
46,5,2.5154 
46,6,0.6546 
46,7,3.528 
46,8,3.0872 
46,9,1.2736 
47,0,5.3743 
47,1,2.1806 
47,2,2.565 
47,3,2.7293 
47,4,1.6025 
47,5,4.1545 
47,6,2.4551 
47,7,2.2548 
47,8,4.7949 
47,9,1.542 
48,0,5.1299 
48,1,2.3633 
48,2,0.0927 
48,3,1.0659 
48,4,1.3321 
48,5,2.9348 
48,6,1.1379 
48,7,2.096 
48,8,1.7452 
48,9,2.3573 
49,0,6.2117 
49,1,4.3072 
49,2,2.3695 
49,3,3.1917 
49,4,2.1113 
49,5,0.7441 
49,6,1.2701 
49,7,-0.1355 
49,8,2.2909 
49,9,1.334 
50,0,2.2389 
50,1,4.0013 
50,2,2.0041 
50,3,1.6988 
50,4,2.4352 
50,5,2.3635 
50,6,1.6725 
50,7,3.1203 
50,8,1.4106 
50,9,2.6947 
51,0,5.5734 
51,1,4.7204 
51,2,3.0336 
51,3,2.3309 
51,4,1.5156 
51,5,3.4297 
51,6,2.1943 
51,7,0.9947 
51,8,1.9655 
51,9,3.4863 
52,0,6.0753 
52,1,4.3323 
52,2,1.2649 
52,3,3.6213 
52,4,1.8153 
52,5,1.6312 
52,6,0.5235 
52,7,2.8026 
52,8,1.7678 
52,9,0.8835 
53,0,5.6636 
53,1,4.2606 
53,2,2.6863 
53,3,2.8931 
53,4,1.4948 
53,5,1.6362 
53,6,3.2423 
53,7,3.1389 
53,8,2.4769 
53,9,1.7032 
54,0,4.9424 
54,1,3.1148 
54,2,1.842 
54,3,1.1248 
54,4,-0.718 
54,5,2.4572 
54,6,1.7693 
54,7,1.3146 
54,8,0.7578 
54,9,2.4147 
55,0,3.914 
55,1,3.945 
55,2,1.4655 
55,3,3.5074 
55,4,3.3218 
55,5,0.2773 
55,6,1.4033 
55,7,0.8572 
55,8,1.6891 
55,9,1.1292 
56,0,3.401 
56,1,2.8812 
56,2,3.7457 
56,3,3.047 
56,4,1.2536 
56,5,2.0991 
56,6,2.1467 
56,7,-0.4451 
56,8,2.6517 
56,9,0.5314 
57,0,4.0211 
57,1,3.3943 
57,2,2.5455 
57,3,2.4972 
57,4,2.5622 
57,5,2.6535 
57,6,2.3085 
57,7,1.5184 
57,8,0.0674 
57,9,1.2225 
58,0,4.8132 
58,1,4.0277 
58,2,2.2677 
58,3,1.2763 
58,4,3.037 
58,5,1.8059 
58,6,3.2605 
58,7,2.2554 
58,8,1.3021 
58,9,2.7719 
59,0,4.2591 
59,1,2.9464 
59,2,2.9484 
59,3,2.0368 
59,4,2.1104 
59,5,1.0725 
59,6,2.0793 
59,7,1.4886 
59,8,1.3297 
59,9,0.97 
60,0,4.5575 
60,1,4.6367 
60,2,-0.1697 
60,3,3.1054 
60,4,1.3987 
60,5,3.0951 
60,6,1.861 
60,7,2.0581 
60,8,2.0856 
60,9,1.6387 
61,0,6.7369 
61,1,3.8813 
61,2,1.2019 
61,3,1.0053 
61,4,2.0963 
61,5,0.9617 
61,6,2.1522 
61,7,2.355 
61,8,2.0082 
61,9,1.4257 
62,0,4.7641 
62,1,4.8546 
62,2,1.599 
62,3,1.6861 
62,4,3.0843 
62,5,1.3205 
62,6,-1.3271 
62,7,2.0315 
62,8,2.8602 
62,9,2.8601 
63,0,5.449 
63,1,4.5755 
63,2,2.1452 
63,3,3.1062 
63,4,1.8915 
63,5,2.6817 
63,6,0.4701 
63,7,4.5316 
63,8,1.4066 
63,9,2.0842 
64,0,6.5373 
64,1,4.2848 
64,2,0.3112 
64,3,2.1408 
64,4,0.3374 
64,5,2.5281 
64,6,2.4917 
64,7,3.7201 
64,8,1.6393 
64,9,0.9535 
65,0,2.8275 
65,1,5.0833 
65,2,1.4291 
65,3,2.0207 
65,4,3.7638 
65,5,2.7952 
65,6,1.7916 
65,7,3.0135 
65,8,2.0514 
65,9,0.9296 
66,0,4.7709 
66,1,5.6587 
66,2,1.1077 
66,3,2.8404 
66,4,1.9766 
66,5,2.7331 
66,6,1.5157 
66,7,2.5525 
66,8,1.2826 
66,9,2.4928 
67,0,4.5791 
67,1,4.6476 
67,2,3.9134 
67,3,1.7525 
67,4,3.2817 
67,5,2.0298 
67,6,3.4265 
67,7,2.1405 
67,8,3.3328 
67,9,2.3557 
68,0,5.6484 
68,1,3.2611 
68,2,2.106 
68,3,2.1197 
68,4,3.0868 
68,5,2.7909 
68,6,1.7964 
68,7,1.7548 
68,8,-1.1254 
68,9,1.4694 
69,0,4.1937 
69,1,3.5793 
69,2,3.2663 
69,3,4.1026 
69,4,1.933 
69,5,2.1072 
69,6,0.9629 
69,7,4.0127 
69,8,1.1242 
69,9,1.5791 
70,0,5.5479 
70,1,4.5802 
70,2,2.3439 
70,3,2.0984 
70,4,1.8426 
70,5,-0.4924 
70,6,2.7157 
70,7,3.6845 
70,8,1.377 
70,9,2.0364 
71,0,5.4659 
71,1,2.7672 
71,2,2.6501 
71,3,1.2743 
71,4,0.9063 
71,5,2.0126 
71,6,1.4998 
71,7,4.0164 
71,8,0.6138 
71,9,2.0591 
72,0,4.635 
72,1,2.1489 
72,2,0.2735 
72,3,1.4076 
72,4,2.1066 
72,5,1.8183 
72,6,1.6033 
72,7,2.2536 
72,8,2.4542 
72,9,2.7865 
73,0,7.2764 
73,1,5.166 
73,2,3.3241 
73,3,2.9669 
73,4,2.4366 
73,5,2.8143 
73,6,1.0017 
73,7,-0.2617 
73,8,0.8633 
73,9,2.3723 
74,0,4.8326 
74,1,5.0322 
74,2,3.4774 
74,3,3.0872 
74,4,2.0737 
74,5,1.9475 
74,6,1.8568 
74,7,1.3036 
74,8,2.1173 
74,9,3.6906 
75,0,5.0735 
75,1,4.7172 
75,2,2.6955 
75,3,3.8731 
75,4,3.0377 
75,5,4.2547 
75,6,1.0485 
75,7,1.6811 
75,8,1.2622 
75,9,1.7329 
76,0,5.7813 
76,1,5.5287 
76,2,1.0389 
76,3,2.107 
76,4,2.0298 
76,5,2.6831 
76,6,2.9658 
76,7,2.7667 
76,8,1.4393 
76,9,1.5208 
77,0,4.4152 
77,1,4.3328 
77,2,2.0416 
77,3,2.5704 
77,4,3.2932 
77,5,1.838 
77,6,2.4634 
77,7,0.5862 
77,8,4.055 
77,9,2.3238 
78,0,6.6847 
78,1,2.3226 
78,2,1.6423 
78,3,2.6324 
78,4,3.4464 
78,5,0.8016 
78,6,1.009 
78,7,2.0943 
78,8,1.4864 
78,9,2.2221 
79,0,5.4156 
79,1,4.7518 
79,2,-2.0801 
79,3,0.2775 
79,4,3.136 
79,5,1.6948 
79,6,1.3772 
79,7,1.5848 
79,8,0.628 
79,9,1.1711 
80,0,4.8555 
80,1,3.4455 
80,2,2.4448 
80,3,3.8778 
80,4,1.0656 
80,5,2.4114 
80,6,2.3339 
80,7,1.9447 
80,8,1.8344 
80,9,1.9737 
81,0,5.0587 
81,1,4.1245 
81,2,2.78 
81,3,3.1721 
81,4,2.7211 
81,5,2.1158 
81,6,2.4082 
81,7,2.3096 
81,8,2.4109 
81,9,3.1263 
82,0,4.9187 
82,1,4.6589 
82,2,2.2332 
82,3,1.8435 
82,4,2.5337 
82,5,1.2149 
82,6,2.3226 
82,7,3.0281 
82,8,2.8274 
82,9,2.8421 
83,0,4.6211 
83,1,5.2939 
83,2,0.802 
83,3,1.1559 
83,4,0.5124 
83,5,3.175 
83,6,1.7267 
83,7,1.7907 
83,8,3.6024 
83,9,2.5415 
84,0,4.8606 
84,1,6.5204 
84,2,0.982 
84,3,3.1051 
84,4,0.0741 
84,5,2.9013 
84,6,1.3918 
84,7,2.9042 
84,8,2.1457 
84,9,3.4371 
85,0,3.0613 
85,1,5.5605 
85,2,1.7108 
85,3,1.7887 
85,4,1.6441 
85,5,3.334 
85,6,0.9564 
85,7,0.8297 
85,8,3.0891 
85,9,3.387 
86,0,4.4115 
86,1,4.2444 
86,2,2.2117 
86,3,3.1634 
86,4,0.7774 
86,5,2.8345 
86,6,1.6304 
86,7,1.7006 
86,8,2.5691 
86,9,2.2305 
87,0,3.6764 
87,1,3.3983 
87,2,1.6308 
87,3,2.1503 
87,4,3.866 
87,5,4.3219 
87,6,2.808 
87,7,1.1828 
87,8,2.2113 
87,9,0.0981 
88,0,4.3164 
88,1,3.6618 
88,2,2.6749 
88,3,0.6242 
88,4,3.8799 
88,5,2.8622 
88,6,2.9459 
88,7,1.8007 
88,8,2.8818 
88,9,1.0628 
89,0,5.3154 
89,1,3.7658 
89,2,2.2853 
89,3,0.1716 
89,4,2.9521 
89,5,2.2662 
89,6,3.0605 
89,7,3.0004 
89,8,0.705 
89,9,3.2786 
90,0,4.0417 
90,1,4.9919 
90,2,1.0491 
90,3,2.183 
90,4,1.159 
90,5,1.7835 
90,6,1.7754 
90,7,0.7508 
90,8,2.2573 
90,9,3.1998 
91,0,4.6794 
91,1,3.4908 
91,2,2.0516 
91,3,1.7242 
91,4,2.1473 
91,5,2.734 
91,6,0.6283 
91,7,4.1056 
91,8,0.7143 
91,9,0.6276 
92,0,6.6048 
92,1,4.0 
92,2,1.6665 
92,3,1.3889 
92,4,3.4923 
92,5,4.5354 
92,6,2.1994 
92,7,2.1044 
92,8,2.8311 
92,9,2.3238 
93,0,5.8551 
93,1,3.274 
93,2,2.4294 
93,3,2.7207 
93,4,1.7531 
93,5,1.685 
93,6,2.1741 
93,7,2.4073 
93,8,3.7926 
93,9,1.889 
94,0,4.598 
94,1,4.2002 
94,2,2.2534 
94,3,3.4706 
94,4,2.2573 
94,5,0.9561 
94,6,1.9666 
94,7,2.8099 
94,8,3.4862 
94,9,2.415 
95,0,3.797 
95,1,4.8465 
95,2,2.2328 
95,3,2.435 
95,4,2.3642 
95,5,1.5524 
95,6,0.1646 
95,7,2.2964 
95,8,2.7527 
95,9,1.7896 
96,0,5.0374 
96,1,4.101 
96,2,1.5106 
96,3,2.3073 
96,4,0.8946 
96,5,2.4575 
96,6,2.3565 
96,7,2.4509 
96,8,2.7331 
96,9,2.0134 
97,0,3.8967 
97,1,3.4497 
97,2,1.8851 
97,3,0.0934 
97,4,1.7405 
97,5,2.3653 
97,6,0.1487 
97,7,2.0291 
97,8,2.5525 
97,9,3.1968 
98,0,4.8051 
98,1,3.9438 
98,2,2.1933 
98,3,0.3933 
98,4,1.5716 
98,5,1.5902 
98,6,3.5225 
98,7,3.6405 
98,8,2.0458 
98,9,2.4881 
99,0,4.1194 
99,1,4.9874 
99,2,3.124 
99,3,3.3909 
99,4,2.867 
99,5,-0.1893 
99,6,1.4793 
99,7,0.4818 
99,8,2.3782 
99,9,1.8825 
100,0,5.6097 
100,1,4.1517 
100,2,1.7842 
100,3,3.347 
100,4,2.5727 
100,5,3.7098 
100,6,1.4743 
100,7,1.8291 
100,8,1.2747 
100,9,1.0971 
101,0,5.1362 
101,1,3.506 
101,2,1.3226 
101,3,1.5249 
101,4,2.3361 
101,5,0.6954 
101,6,1.8637 
101,7,2.5801 
101,8,1.3831 
101,9,1.5204 
102,0,5.4371 
102,1,3.5193 
102,2,1.7884 
102,3,3.6289 
102,4,0.7307 
102,5,2.0595 
102,6,3.7404 
102,7,2.2812 
102,8,2.1233 
102,9,0.6159 
103,0,3.9692 
103,1,3.7291 
103,2,2.6609 
103,3,1.7701 
103,4,2.8085 
103,5,2.8037 
103,6,2.158 
103,7,0.9112 
103,8,2.4424 
103,9,2.2343 
104,0,3.53 
104,1,2.358 
104,2,1.9999 
104,3,3.4392 
104,4,2.0886 
104,5,0.8201 
104,6,1.0242 
104,7,2.2476 
104,8,1.093 
104,9,1.6649 
105,0,3.4027 
105,1,3.9102 
105,2,2.8971 
105,3,1.5144 
105,4,2.9857 
105,5,1.6951 
105,6,1.9028 
105,7,1.7108 
105,8,2.1064 
105,9,2.9019 
106,0,3.6867 
106,1,4.2842 
106,2,2.1295 
106,3,1.9562 
106,4,1.6379 
106,5,1.0694 
106,6,2.5802 
106,7,2.6371 
106,8,2.084 
106,9,1.1867 
107,0,3.8169 
107,1,4.0455 
107,2,2.4581 
107,3,2.3921 
107,4,4.1282 
107,5,0.4463 
107,6,-0.1603 
107,7,3.2756 
107,8,1.3535 
107,9,1.0026 
108,0,4.7844 
108,1,3.9335 
108,2,0.4234 
108,3,1.4948 
108,4,4.2496 
108,5,1.4399 
108,6,1.7153 
108,7,4.3352 
108,8,2.0261 
108,9,3.4274 
109,0,5.539 
109,1,4.3105 
109,2,1.9377 
109,3,2.6666 
109,4,3.3201 
109,5,1.8525 
109,6,1.4352 
109,7,2.0875 
109,8,0.8254 
109,9,1.2067 
110,0,5.4046 
110,1,4.9025 
110,2,3.2476 
110,3,3.9078 
110,4,3.1573 
110,5,1.5943 
110,6,1.9786 
110,7,1.2828 
110,8,0.127 
110,9,2.4145 
111,0,2.48 
111,1,1.6289 
111,2,2.3211 
111,3,2.4189 
111,4,1.614 
111,5,2.1838 
111,6,0.174 
111,7,1.0995 
111,8,0.338 
111,9,1.7469 
112,0,4.2753 
112,1,3.8922 
112,2,2.0753 
112,3,1.3427 
112,4,2.7006 
112,5,2.8513 
112,6,1.8613 
112,7,4.3306 
112,8,2.0443 
112,9,2.8119 
113,0,4.2426 
113,1,5.8227 
113,2,4.3031 
113,3,0.287 
113,4,1.3206 
113,5,3.8817 
113,6,2.6133 
113,7,1.3318 
113,8,2.3171 
113,9,3.2347 
114,0,6.0163 
114,1,3.1207 
114,2,1.7146 
114,3,3.5732 
114,4,2.5989 
114,5,2.8211 
114,6,2.9761 
114,7,2.4157 
114,8,2.1982 
114,9,1.37 
115,0,5.9604 
115,1,4.7505 
115,2,1.1133 
115,3,2.0639 
115,4,2.0424 
115,5,2.8114 
115,6,1.0213 
115,7,1.6599 
115,8,2.7159 
115,9,3.1964 
116,0,3.5781 
116,1,4.2753 
116,2,0.8167 
116,3,1.3894 
116,4,1.6822 
116,5,3.4254 
116,6,3.7662 
116,7,2.4742 
116,8,2.7974 
116,9,1.9758 
117,0,5.1597 
117,1,4.4989 
117,2,-1.198 
117,3,1.7963 
117,4,2.5526 
117,5,1.336 
117,6,3.3722 
117,7,1.7938 
117,8,2.692 
117,9,1.1685 
118,0,6.4832 
118,1,5.0041 
118,2,1.9239 
118,3,0.9454 
118,4,3.0221 
118,5,1.6938 
118,6,3.6642 
118,7,0.6019 
118,8,2.2246 
118,9,2.6741 
119,0,5.494 
119,1,5.2462 
119,2,2.5534 
119,3,2.3476 
119,4,2.0991 
119,5,2.4561 
119,6,1.2153 
119,7,1.5901 
119,8,1.7395 
119,9,2.5452 
120,0,3.8829 
120,1,3.6538 
120,2,0.1685 
120,3,3.5959 
120,4,1.7282 
120,5,0.9492 
120,6,1.789 
120,7,1.1337 
120,8,2.1639 
120,9,2.92 
121,0,3.0044 
121,1,2.3413 
121,2,1.734 
121,3,2.1423 
121,4,0.9498 
121,5,2.0894 
121,6,1.6031 
121,7,2.6303 
121,8,1.7025 
121,9,0.5198 
122,0,7.1672 
122,1,3.4586 
122,2,1.6003 
122,3,1.6118 
122,4,2.7077 
122,5,2.1767 
122,6,3.2739 
122,7,0.4895 
122,8,0.7354 
122,9,2.5992 
123,0,5.0742 
123,1,4.7331 
123,2,0.2032 
123,3,2.0576 
123,4,2.1135 
123,5,4.0122 
123,6,2.7242 
123,7,0.6072 
123,8,0.871 
123,9,2.716 
124,0,4.8462 
124,1,1.4306 
124,2,2.2987 
124,3,4.1164 
124,4,2.171 
124,5,0.3248 
124,6,2.2754 
124,7,2.2395 
124,8,1.4614 
124,9,2.3886 
125,0,4.0072 
125,1,5.6091 
125,2,1.649 
125,3,2.3493 
125,4,2.4752 
125,5,0.7629 
125,6,1.288 
125,7,2.7821 
125,8,1.9289 
125,9,0.0719 
126,0,5.2233 
126,1,4.9476 
126,2,2.8526 
126,3,1.1617 
126,4,2.6122 
126,5,1.4142 
126,6,2.5434 
126,7,1.7958 
126,8,0.1421 
126,9,2.4693 
127,0,4.5136 
127,1,3.1624 
127,2,3.3499 
127,3,2.6957 
127,4,1.5343 
127,5,1.727 
127,6,2.5062 
127,7,1.547 
127,8,2.4993 
127,9,3.979 
128,0,4.9033 
128,1,3.8929 
128,2,2.5853 
128,3,3.3096 
128,4,3.4363 
128,5,1.7277 
128,6,-0.5213 
128,7,1.3918 
128,8,2.1989 
128,9,2.743 
129,0,5.0473 
129,1,3.8143 
129,2,1.7881 
129,3,2.4731 
129,4,2.2298 
129,5,1.6738 
129,6,3.0995 
129,7,3.328 
129,8,2.0074 
129,9,1.3962 
130,0,5.9477 
130,1,4.5035 
130,2,4.6777 
130,3,2.6396 
130,4,0.4732 
130,5,0.6163 
130,6,2.8383 
130,7,2.2256 
130,8,2.2152 
130,9,4.1958 
131,0,5.229 
131,1,4.1793 
131,2,1.846 
131,3,3.9697 
131,4,2.479 
131,5,2.7231 
131,6,3.5002 
131,7,2.3139 
131,8,1.1387 
131,9,2.1493 
132,0,3.5794 
132,1,5.1299 
132,2,1.3157 
132,3,1.859 
132,4,2.2316 
132,5,3.3128 
132,6,1.3241 
132,7,1.832 
132,8,1.3946 
132,9,1.2832 
133,0,3.6316 
133,1,4.7129 
133,2,2.3703 
133,3,1.8379 
133,4,3.1502 
133,5,2.6552 
133,6,2.9494 
133,7,3.7396 
133,8,1.2819 
133,9,1.3898 
134,0,6.382 
134,1,3.5393 
134,2,1.6602 
134,3,1.6696 
134,4,0.4911 
134,5,4.0308 
134,6,2.7274 
134,7,2.0431 
134,8,2.7824 
134,9,0.8905 
135,0,4.6774 
135,1,3.6355 
135,2,1.9436 
135,3,0.6962 
135,4,1.9762 
135,5,1.5837 
135,6,1.6618 
135,7,1.5457 
135,8,3.7945 
135,9,1.8081 
136,0,5.3971 
136,1,3.1168 
136,2,1.7988 
136,3,1.8406 
136,4,2.4806 
136,5,-0.2651 
136,6,3.1997 
136,7,2.8374 
136,8,1.3894 
136,9,0.8466 
137,0,4.277 
137,1,4.4327 
137,2,1.9244 
137,3,2.9868 
137,4,1.7518 
137,5,2.4912 
137,6,1.0325 
137,7,3.4415 
137,8,1.2 
137,9,2.5498 
138,0,3.9464 
138,1,4.7943 
138,2,1.8151 
138,3,2.62 
138,4,0.9704 
138,5,0.4782 
138,6,1.6544 
138,7,0.2386 
138,8,2.6729 
138,9,1.1795 
139,0,3.9382 
139,1,2.346 
139,2,2.3232 
139,3,2.1953 
139,4,1.6835 
139,5,1.6451 
139,6,2.0283 
139,7,2.093 
139,8,1.124 
139,9,4.5293 
140,0,5.8199 
140,1,1.646 
140,2,3.621 
140,3,1.4745 
140,4,1.5429 
140,5,2.1746 
140,6,2.5282 
140,7,2.54 
140,8,3.9231 
140,9,2.4854 
141,0,4.9424 
141,1,4.2724 
141,2,2.245 
141,3,2.6717 
141,4,0.8538 
141,5,2.6172 
141,6,1.8743 
141,7,1.6562 
141,8,2.0144 
141,9,2.8609 
142,0,4.1391 
142,1,3.8214 
142,2,2.3625 
142,3,-1.8305 
142,4,2.4496 
142,5,0.627 
142,6,1.17 
142,7,3.372 
142,8,3.1596 
142,9,5.126 
143,0,3.6859 
143,1,4.4013 
143,2,2.5133 
143,3,2.7051 
143,4,2.249 
143,5,1.1068 
143,6,1.9983 
143,7,1.7543 
143,8,-0.0049 
143,9,1.3182 
144,0,4.4088 
144,1,5.0735 
144,2,3.3571 
144,3,2.6665 
144,4,1.8537 
144,5,2.8873 
144,6,2.6981 
144,7,2.9616 
144,8,2.3987 
144,9,2.638 
145,0,5.8708 
145,1,3.2842 
145,2,2.6761 
145,3,2.2705 
145,4,3.1725 
145,5,2.6294 
145,6,2.4292 
145,7,3.6295 
145,8,2.5416 
145,9,2.5204 
146,0,5.0723 
146,1,4.9082 
146,2,2.9981 
146,3,2.3534 
146,4,1.9551 
146,5,1.6796 
146,6,0.8481 
146,7,1.0311 
146,8,1.4788 
146,9,1.6241 
147,0,5.2271 
147,1,3.211 
147,2,1.4179 
147,3,2.1683 
147,4,0.8327 
147,5,1.9708 
147,6,2.6469 
147,7,3.6605 
147,8,2.229 
147,9,2.1628 
148,0,5.3544 
148,1,2.9327 
148,2,3.4224 
148,3,-0.8623 
148,4,1.4711 
148,5,0.6054 
148,6,3.1215 
148,7,2.3985 
148,8,1.3746 
148,9,0.1202 
149,0,3.3484 
149,1,2.5666 
149,2,2.1876 
149,3,1.7699 
149,4,1.4414 
149,5,3.0221 
149,6,1.6032 
149,7,2.124 
149,8,2.6986 
149,9,1.295 
150,0,5.1109 
150,1,3.347 
150,2,2.8049 
150,3,2.5688 
150,4,1.8588 
150,5,2.7297 
150,6,1.5672 
150,7,2.8511 
150,8,2.7738 
150,9,3.9641 
151,0,4.9283 
151,1,3.8889 
151,2,1.5822 
151,3,1.5553 
151,4,2.8205 
151,5,1.2603 
151,6,0.5859 
151,7,0.5873 
151,8,1.3108 
151,9,1.998 
152,0,4.1077 
152,1,3.8686 
152,2,-0.1242 
152,3,3.2585 
152,4,1.799 
152,5,3.0694 
152,6,1.3402 
152,7,2.5212 
152,8,1.5615 
152,9,1.5846 
153,0,5.2387 
153,1,3.0869 
153,2,2.0564 
153,3,1.4979 
153,4,0.9586 
153,5,4.0423 
153,6,2.4987 
153,7,2.0134 
153,8,1.8817 
153,9,1.4735 
154,0,4.2825 
154,1,3.6694 
154,2,3.3555 
154,3,0.9675 
154,4,2.0613 
154,5,2.5628 
154,6,1.6878 
154,7,1.7291 
154,8,2.7563 
154,9,2.4966 
155,0,5.6204 
155,1,4.7533 
155,2,1.3967 
155,3,1.6105 
155,4,1.8556 
155,5,2.3521 
155,6,0.7899 
155,7,1.3154 
155,8,2.2927 
155,9,1.5744 
156,0,3.0015 
156,1,2.9651 
156,2,4.0483 
156,3,3.2734 
156,4,1.9567 
156,5,1.3508 
156,6,2.2525 
156,7,3.3798 
156,8,1.4492 
156,9,1.2374 
157,0,4.1833 
157,1,3.3454 
157,2,0.878 
157,3,1.5714 
157,4,1.2376 
157,5,2.0568 
157,6,2.4687 
157,7,1.083 
157,8,2.2029 
157,9,1.5221 
158,0,5.061 
158,1,4.9432 
158,2,1.0372 
158,3,1.415 
158,4,1.4413 
158,5,0.7293 
158,6,1.9129 
158,7,2.4556 
158,8,0.5916 
158,9,2.2385 
159,0,3.9208 
159,1,3.9432 
159,2,1.931 
159,3,3.1884 
159,4,0.719 
159,5,2.4756 
159,6,0.9101 
159,7,1.6034 
159,8,1.5882 
159,9,1.5747 
160,0,3.9947 
160,1,3.0454 
160,2,3.7858 
160,3,0.7821 
160,4,3.0357 
160,5,1.0002 
160,6,2.9647 
160,7,1.2342 
160,8,2.5268 
160,9,-0.0456 
161,0,3.5471 
161,1,3.9089 
161,2,1.9434 
161,3,2.5491 
161,4,2.8451 
161,5,2.4862 
161,6,1.4083 
161,7,1.2914 
161,8,1.9236 
161,9,1.5108 
162,0,4.3189 
162,1,3.1629 
162,2,2.1546 
162,3,2.2995 
162,4,1.3124 
162,5,2.0877 
162,6,2.3445 
162,7,3.8163 
162,8,2.0205 
162,9,1.78 
163,0,5.3535 
163,1,4.2466 
163,2,1.5069 
163,3,1.8231 
163,4,2.0452 
163,5,0.4737 
163,6,2.9751 
163,7,3.0185 
163,8,3.1245 
163,9,1.0807 
164,0,5.1686 
164,1,4.5464 
164,2,1.7869 
164,3,3.1494 
164,4,3.1229 
164,5,2.0243 
164,6,2.6611 
164,7,3.8331 
164,8,2.6643 
164,9,0.2482 
165,0,5.5447 
165,1,2.7056 
165,2,2.5946 
165,3,2.3009 
165,4,1.2803 
165,5,1.3895 
165,6,1.622 
165,7,0.7516 
165,8,1.3836 
165,9,3.0827 
166,0,5.6409 
166,1,0.7974 
166,2,3.6244 
166,3,2.4653 
166,4,1.0853 
166,5,2.721 
166,6,1.9973 
166,7,2.4704 
166,8,1.9267 
166,9,3.0437 
167,0,3.9436 
167,1,3.4846 
167,2,0.7605 
167,3,2.5715 
167,4,1.5212 
167,5,1.9019 
167,6,0.3999 
167,7,2.366 
167,8,1.5518 
167,9,1.2203 
168,0,4.8392 
168,1,4.2079 
168,2,1.401 
168,3,2.9636 
168,4,0.8094 
168,5,2.3113 
168,6,4.647 
168,7,0.8227 
168,8,1.3023 
168,9,2.9656 
169,0,5.6824 
169,1,2.4172 
169,2,1.4793 
169,3,0.0232 
169,4,2.7201 
169,5,1.0158 
169,6,1.2927 
169,7,2.4956 
169,8,2.0409 
169,9,2.0518 
170,0,6.1145 
170,1,4.4891 
170,2,2.7165 
170,3,1.0283 
170,4,2.3534 
170,5,0.8727 
170,6,2.9274 
170,7,1.6682 
170,8,2.6186 
170,9,2.6246 
171,0,5.5455 
171,1,2.4517 
171,2,1.112 
171,3,2.8052 
171,4,1.5276 
171,5,1.8644 
171,6,1.9572 
171,7,2.1557 
171,8,2.551 
171,9,2.2739 
172,0,4.028 
172,1,4.6098 
172,2,2.0743 
172,3,3.5313 
172,4,3.0512 
172,5,0.5449 
172,6,2.0456 
172,7,1.196 
172,8,2.4899 
172,9,2.5279 
173,0,3.7956 
173,1,3.4976 
173,2,2.8751 
173,3,2.7409 
173,4,2.9859 
173,5,2.8902 
173,6,2.1339 
173,7,2.9785 
173,8,-0.2641 
173,9,1.7493 
174,0,4.2901 
174,1,3.1564 
174,2,1.3364 
174,3,0.13 
174,4,2.3719 
174,5,1.2761 
174,6,1.1799 
174,7,1.8334 
174,8,2.1945 
174,9,3.2304 
175,0,3.2604 
175,1,3.9916 
175,2,2.5497 
175,3,2.5564 
175,4,2.6109 
175,5,0.2569 
175,6,3.0551 
175,7,1.8871 
175,8,1.043 
175,9,3.1503 
176,0,5.1232 
176,1,2.7896 
176,2,3.3232 
176,3,2.2098 
176,4,2.5513 
176,5,2.5722 
176,6,3.3055 
176,7,0.9222 
176,8,-0.22 
176,9,2.0442 
177,0,4.7533 
177,1,2.9632 
177,2,1.3195 
177,3,1.5727 
177,4,2.8177 
177,5,1.6732 
177,6,0.2727 
177,7,2.207 
177,8,3.231 
177,9,4.0208 
178,0,5.29 
178,1,4.5232 
178,2,2.1158 
178,3,1.8036 
178,4,1.6782 
178,5,0.8312 
178,6,2.3851 
178,7,2.3335 
178,8,0.7271 
178,9,1.4806 
179,0,6.6619 
179,1,4.1296 
179,2,2.0876 
179,3,1.4776 
179,4,3.0004 
179,5,2.8314 
179,6,0.8061 
179,7,1.497 
179,8,0.6828 
179,9,1.809 
180,0,5.895 
180,1,3.9154 
180,2,3.0563 
180,3,2.7584 
180,4,1.9012 
180,5,3.2373 
180,6,1.6911 
180,7,0.7496 
180,8,1.625 
180,9,3.2463 
181,0,4.6613 
181,1,5.3943 
181,2,2.2574 
181,3,2.4981 
181,4,3.332 
181,5,1.8238 
181,6,0.4782 
181,7,1.4255 
181,8,1.0441 
181,9,1.5437 
182,0,4.7928 
182,1,4.4489 
182,2,1.7724 
182,3,2.5855 
182,4,1.821 
182,5,-0.8877 
182,6,1.8543 
182,7,1.9854 
182,8,2.6828 
182,9,3.1652 
183,0,4.823 
183,1,5.564 
183,2,2.128 
183,3,2.5406 
183,4,0.6516 
183,5,2.9302 
183,6,3.2616 
183,7,1.8798 
183,8,1.6509 
183,9,3.1219 
184,0,5.5228 
184,1,4.1996 
184,2,2.7271 
184,3,3.3461 
184,4,1.5375 
184,5,1.1758 
184,6,1.6432 
184,7,1.4599 
184,8,2.1613 
184,9,1.8616 
185,0,5.4669 
185,1,4.4925 
185,2,3.7478 
185,3,3.0987 
185,4,2.2959 
185,5,3.0768 
185,6,2.1291 
185,7,1.6784 
185,8,3.3655 
185,9,2.7414 
186,0,5.1171 
186,1,2.8012 
186,2,2.1713 
186,3,2.6672 
186,4,3.6532 
186,5,3.1323 
186,6,1.8229 
186,7,2.3024 
186,8,1.8434 
186,9,2.3698 
187,0,4.2111 
187,1,5.5791 
187,2,3.56 
187,3,2.6685 
187,4,2.7006 
187,5,1.2015 
187,6,1.9247 
187,7,2.6331 
187,8,1.5231 
187,9,2.7467 
188,0,4.5833 
188,1,4.9481 
188,2,3.5882 
188,3,1.6705 
188,4,0.5183 
188,5,0.2049 
188,6,1.1364 
188,7,2.559 
188,8,1.8862 
188,9,1.7718 
189,0,5.1888 
189,1,3.7926 
189,2,3.9678 
189,3,2.7509 
189,4,1.8197 
189,5,0.5236 
189,6,1.4788 
189,7,2.833 
189,8,1.0595 
189,9,1.8142 
190,0,4.6827 
190,1,4.6724 
190,2,0.4635 
190,3,1.5192 
190,4,1.3596 
190,5,0.8888 
190,6,3.6857 
190,7,3.0837 
190,8,0.7395 
190,9,1.3769 
191,0,7.7926 
191,1,4.2563 
191,2,2.8549 
191,3,2.4774 
191,4,3.5662 
191,5,0.6459 
191,6,2.4252 
191,7,0.5527 
191,8,3.4585 
191,9,1.7878 
192,0,5.5779 
192,1,2.7424 
192,2,2.5235 
192,3,1.5335 
192,4,2.2677 
192,5,2.2864 
192,6,1.6346 
192,7,2.2187 
192,8,1.5916 
192,9,3.595 
193,0,6.7117 
193,1,3.9236 
193,2,1.2837 
193,3,-0.5044 
193,4,-0.184 
193,5,1.9913 
193,6,1.5824 
193,7,3.6532 
193,8,0.1387 
193,9,3.1957 
194,0,6.6125 
194,1,3.4861 
194,2,2.9011 
194,3,3.4542 
194,4,2.0753 
194,5,1.7528 
194,6,1.179 
194,7,0.4809 
194,8,2.0255 
194,9,2.4629 
195,0,4.6277 
195,1,2.839 
195,2,1.3254 
195,3,2.0835 
195,4,2.1596 
195,5,1.2287 
195,6,0.476 
195,7,0.014 
195,8,1.4334 
195,9,3.8034 
196,0,5.0 
196,1,3.9782 
196,2,1.4514 
196,3,1.6617 
196,4,1.2981 
196,5,3.1392 
196,6,1.8372 
196,7,1.3578 
196,8,3.3153 
196,9,2.2246 
197,0,5.2911 
197,1,4.4371 
197,2,1.6303 
197,3,1.2708 
197,4,2.3733 
197,5,2.1964 
197,6,2.3598 
197,7,4.4067 
197,8,1.4195 
197,9,1.8904 
198,0,6.634 
198,1,2.9224 
198,2,2.7406 
198,3,2.0557 
198,4,1.2176 
198,5,2.5598 
198,6,1.6963 
198,7,3.2638 
198,8,1.1295 
198,9,1.3295 
199,0,5.1339 
199,1,3.6832 
199,2,2.4851 
199,3,0.9657 
199,4,2.8572 
199,5,1.7821 
199,6,2.2473 
199,7,2.1391 
199,8,2.8708 
199,9,2.0227 
200,0,4.2 
200,1,3.82 
200,2,-0.2698 
200,3,0.8252 
200,4,2.6723 
200,5,2.67 
200,6,1.8944 
200,7,1.3786 
200,8,1.1369 
200,9,2.2378 
201,0,6.7429 
201,1,2.9668 
201,2,2.1065 
201,3,2.8323 
201,4,2.0801 
201,5,2.426 
201,6,1.8364 
201,7,3.5749 
201,8,3.448 
201,9,0.8335 
202,0,4.0596 
202,1,3.8313 
202,2,1.2166 
202,3,2.5719 
202,4,2.5571 
202,5,0.8219 
202,6,1.9091 
202,7,-0.7919 
202,8,2.4131 
202,9,2.2683 
203,0,4.2832 
203,1,4.8392 
203,2,1.7576 
203,3,2.6243 
203,4,1.8786 
203,5,2.3969 
203,6,0.3474 
203,7,0.8546 
203,8,3.2435 
203,9,-0.5426 
204,0,4.8234 
204,1,3.5036 
204,2,1.8942 
204,3,1.3898 
204,4,0.9886 
204,5,2.3913 
204,6,2.664 
204,7,0.0625 
204,8,3.2221 
204,9,1.4237 
205,0,4.8913 
205,1,3.9898 
205,2,2.0369 
205,3,1.1213 
205,4,1.8576 
205,5,2.2034 
205,6,2.0312 
205,7,0.5083 
205,8,2.4081 
205,9,3.4255 
206,0,3.7733 
206,1,3.7555 
206,2,3.4877 
206,3,0.8755 
206,4,1.7363 
206,5,1.7037 
206,6,2.4341 
206,7,2.2331 
206,8,2.243 
206,9,4.7186 
207,0,3.1095 
207,1,4.086 
207,2,3.1052 
207,3,2.485 
207,4,1.9908 
207,5,2.7137 
207,6,0.7397 
207,7,2.7776 
207,8,3.6951 
207,9,2.5369 
208,0,5.9018 
208,1,4.0568 
208,2,1.5423 
208,3,1.7332 
208,4,2.9232 
208,5,3.5238 
208,6,0.4013 
208,7,3.4366 
208,8,1.7222 
208,9,3.1563 
209,0,4.5452 
209,1,2.8333 
209,2,3.6432 
209,3,2.3588 
209,4,1.6453 
209,5,1.7778 
209,6,2.3651 
209,7,2.4911 
209,8,2.5263 
209,9,2.07 
210,0,4.5208 
210,1,5.5297 
210,2,2.5431 
210,3,1.1595 
210,4,1.9141 
210,5,1.6729 
210,6,2.8061 
210,7,0.9394 
210,8,2.2254 
210,9,2.1186 
211,0,6.1647 
211,1,4.4405 
211,2,2.2933 
211,3,2.6656 
211,4,1.2941 
211,5,0.9741 
211,6,2.5079 
211,7,2.4987 
211,8,0.9654 
211,9,2.3826 
212,0,5.2836 
212,1,4.329 
212,2,2.6828 
212,3,3.846 
212,4,1.031 
212,5,3.2912 
212,6,2.3016 
212,7,1.9943 
212,8,1.8683 
212,9,1.4312 
213,0,5.1041 
213,1,6.6254 
213,2,3.9109 
213,3,1.3107 
213,4,1.5935 
213,5,2.9189 
213,6,2.8432 
213,7,2.214 
213,8,2.8151 
213,9,1.4437 
214,0,3.5603 
214,1,4.7387 
214,2,1.3478 
214,3,3.1068 
214,4,2.7219 
214,5,3.0934 
214,6,2.3204 
214,7,1.479 
214,8,2.7746 
214,9,3.3572 
215,0,4.2466 
215,1,2.627 
215,2,4.1309 
215,3,0.9281 
215,4,1.8097 
215,5,1.7145 
215,6,2.4216 
215,7,2.2082 
215,8,2.4143 
215,9,2.0177 
216,0,2.9856 
216,1,4.9912 
216,2,4.1261 
216,3,1.4149 
216,4,2.1516 
216,5,1.0651 
216,6,1.9168 
216,7,2.194 
216,8,3.5965 
216,9,2.1936 
217,0,5.278 
217,1,2.8439 
217,2,1.9727 
217,3,1.4211 
217,4,2.2148 
217,5,-0.2935 
217,6,1.9771 
217,7,2.0749 
217,8,3.0838 
217,9,0.6188 
218,0,5.4968 
218,1,2.3387 
218,2,2.0156 
218,3,0.2022 
218,4,1.3338 
218,5,2.5023 
218,6,2.7055 
218,7,2.853 
218,8,0.9167 
218,9,0.0491 
219,0,4.9472 
219,1,2.739 
219,2,1.8348 
219,3,0.2735 
219,4,2.8573 
219,5,1.866 
219,6,1.5883 
219,7,2.9303 
219,8,0.3179 
219,9,3.1868 
220,0,3.0822 
220,1,4.4242 
220,2,1.1883 
220,3,1.4355 
220,4,3.4719 
220,5,0.7353 
220,6,2.4851 
220,7,-1.0434 
220,8,1.8531 
220,9,2.6966 
221,0,4.8795 
221,1,4.4757 
221,2,2.7929 
221,3,2.2889 
221,4,1.1824 
221,5,2.9447 
221,6,1.8416 
221,7,2.5836 
221,8,2.1361 
221,9,3.202 
222,0,4.3404 
222,1,3.7227 
222,2,2.9484 
222,3,1.5784 
222,4,3.0561 
222,5,1.5004 
222,6,1.9986 
222,7,1.2631 
222,8,1.5892 
222,9,3.3248 
223,0,5.1649 
223,1,2.4177 
223,2,1.2902 
223,3,2.9037 
223,4,1.1381 
223,5,1.7489 
223,6,4.013 
223,7,1.9013 
223,8,3.196 
223,9,2.9304 
224,0,3.1846 
224,1,5.3605 
224,2,2.0521 
224,3,1.2167 
224,4,1.5098 
224,5,2.2111 
224,6,1.3958 
224,7,1.2112 
224,8,1.3559 
224,9,1.2905 
225,0,5.2634 
225,1,3.5938 
225,2,0.2835 
225,3,2.546 
225,4,1.4507 
225,5,2.1833 
225,6,0.9258 
225,7,1.9473 
225,8,2.5094 
225,9,1.7071 
226,0,3.8282 
226,1,3.9395 
226,2,3.6796 
226,3,2.4936 
226,4,1.4686 
226,5,1.1984 
226,6,2.7345 
226,7,3.7145 
226,8,3.7203 
226,9,1.3756 
227,0,4.2396 
227,1,4.0748 
227,2,-0.0435 
227,3,1.2925 
227,4,2.3463 
227,5,1.9745 
227,6,1.6701 
227,7,1.1804 
227,8,1.8714 
227,9,2.8424 
228,0,7.029 
228,1,3.8972 
228,2,2.0408 
228,3,2.172 
228,4,2.3435 
228,5,2.4174 
228,6,2.5852 
228,7,1.9219 
228,8,2.451 
228,9,2.3812 
229,0,4.7429 
229,1,2.9615 
229,2,1.9093 
229,3,2.9269 
229,4,1.9701 
229,5,1.205 
229,6,3.3281 
229,7,0.5997 
229,8,1.2752 
229,9,2.876 
230,0,3.7227 
230,1,4.5808 
230,2,2.3871 
230,3,0.6456 
230,4,3.1413 
230,5,1.5454 
230,6,2.1695 
230,7,2.1652 
230,8,1.8354 
230,9,2.132 
231,0,6.9484 
231,1,5.7307 
231,2,2.592 
231,3,1.8231 
231,4,3.9904 
231,5,0.3469 
231,6,3.1712 
231,7,2.6681 
231,8,1.9015 
231,9,1.3114 
232,0,5.283 
232,1,2.4814 
232,2,1.6604 
232,3,0.6364 
232,4,0.8003 
232,5,0.4884 
232,6,1.3921 
232,7,0.2867 
232,8,0.8436 
232,9,2.6573 
233,0,2.643 
233,1,5.3242 
233,2,2.8945 
233,3,2.1763 
233,4,2.2019 
233,5,2.2685 
233,6,0.9894 
233,7,2.7418 
233,8,2.5945 
233,9,2.3928 
234,0,4.8311 
234,1,3.3683 
234,2,2.0384 
234,3,1.9494 
234,4,1.1734 
234,5,3.0677 
234,6,0.8627 
234,7,0.9754 
234,8,2.2366 
234,9,3.2802 
235,0,5.5587 
235,1,5.437 
235,2,1.7789 
235,3,1.8509 
235,4,2.8113 
235,5,1.3434 
235,6,2.074 
235,7,3.8409 
235,8,-0.4384 
235,9,1.4088 
236,0,5.6133 
236,1,4.1632 
236,2,1.0333 
236,3,0.9334 
236,4,2.5969 
236,5,2.8259 
236,6,1.723 
236,7,0.616 
236,8,2.7746 
236,9,1.6915 
237,0,4.6057 
237,1,4.6616 
237,2,2.74 
237,3,2.9662 
237,4,2.7597 
237,5,1.4138 
237,6,3.1484 
237,7,2.3485 
237,8,3.7445 
237,9,1.0206 
238,0,3.8112 
238,1,1.9846 
238,2,1.4271 
238,3,2.5659 
238,4,-0.9019 
238,5,2.0146 
238,6,3.0278 
238,7,1.9443 
238,8,-0.1507 
238,9,1.9605 
239,0,5.3411 
239,1,3.3861 
239,2,2.0703 
239,3,2.4693 
239,4,0.9002 
239,5,2.8202 
239,6,0.9269 
239,7,2.2387 
239,8,2.302 
239,9,3.6639 
240,0,6.1979 
240,1,5.5426 
240,2,0.7912 
240,3,2.1317 
240,4,3.9844 
240,5,1.873 
240,6,3.8885 
240,7,-0.2771 
240,8,1.0068 
240,9,1.8487 
241,0,3.3619 
241,1,4.0449 
241,2,2.8422 
241,3,0.2687 
241,4,0.6895 
241,5,1.7078 
241,6,1.0881 
241,7,2.6114 
241,8,0.7497 
241,9,1.4658 
242,0,5.458 
242,1,4.5713 
242,2,-1.4706 
242,3,3.7134 
242,4,2.3392 
242,5,1.0681 
242,6,1.1002 
242,7,0.6719 
242,8,2.2989 
242,9,1.5458 
243,0,5.3426 
243,1,3.9939 
243,2,2.6758 
243,3,1.8162 
243,4,1.8753 
243,5,2.3725 
243,6,-0.555 
243,7,3.4117 
243,8,3.1117 
243,9,3.0529 
244,0,3.4451 
244,1,4.7868 
244,2,1.4624 
244,3,2.335 
244,4,2.3219 
244,5,0.9748 
244,6,2.95 
244,7,2.4244 
244,8,1.0282 
244,9,2.6019 
245,0,6.0603 
245,1,3.0797 
245,2,1.3782 
245,3,2.264 
245,4,0.5113 
245,5,1.8362 
245,6,1.8094 
245,7,-0.1416 
245,8,1.627 
245,9,0.5389 
246,0,6.5445 
246,1,3.6528 
246,2,3.599 
246,3,2.6065 
246,4,1.2104 
246,5,3.3381 
246,6,1.9338 
246,7,2.1525 
246,8,2.2387 
246,9,2.0009 
247,0,4.3385 
247,1,4.9529 
247,2,1.2746 
247,3,1.8955 
247,4,1.3972 
247,5,2.4329 
247,6,2.8121 
247,7,1.4844 
247,8,1.3112 
247,9,2.9658 
248,0,4.4993 
248,1,3.1037 
248,2,1.3916 
248,3,4.3291 
248,4,4.446 
248,5,2.7607 
248,6,2.258 
248,7,2.9279 
248,8,1.1103 
248,9,2.1404 
249,0,5.3739 
249,1,3.2147 
249,2,1.937 
249,3,2.4329 
249,4,1.8325 
249,5,2.979 
249,6,2.6025 
249,7,2.5494 
249,8,1.4491 
249,9,4.1258 
250,0,4.7797 
250,1,4.2869 
250,2,2.5646 
250,3,2.5091 
250,4,2.3127 
250,5,4.9578 
250,6,2.0465 
250,7,1.1794 
250,8,2.0719 
250,9,1.4599 
251,0,5.0588 
251,1,5.028 
251,2,0.8609 
251,3,1.5231 
251,4,2.864 
251,5,2.7625 
251,6,1.4637 
251,7,1.9878 
251,8,0.8577 
251,9,0.5576 
252,0,4.6147 
252,1,4.3372 
252,2,3.4152 
252,3,1.9702 
252,4,2.2241 
252,5,1.0806 
252,6,1.0365 
252,7,1.2828 
252,8,0.959 
252,9,2.2298 
253,0,5.8717 
253,1,4.0175 
253,2,2.6539 
253,3,0.9488 
253,4,0.1643 
253,5,1.7691 
253,6,2.039 
253,7,2.6908 
253,8,0.1366 
253,9,2.6842 
254,0,3.2408 
254,1,3.0156 
254,2,2.0839 
254,3,1.0873 
254,4,1.3795 
254,5,2.4365 
254,6,2.4643 
254,7,3.2414 
254,8,3.2556 
254,9,2.9326 
255,0,3.8821 
255,1,4.9832 
255,2,1.8586 
255,3,1.9313 
255,4,3.8339 
255,5,1.9492 
255,6,2.6998 
255,7,0.9714 
255,8,1.2602 
255,9,3.7843 
256,0,6.4509 
256,1,4.2388 
256,2,1.4171 
256,3,1.0946 
256,4,1.9817 
256,5,3.1549 
256,6,1.1893 
256,7,1.171 
256,8,2.6351 
256,9,3.5536 
257,0,5.137 
257,1,2.8078 
257,2,2.5973 
257,3,1.6732 
257,4,1.7941 
257,5,1.7576 
257,6,3.1792 
257,7,1.0503 
257,8,3.5458 
257,9,2.3604 
258,0,4.5691 
258,1,4.0718 
258,2,2.1069 
258,3,-0.3644 
258,4,2.1628 
258,5,0.6723 
258,6,-0.9752 
258,7,3.0817 
258,8,3.9462 
258,9,1.8282 
259,0,5.9774 
259,1,6.1774 
259,2,1.4072 
259,3,0.6925 
259,4,1.5131 
259,5,-0.275 
259,6,2.1539 
259,7,2.4157 
259,8,2.9809 
259,9,0.5431 
260,0,3.7551 
260,1,4.1707 
260,2,1.616 
260,3,1.2292 
260,4,2.6033 
260,5,0.9587 
260,6,2.1343 
260,7,1.3075 
260,8,1.6935 
260,9,2.9488 
261,0,4.2935 
261,1,3.4822 
261,2,3.0591 
261,3,1.7107 
261,4,2.3517 
261,5,0.6822 
261,6,3.1033 
261,7,0.6085 
261,8,1.3772 
261,9,3.2542 
262,0,4.6449 
262,1,3.4415 
262,2,3.5787 
262,3,3.6358 
262,4,0.1559 
262,5,1.8788 
262,6,2.2435 
262,7,1.9292 
262,8,3.9465 
262,9,3.1355 
263,0,4.772 
263,1,4.5472 
263,2,3.1448 
263,3,2.4361 
263,4,1.8208 
263,5,1.3896 
263,6,3.3244 
263,7,3.1582 
263,8,1.2225 
263,9,1.8819 
264,0,4.659 
264,1,6.7827 
264,2,0.2379 
264,3,2.5624 
264,4,2.3485 
264,5,2.9513 
264,6,3.2195 
264,7,2.9353 
264,8,2.0174 
264,9,1.8157 
265,0,5.1373 
265,1,4.5068 
265,2,2.5348 
265,3,2.9595 
265,4,2.4168 
265,5,1.753 
265,6,1.0189 
265,7,2.4467 
265,8,0.776 
265,9,2.2841 
266,0,4.9325 
266,1,3.0913 
266,2,2.5003 
266,3,2.0376 
266,4,0.0021 
266,5,3.2144 
266,6,3.964 
266,7,1.8646 
266,8,-0.5173 
266,9,1.6882 
267,0,5.3271 
267,1,3.6933 
267,2,1.988 
267,3,1.8696 
267,4,2.0831 
267,5,1.1329 
267,6,2.1413 
267,7,1.3863 
267,8,1.9773 
267,9,3.0892 
268,0,3.2973 
268,1,3.3414 
268,2,2.4959 
268,3,1.8731 
268,4,2.6541 
268,5,1.2767 
268,6,2.3677 
268,7,1.9841 
268,8,0.075 
268,9,1.2247 
269,0,5.4142 
269,1,4.4028 
269,2,4.0692 
269,3,3.457 
269,4,1.4077 
269,5,2.6852 
269,6,2.058 
269,7,2.6969 
269,8,1.8242 
269,9,3.3155 
270,0,6.4332 
270,1,3.8315 
270,2,2.4278 
270,3,0.4263 
270,4,2.537 
270,5,1.5925 
270,6,1.2215 
270,7,2.4568 
270,8,-0.4247 
270,9,1.3956 
271,0,5.584 
271,1,3.8912 
271,2,1.9073 
271,3,2.8014 
271,4,1.2624 
271,5,2.2409 
271,6,2.3302 
271,7,2.787 
271,8,2.1246 
271,9,2.6565 
272,0,3.6737 
272,1,3.71 
272,2,2.1923 
272,3,2.5223 
272,4,1.9741 
272,5,2.995 
272,6,1.3814 
272,7,3.145 
272,8,3.0039 
272,9,3.4128 
273,0,3.7088 
273,1,4.235 
273,2,2.9529 
273,3,3.1425 
273,4,2.7945 
273,5,1.4084 
273,6,2.6356 
273,7,3.9652 
273,8,3.6619 
273,9,2.3218 
274,0,4.1009 
274,1,4.8125 
274,2,2.8054 
274,3,0.6622 
274,4,1.4569 
274,5,2.098 
274,6,2.6295 
274,7,2.7958 
274,8,0.3692 
274,9,-0.0042 
275,0,6.1029 
275,1,5.3478 
275,2,3.4868 
275,3,2.872 
275,4,2.1332 
275,5,2.6254 
275,6,3.828 
275,7,2.2051 
275,8,2.8534 
275,9,1.8088 
276,0,4.4872 
276,1,4.1041 
276,2,1.7543 
276,3,2.2396 
276,4,2.9052 
276,5,3.3685 
276,6,0.9579 
276,7,1.3324 
276,8,2.7639 
276,9,2.8694 
277,0,3.7387 
277,1,4.25 
277,2,1.1737 
277,3,1.0417 
277,4,1.787 
277,5,1.664 
277,6,2.8483 
277,7,1.9066 
277,8,0.8059 
277,9,0.6052 
278,0,4.9383 
278,1,4.1325 
278,2,3.1814 
278,3,2.2751 
278,4,4.2946 
278,5,2.138 
278,6,2.0223 
278,7,1.6243 
278,8,1.9331 
278,9,4.1665 
279,0,5.4926 
279,1,3.6505 
279,2,2.7466 
279,3,0.9614 
279,4,2.1659 
279,5,1.0263 
279,6,1.6849 
279,7,0.4277 
279,8,0.8305 
279,9,1.906 
280,0,6.8229 
280,1,2.8505 
280,2,1.016 
280,3,1.968 
280,4,3.4943 
280,5,2.0986 
280,6,2.4145 
280,7,1.8396 
280,8,2.8083 
280,9,1.989 
281,0,3.9312 
281,1,4.5993 
281,2,2.436 
281,3,2.6062 
281,4,0.861 
281,5,3.0392 
281,6,2.2035 
281,7,2.5375 
281,8,2.526 
281,9,1.6069 
282,0,6.2002 
282,1,2.2825 
282,2,0.7199 
282,3,2.0314 
282,4,1.6645 
282,5,1.7765 
282,6,0.9951 
282,7,2.4979 
282,8,1.7955 
282,9,3.5095 
283,0,4.1178 
283,1,2.7979 
283,2,3.5137 
283,3,1.8136 
283,4,0.5925 
283,5,1.6368 
283,6,1.6819 
283,7,2.389 
283,8,1.3497 
283,9,1.7975 
284,0,4.3729 
284,1,4.5127 
284,2,1.1599 
284,3,0.183 
284,4,3.3323 
284,5,3.4259 
284,6,2.9809 
284,7,1.9142 
284,8,-0.5038 
284,9,1.6256 
285,0,3.9882 
285,1,2.9932 
285,2,0.021 
285,3,1.6778 
285,4,3.1237 
285,5,1.7956 
285,6,2.5493 
285,7,2.5133 
285,8,1.0454 
285,9,3.5273 
286,0,5.9606 
286,1,3.4751 
286,2,1.7048 
286,3,2.4501 
286,4,2.8665 
286,5,0.859 
286,6,3.5409 
286,7,1.0252 
286,8,1.2866 
286,9,1.1035 
287,0,5.594 
287,1,2.5967 
287,2,0.7247 
287,3,2.4338 
287,4,3.178 
287,5,2.6454 
287,6,0.7175 
287,7,2.696 
287,8,1.4904 
287,9,3.2178 
288,0,4.2761 
288,1,5.3559 
288,2,1.2316 
288,3,2.0113 
288,4,2.7674 
288,5,1.4049 
288,6,1.9431 
288,7,1.7271 
288,8,3.1485 
288,9,1.6518 
289,0,3.8828 
289,1,3.6043 
289,2,0.1243 
289,3,1.6123 
289,4,0.4342 
289,5,3.2741 
289,6,2.8355 
289,7,2.9423 
289,8,1.0706 
289,9,3.9127 
290,0,4.9285 
290,1,2.3791 
290,2,1.8286 
290,3,2.6207 
290,4,3.9235 
290,5,1.7348 
290,6,4.2687 
290,7,2.1062 
290,8,2.963 
290,9,1.6981 
291,0,7.3111 
291,1,4.1601 
291,2,2.3393 
291,3,1.475 
291,4,2.7329 
291,5,2.4946 
291,6,1.5366 
291,7,2.577 
291,8,1.9856 
291,9,1.1068 
292,0,5.7251 
292,1,3.3346 
292,2,0.7491 
292,3,2.4768 
292,4,0.4669 
292,5,3.8772 
292,6,2.6191 
292,7,1.741 
292,8,2.3186 
292,9,1.946 
293,0,4.5154 
293,1,4.2147 
293,2,0.8116 
293,3,0.4872 
293,4,0.4892 
293,5,-1.1345 
293,6,0.9372 
293,7,0.3969 
293,8,1.9211 
293,9,1.6275 
294,0,2.8361 
294,1,3.2438 
294,2,2.2074 
294,3,0.2327 
294,4,1.105 
294,5,1.7792 
294,6,2.6327 
294,7,0.467 
294,8,2.5179 
294,9,2.4814 
295,0,4.3148 
295,1,5.735 
295,2,5.6272 
295,3,2.3285 
295,4,2.5005 
295,5,1.7974 
295,6,1.0649 
295,7,1.102 
295,8,1.7766 
295,9,1.9417 
296,0,6.7915 
296,1,3.3905 
296,2,0.1507 
296,3,0.9045 
296,4,3.3597 
296,5,-0.3069 
296,6,1.469 
296,7,2.4267 
296,8,1.539 
296,9,1.5233 
297,0,4.9712 
297,1,3.4604 
297,2,2.155 
297,3,2.5382 
297,4,1.4683 
297,5,1.184 
297,6,2.0913 
297,7,2.7425 
297,8,1.4748 
297,9,2.0212 
298,0,6.5312 
298,1,4.114 
298,2,3.128 
298,3,1.0406 
298,4,0.5903 
298,5,0.5035 
298,6,1.3151 
298,7,1.5095 
298,8,2.5706 
298,9,0.921 
299,0,4.5544 
299,1,2.2621 
299,2,1.7404 
299,3,1.6331 
299,4,2.54 
299,5,1.7946 
299,6,0.8955 
299,7,-0.1831 
299,8,3.216 
299,9,2.62 
300,0,4.8002 
300,1,3.2741 
300,2,1.4078 
300,3,2.7559 
300,4,0.8134 
300,5,3.3967 
300,6,2.7102 
300,7,1.5065 
300,8,1.5178 
300,9,3.0382 
301,0,4.3187 
301,1,3.3457 
301,2,1.7961 
301,3,2.7661 
301,4,2.945 
301,5,2.4465 
301,6,1.6898 
301,7,1.4907 
301,8,0.7323 
301,9,1.6764 
302,0,6.9601 
302,1,3.7311 
302,2,1.4248 
302,3,1.7752 
302,4,2.2109 
302,5,2.7115 
302,6,1.1651 
302,7,2.0156 
302,8,2.7188 
302,9,1.208 
303,0,4.3357 
303,1,4.157 
303,2,2.0794 
303,3,1.025 
303,4,1.8861 
303,5,2.6922 
303,6,1.1138 
303,7,1.3788 
303,8,1.8666 
303,9,1.3411 
304,0,4.4934 
304,1,4.0007 
304,2,2.0172 
304,3,3.0058 
304,4,2.2241 
304,5,1.7761 
304,6,3.1805 
304,7,2.302 
304,8,2.1055 
304,9,1.0012 
305,0,4.2874 
305,1,3.5353 
305,2,1.7374 
305,3,3.073 
305,4,1.7667 
305,5,2.7422 
305,6,-0.227 
305,7,2.247 
305,8,0.6497 
305,9,1.4603 
306,0,4.9148 
306,1,6.0197 
306,2,1.0912 
306,3,1.3861 
306,4,1.7924 
306,5,3.1719 
306,6,0.8806 
306,7,1.4558 
306,8,2.6096 
306,9,2.1891 
307,0,6.3966 
307,1,3.6306 
307,2,2.9429 
307,3,2.8273 
307,4,4.0973 
307,5,2.6939 
307,6,2.4451 
307,7,3.6254 
307,8,3.2735 
307,9,-0.0559 
308,0,6.835 
308,1,2.5425 
308,2,3.7198 
308,3,0.499 
308,4,2.3824 
308,5,0.9393 
308,6,2.7796 
308,7,1.6736 
308,8,1.272 
308,9,2.4687 
309,0,5.6241 
309,1,3.8835 
309,2,3.0521 
309,3,1.7599 
309,4,1.8423 
309,5,2.8154 
309,6,1.4129 
309,7,1.7553 
309,8,2.8524 
309,9,1.8837 
310,0,4.7095 
310,1,4.1778 
310,2,1.5741 
310,3,1.2898 
310,4,2.0877 
310,5,1.3466 
310,6,3.4195 
310,7,1.8431 
310,8,0.7372 
310,9,1.1222 
311,0,5.2298 
311,1,3.9002 
311,2,0.626 
311,3,1.0188 
311,4,1.6031 
311,5,1.5391 
311,6,2.4129 
311,7,2.4369 
311,8,2.9054 
311,9,1.8565 
312,0,5.4064 
312,1,3.4553 
312,2,0.3184 
312,3,2.1267 
312,4,2.8471 
312,5,2.1949 
312,6,2.3787 
312,7,3.66 
312,8,1.4184 
312,9,1.9993 
313,0,2.7402 
313,1,5.4435 
313,2,2.2366 
313,3,1.1726 
313,4,-0.233 
313,5,2.4397 
313,6,3.1178 
313,7,0.3841 
313,8,2.8681 
313,9,2.4861 
314,0,4.2329 
314,1,3.0112 
314,2,1.8931 
314,3,-0.0698 
314,4,2.3088 
314,5,2.5089 
314,6,1.5902 
314,7,1.7491 
314,8,1.1512 
314,9,3.1901 
315,0,4.773 
315,1,4.7349 
315,2,1.5326 
315,3,1.1304 
315,4,1.2962 
315,5,1.4717 
315,6,0.4648 
315,7,2.2644 
315,8,2.7278 
315,9,1.8342 
316,0,4.6427 
316,1,3.5731 
316,2,0.9489 
316,3,1.2214 
316,4,0.9656 
316,5,1.6629 
316,6,1.404 
316,7,2.3049 
316,8,1.694 
316,9,1.0349 
317,0,4.5669 
317,1,3.3103 
317,2,3.0994 
317,3,2.8986 
317,4,4.5457 
317,5,1.1235 
317,6,3.1793 
317,7,3.9441 
317,8,1.7656 
317,9,2.3641 
318,0,5.9933 
318,1,2.5975 
318,2,1.9038 
318,3,2.4893 
318,4,0.6871 
318,5,1.6475 
318,6,1.1505 
318,7,1.0935 
318,8,1.0897 
318,9,2.8207 
319,0,3.6699 
319,1,4.792 
319,2,0.7426 
319,3,1.4618 
319,4,0.6594 
319,5,0.5538 
319,6,3.1293 
319,7,3.6869 
319,8,3.1708 
319,9,0.5674 
320,0,4.0954 
320,1,4.6557 
320,2,2.1156 
320,3,2.491 
320,4,0.4441 
320,5,3.0114 
320,6,2.6108 
320,7,3.8999 
320,8,1.0873 
320,9,1.3948 
321,0,4.0325 
321,1,6.1686 
321,2,0.2872 
321,3,0.7011 
321,4,1.2989 
321,5,1.9449 
321,6,2.5781 
321,7,0.7161 
321,8,1.3819 
321,9,0.3511 
322,0,3.5268 
322,1,3.1813 
322,2,1.499 
322,3,1.3486 
322,4,1.3962 
322,5,0.4317 
322,6,2.9014 
322,7,1.5575 
322,8,0.9056 
322,9,3.7392 
323,0,4.2374 
323,1,4.304 
323,2,-0.2623 
323,3,3.9105 
323,4,2.7778 
323,5,3.8086 
323,6,0.9475 
323,7,2.8093 
323,8,1.2899 
323,9,2.9893 
324,0,4.2327 
324,1,3.5585 
324,2,1.7001 
324,3,2.8351 
324,4,3.205 
324,5,0.9924 
324,6,2.1621 
324,7,2.1838 
324,8,2.354 
324,9,2.747 
325,0,4.9776 
325,1,4.6546 
325,2,3.0515 
325,3,1.6978 
325,4,2.1356 
325,5,4.4762 
325,6,3.312 
325,7,1.0476 
325,8,2.0598 
325,9,1.4414 
326,0,6.3357 
326,1,4.1154 
326,2,2.2613 
326,3,1.9121 
326,4,3.0395 
326,5,2.6141 
326,6,1.1614 
326,7,1.6668 
326,8,2.2148 
326,9,2.3685 
327,0,3.8797 
327,1,1.693 
327,2,2.4667 
327,3,0.5213 
327,4,1.8685 
327,5,1.2792 
327,6,3.2254 
327,7,2.5633 
327,8,2.9486 
327,9,2.9396 
328,0,4.9527 
328,1,4.2427 
328,2,2.8844 
328,3,2.0286 
328,4,2.9204 
328,5,1.7131 
328,6,2.0686 
328,7,1.1527 
328,8,1.1824 
328,9,2.7398 
329,0,4.6187 
329,1,4.2799 
329,2,2.3746 
329,3,1.9341 
329,4,0.8815 
329,5,1.2416 
329,6,1.5333 
329,7,2.6806 
329,8,0.9818 
329,9,2.1002 
330,0,5.5572 
330,1,5.1813 
330,2,1.2524 
330,3,0.9782 
330,4,1.9045 
330,5,2.0276 
330,6,2.5848 
330,7,1.3209 
330,8,3.4446 
330,9,3.1003 
331,0,4.5128 
331,1,4.6929 
331,2,3.771 
331,3,1.2645 
331,4,1.9126 
331,5,2.9383 
331,6,2.3731 
331,7,3.1827 
331,8,3.4613 
331,9,0.957 
332,0,4.2515 
332,1,3.8691 
332,2,2.4855 
332,3,2.864 
332,4,2.258 
332,5,1.3345 
332,6,2.1017 
332,7,0.007 
332,8,1.5629 
332,9,1.921 
333,0,5.8054 
333,1,4.5222 
333,2,1.9901 
333,3,1.6299 
333,4,2.385 
333,5,3.4971 
333,6,2.6618 
333,7,2.5145 
333,8,1.7411 
333,9,2.1447 
334,0,5.7103 
334,1,5.2939 
334,2,1.0393 
334,3,1.0199 
334,4,0.8423 
334,5,0.9682 
334,6,1.028 
334,7,1.3677 
334,8,1.8112 
334,9,1.5045 
335,0,4.413 
335,1,4.3334 
335,2,2.2189 
335,3,1.8301 
335,4,2.1504 
335,5,1.4217 
335,6,1.9677 
335,7,1.9988 
335,8,2.1756 
335,9,0.718 
336,0,5.2258 
336,1,4.7201 
336,2,1.5525 
336,3,2.795 
336,4,3.9175 
336,5,1.1454 
336,6,1.5571 
336,7,3.9693 
336,8,3.441 
336,9,3.09 
337,0,4.4112 
337,1,3.9915 
337,2,1.1273 
337,3,3.2483 
337,4,2.4219 
337,5,3.7421 
337,6,0.9553 
337,7,3.6011 
337,8,1.793 
337,9,2.6925 
338,0,6.6244 
338,1,5.0435 
338,2,1.5777 
338,3,2.8065 
338,4,1.1252 
338,5,1.4627 
338,6,2.8717 
338,7,1.7349 
338,8,2.7832 
338,9,3.8319 
339,0,3.6562 
339,1,3.7569 
339,2,2.3972 
339,3,3.2395 
339,4,1.5716 
339,5,2.0543 
339,6,3.0118 
339,7,3.165 
339,8,2.6844 
339,9,2.4994 
340,0,4.9129 
340,1,4.6996 
340,2,3.4166 
340,3,1.5367 
340,4,3.0484 
340,5,1.6058 
340,6,2.3605 
340,7,1.6558 
340,8,1.4157 
340,9,2.1587 
341,0,4.8034 
341,1,4.8285 
341,2,3.3943 
341,3,1.4936 
341,4,-0.1397 
341,5,1.6105 
341,6,0.5753 
341,7,4.3237 
341,8,2.0201 
341,9,3.0929 
342,0,4.2936 
342,1,5.0436 
342,2,3.6864 
342,3,2.2578 
342,4,1.8779 
342,5,3.7397 
342,6,1.6269 
342,7,1.9278 
342,8,0.4744 
342,9,1.9386 
343,0,5.8724 
343,1,3.4879 
343,2,1.3401 
343,3,1.9702 
343,4,2.6392 
343,5,0.8886 
343,6,2.4464 
343,7,0.8833 
343,8,0.422 
343,9,1.5711 
344,0,4.5812 
344,1,5.376 
344,2,2.6409 
344,3,1.9726 
344,4,2.4646 
344,5,2.6109 
344,6,2.993 
344,7,1.8794 
344,8,0.8735 
344,9,2.3981 
345,0,4.2011 
345,1,2.4758 
345,2,0.1754 
345,3,1.5936 
345,4,1.6371 
345,5,3.8877 
345,6,2.7236 
345,7,1.7521 
345,8,1.8799 
345,9,3.1772 
346,0,4.0268 
346,1,2.6201 
346,2,2.741 
346,3,2.0234 
346,4,1.2676 
346,5,1.2123 
346,6,2.9071 
346,7,2.0518 
346,8,1.617 
346,9,2.5079 
347,0,6.0966 
347,1,4.1009 
347,2,2.2865 
347,3,2.633 
347,4,0.5006 
347,5,1.5531 
347,6,2.9525 
347,7,2.019 
347,8,0.8149 
347,9,3.5511 
348,0,4.869 
348,1,2.8061 
348,2,2.395 
348,3,3.3259 
348,4,0.9021 
348,5,1.452 
348,6,3.1653 
348,7,0.8032 
348,8,1.2242 
348,9,2.2054 
349,0,6.3963 
349,1,3.6468 
349,2,1.3718 
349,3,2.0645 
349,4,0.7512 
349,5,4.2678 
349,6,1.0422 
349,7,1.0816 
349,8,2.1275 
349,9,0.9146 
350,0,5.9452 
350,1,2.1007 
350,2,2.4295 
350,3,2.0201 
350,4,3.0477 
350,5,2.3503 
350,6,1.3569 
350,7,0.7174 
350,8,2.3507 
350,9,0.431 
351,0,3.2586 
351,1,4.7039 
351,2,0.7854 
351,3,2.1195 
351,4,3.3114 
351,5,0.9022 
351,6,1.8273 
351,7,2.0148 
351,8,1.3828 
351,9,2.9017 
352,0,6.2283 
352,1,2.6147 
352,2,0.4029 
352,3,2.5125 
352,4,1.6834 
352,5,1.2366 
352,6,2.0064 
352,7,1.0187 
352,8,1.546 
352,9,3.7368 
353,0,5.0018 
353,1,3.9705 
353,2,3.5411 
353,3,1.2555 
353,4,0.8597 
353,5,1.0401 
353,6,1.9346 
353,7,1.7161 
353,8,-0.4104 
353,9,4.766 
354,0,5.4083 
354,1,4.2949 
354,2,1.4597 
354,3,2.3733 
354,4,2.3108 
354,5,0.8339 
354,6,1.3833 
354,7,1.2495 
354,8,2.1472 
354,9,0.757 
355,0,4.336 
355,1,6.1432 
355,2,0.7356 
355,3,0.7413 
355,4,1.9467 
355,5,1.783 
355,6,2.4346 
355,7,0.3809 
355,8,1.9515 
355,9,2.9656 
356,0,4.5247 
356,1,4.0054 
356,2,1.598 
356,3,2.4224 
356,4,4.0654 
356,5,0.8548 
356,6,1.8672 
356,7,0.7729 
356,8,1.0649 
356,9,0.9168 
357,0,4.2834 
357,1,3.2169 
357,2,0.9284 
357,3,2.8269 
357,4,2.1397 
357,5,1.2788 
357,6,2.5747 
357,7,0.7749 
357,8,3.1086 
357,9,1.3128 
358,0,5.0793 
358,1,4.1729 
358,2,1.3838 
358,3,1.9833 
358,4,2.449 
358,5,2.0186 
358,6,3.7249 
358,7,2.3941 
358,8,2.5549 
358,9,1.631 
359,0,5.8963 
359,1,3.7335 
359,2,2.3222 
359,3,2.493 
359,4,1.4077 
359,5,2.1644 
359,6,4.2516 
359,7,0.7605 
359,8,2.8877 
359,9,4.4642 
360,0,5.7363 
360,1,5.3991 
360,2,1.0555 
360,3,2.004 
360,4,3.5313 
360,5,0.637 
360,6,-0.1228 
360,7,1.7343 
360,8,1.4309 
360,9,0.9553 
361,0,6.1554 
361,1,2.8651 
361,2,2.8669 
361,3,1.4236 
361,4,0.7143 
361,5,1.8667 
361,6,0.4968 
361,7,2.807 
361,8,4.0088 
361,9,2.9554 
362,0,5.0728 
362,1,2.6337 
362,2,2.2855 
362,3,2.9558 
362,4,0.9867 
362,5,2.7572 
362,6,-0.0076 
362,7,1.7291 
362,8,1.8138 
362,9,1.0408 
363,0,4.2613 
363,1,2.2452 
363,2,1.7474 
363,3,2.6087 
363,4,2.0828 
363,5,2.756 
363,6,3.2638 
363,7,0.6883 
363,8,3.6403 
363,9,0.4541 
364,0,5.5151 
364,1,4.8952 
364,2,0.7856 
364,3,1.897 
364,4,2.0847 
364,5,2.9157 
364,6,2.0446 
364,7,0.869 
364,8,2.7702 
364,9,2.2713 
365,0,3.6483 
365,1,3.4247 
365,2,1.3652 
365,3,1.2828 
365,4,0.2126 
365,5,2.0641 
365,6,3.2565 
365,7,1.7438 
365,8,2.1372 
365,9,2.7882 
366,0,4.1224 
366,1,2.7817 
366,2,1.6184 
366,3,3.755 
366,4,1.9111 
366,5,2.0351 
366,6,3.1135 
366,7,3.1178 
366,8,2.1681 
366,9,2.848 
367,0,5.4388 
367,1,3.1857 
367,2,0.8834 
367,3,3.7491 
367,4,1.9769 
367,5,1.874 
367,6,0.0797 
367,7,2.5721 
367,8,2.5971 
367,9,1.6613 
368,0,4.2863 
368,1,4.6933 
368,2,1.1486 
368,3,1.394 
368,4,2.3003 
368,5,2.5163 
368,6,1.1274 
368,7,2.2083 
368,8,2.2565 
368,9,1.452 
369,0,5.9973 
369,1,5.6032 
369,2,1.825 
369,3,2.0365 
369,4,1.2299 
369,5,2.4767 
369,6,1.9434 
369,7,0.0457 
369,8,2.8906 
369,9,0.6588 
370,0,6.9102 
370,1,3.7755 
370,2,1.326 
370,3,2.3587 
370,4,2.7741 
370,5,1.201 
370,6,0.2778 
370,7,1.9691 
370,8,2.784 
370,9,0.7528 
371,0,5.5981 
371,1,5.1139 
371,2,2.1296 
371,3,2.0826 
371,4,2.3051 
371,5,-1.1695 
371,6,2.1013 
371,7,0.9865 
371,8,2.3152 
371,9,1.3795 
372,0,5.063 
372,1,3.415 
372,2,1.9651 
372,3,2.0929 
372,4,2.2114 
372,5,2.2379 
372,6,2.1875 
372,7,1.4763 
372,8,1.2999 
372,9,4.1832 
373,0,6.7713 
373,1,4.8102 
373,2,2.3477 
373,3,0.56 
373,4,2.0737 
373,5,1.0029 
373,6,1.466 
373,7,2.3396 
373,8,2.7095 
373,9,1.3952 
374,0,6.9671 
374,1,3.579 
374,2,2.0349 
374,3,1.8375 
374,4,1.1409 
374,5,3.2268 
374,6,0.9272 
374,7,1.9794 
374,8,2.3829 
374,9,1.6756 
375,0,4.0666 
375,1,4.9179 
375,2,1.1725 
375,3,2.1543 
375,4,1.1845 
375,5,2.6072 
375,6,2.5292 
375,7,3.029 
375,8,-0.3586 
375,9,0.7134 
376,0,4.3923 
376,1,3.8723 
376,2,2.2209 
376,3,1.9486 
376,4,3.2681 
376,5,2.2719 
376,6,1.2195 
376,7,3.6177 
376,8,3.5366 
376,9,1.504 
377,0,6.818 
377,1,2.9331 
377,2,-0.1206 
377,3,0.653 
377,4,2.5055 
377,5,1.7777 
377,6,2.8882 
377,7,2.3232 
377,8,1.1308 
377,9,2.4433 
378,0,6.1121 
378,1,3.8318 
378,2,2.0079 
378,3,1.098 
378,4,2.1644 
378,5,2.8851 
378,6,2.7981 
378,7,2.3999 
378,8,1.8937 
378,9,2.2505 
379,0,4.5162 
379,1,3.513 
379,2,2.2826 
379,3,3.4278 
379,4,2.836 
379,5,1.6177 
379,6,3.3883 
379,7,1.9071 
379,8,1.03 
379,9,2.3408 
380,0,4.1465 
380,1,2.435 
380,2,1.4751 
380,3,3.2905 
380,4,1.5682 
380,5,1.6234 
380,6,1.5274 
380,7,1.9335 
380,8,3.8653 
380,9,2.4066 
381,0,5.3788 
381,1,2.0351 
381,2,2.1136 
381,3,1.1707 
381,4,0.8669 
381,5,1.5492 
381,6,1.7862 
381,7,3.0222 
381,8,3.2991 
381,9,1.427 
382,0,3.7281 
382,1,4.2231 
382,2,1.4389 
382,3,2.0538 
382,4,2.0882 
382,5,3.1284 
382,6,1.6776 
382,7,1.1909 
382,8,1.7141 
382,9,3.8795 
383,0,4.7214 
383,1,4.2224 
383,2,1.7223 
383,3,1.9295 
383,4,3.0909 
383,5,1.4585 
383,6,4.2656 
383,7,0.6865 
383,8,1.3406 
383,9,1.8078 
384,0,5.1496 
384,1,5.0432 
384,2,1.2986 
384,3,-0.2393 
384,4,1.5605 
384,5,2.3914 
384,6,2.916 
384,7,0.8345 
384,8,1.8872 
384,9,2.078 
385,0,4.2505 
385,1,5.0562 
385,2,2.6024 
385,3,1.4182 
385,4,2.5158 
385,5,0.2204 
385,6,2.6534 
385,7,2.8584 
385,8,1.9394 
385,9,3.3169 
386,0,5.7523 
386,1,4.2767 
386,2,2.8213 
386,3,1.6975 
386,4,0.9012 
386,5,2.8639 
386,6,0.763 
386,7,2.8724 
386,8,1.967 
386,9,2.7305 
387,0,4.3551 
387,1,4.6217 
387,2,3.6058 
387,3,2.4938 
387,4,1.3928 
387,5,0.8928 
387,6,2.5946 
387,7,1.6578 
387,8,2.1294 
387,9,4.6902 
388,0,6.3969 
388,1,4.2261 
388,2,2.1256 
388,3,2.5108 
388,4,4.1589 
388,5,0.9191 
388,6,3.0016 
388,7,1.2751 
388,8,1.4652 
388,9,2.0088 
389,0,4.9029 
389,1,5.967 
389,2,2.3308 
389,3,2.5791 
389,4,0.1292 
389,5,0.8047 
389,6,1.4266 
389,7,1.9296 
389,8,2.1213 
389,9,0.6177 
390,0,4.1445 
390,1,3.6261 
390,2,2.7598 
390,3,2.8552 
390,4,2.3003 
390,5,2.9315 
390,6,1.8156 
390,7,1.2397 
390,8,1.5873 
390,9,2.164 
391,0,5.4196 
391,1,4.3949 
391,2,2.4056 
391,3,2.0341 
391,4,2.9452 
391,5,2.7589 
391,6,2.1175 
391,7,0.6375 
391,8,1.4117 
391,9,0.0279 
392,0,4.9921 
392,1,1.9834 
392,2,2.3764 
392,3,1.8384 
392,4,1.6473 
392,5,1.4727 
392,6,4.2273 
392,7,2.6719 
392,8,1.7708 
392,9,1.7803 
393,0,6.5934 
393,1,5.6427 
393,2,2.2155 
393,3,3.5433 
393,4,2.1336 
393,5,0.5988 
393,6,1.7002 
393,7,2.8866 
393,8,3.0365 
393,9,2.9224 
394,0,5.4102 
394,1,1.6482 
394,2,2.2086 
394,3,2.6797 
394,4,2.2151 
394,5,1.2895 
394,6,1.3907 
394,7,2.312 
394,8,4.2862 
394,9,5.0611 
395,0,7.6822 
395,1,4.2755 
395,2,1.8756 
395,3,1.9986 
395,4,4.4572 
395,5,0.3463 
395,6,3.432 
395,7,2.8011 
395,8,1.0022 
395,9,1.8668 
396,0,4.5994 
396,1,4.7082 
396,2,1.1726 
396,3,2.5927 
396,4,3.8445 
396,5,2.4419 
396,6,0.9111 
396,7,3.4449 
396,8,2.8338 
396,9,2.2228 
397,0,4.0683 
397,1,5.1606 
397,2,1.6845 
397,3,2.9903 
397,4,4.1832 
397,5,-0.378 
397,6,0.4303 
397,7,1.6307 
397,8,2.351 
397,9,1.8869 
398,0,5.8133 
398,1,2.9913 
398,2,1.4137 
398,3,1.9739 
398,4,2.3143 
398,5,1.4744 
398,6,1.3714 
398,7,0.6161 
398,8,2.6406 
398,9,1.583 
399,0,4.5638 
399,1,3.8589 
399,2,1.0248 
399,3,2.1602 
399,4,2.7768 
399,5,-0.4501 
399,6,0.6156 
399,7,2.1993 
399,8,0.9299 
399,9,2.2181 
400,0,4.2935 
400,1,5.1474 
400,2,3.0446 
400,3,2.8266 
400,4,0.7225 
400,5,2.554 
400,6,2.7264 
400,7,1.9343 
400,8,2.048 
400,9,1.7056 
401,0,5.7059 
401,1,4.1814 
401,2,2.1092 
401,3,0.2583 
401,4,0.3201 
401,5,1.9604 
401,6,3.3938 
401,7,3.3808 
401,8,3.2879 
401,9,1.9996 
402,0,5.1032 
402,1,3.1638 
402,2,1.1128 
402,3,2.2117 
402,4,2.121 
402,5,1.9768 
402,6,0.7475 
402,7,0.5921 
402,8,2.9415 
402,9,2.5016 
403,0,6.2602 
403,1,5.9 
403,2,2.9393 
403,3,0.2997 
403,4,1.5737 
403,5,1.1923 
403,6,-0.0249 
403,7,1.6605 
403,8,0.9248 
403,9,0.4283 
404,0,5.6831 
404,1,4.5439 
404,2,1.8941 
404,3,1.5759 
404,4,2.0153 
404,5,1.2062 
404,6,1.4513 
404,7,-0.6197 
404,8,1.6968 
404,9,2.0497 
405,0,4.7232 
405,1,1.8879 
405,2,1.0426 
405,3,2.5883 
405,4,1.5403 
405,5,2.628 
405,6,1.1307 
405,7,2.9941 
405,8,1.9047 
405,9,1.8447 
406,0,4.8494 
406,1,2.8715 
406,2,2.0121 
406,3,1.7684 
406,4,1.9466 
406,5,1.1618 
406,6,2.0644 
406,7,2.4838 
406,8,2.9292 
406,9,1.581 
407,0,5.4066 
407,1,4.2393 
407,2,2.1561 
407,3,3.5665 
407,4,0.939 
407,5,1.4866 
407,6,1.8157 
407,7,1.2038 
407,8,1.9028 
407,9,2.9384 
408,0,3.9134 
408,1,2.9906 
408,2,2.1943 
408,3,0.1065 
408,4,3.6751 
408,5,2.5966 
408,6,1.2901 
408,7,1.3645 
408,8,2.9118 
408,9,3.5356 
409,0,4.6368 
409,1,5.4191 
409,2,0.7762 
409,3,2.0843 
409,4,4.5694 
409,5,1.8992 
409,6,2.8503 
409,7,3.6911 
409,8,2.2651 
409,9,2.1718 
410,0,4.7429 
410,1,3.2895 
410,2,2.6892 
410,3,2.0604 
410,4,2.1889 
410,5,0.2081 
410,6,2.4815 
410,7,3.0413 
410,8,2.2718 
410,9,4.3036 
411,0,3.9116 
411,1,5.5189 
411,2,2.2726 
411,3,3.8059 
411,4,1.6452 
411,5,1.3707 
411,6,2.6261 
411,7,3.027 
411,8,0.7208 
411,9,1.5862 
412,0,5.1938 
412,1,2.7914 
412,2,2.119 
412,3,1.9978 
412,4,1.2502 
412,5,2.0806 
412,6,2.6891 
412,7,0.2191 
412,8,1.8653 
412,9,1.8148 
413,0,3.1345 
413,1,5.2805 
413,2,3.5465 
413,3,2.1708 
413,4,1.3516 
413,5,3.4696 
413,6,0.0694 
413,7,0.304 
413,8,1.8044 
413,9,1.9315 
414,0,3.9422 
414,1,4.6689 
414,2,2.0088 
414,3,2.0052 
414,4,1.7288 
414,5,2.8249 
414,6,2.3809 
414,7,1.6862 
414,8,1.7801 
414,9,1.9987 
415,0,3.3694 
415,1,5.2471 
415,2,0.5745 
415,3,0.2886 
415,4,1.6082 
415,5,2.2481 
415,6,2.7043 
415,7,2.7974 
415,8,0.3674 
415,9,1.2427 
416,0,3.1763 
416,1,3.2042 
416,2,1.9888 
416,3,2.3437 
416,4,1.8497 
416,5,1.5896 
416,6,1.0501 
416,7,2.6364 
416,8,2.3133 
416,9,1.9373 
417,0,7.2866 
417,1,3.5363 
417,2,1.3943 
417,3,1.3706 
417,4,2.7715 
417,5,1.8484 
417,6,1.2262 
417,7,1.631 
417,8,3.0056 
417,9,0.6287 
418,0,5.8886 
418,1,3.9287 
418,2,2.0619 
418,3,-0.0595 
418,4,4.5448 
418,5,2.437 
418,6,0.5925 
418,7,-0.9416 
418,8,2.0047 
418,9,2.3484 
419,0,2.1724 
419,1,3.4955 
419,2,2.7524 
419,3,0.4037 
419,4,2.1065 
419,5,1.6525 
419,6,2.2826 
419,7,0.8354 
419,8,1.9943 
419,9,0.9063 
420,0,3.8202 
420,1,1.7731 
420,2,3.6949 
420,3,2.4532 
420,4,2.8611 
420,5,1.7238 
420,6,2.6146 
420,7,1.1377 
420,8,1.6881 
420,9,2.9412 
421,0,4.2881 
421,1,2.31 
421,2,2.1454 
421,3,2.7891 
421,4,2.5888 
421,5,3.462 
421,6,2.8294 
421,7,3.2225 
421,8,2.3735 
421,9,1.2634 
422,0,5.0267 
422,1,3.3954 
422,2,1.8428 
422,3,1.2535 
422,4,3.7594 
422,5,1.2905 
422,6,0.9548 
422,7,1.6859 
422,8,2.9932 
422,9,2.9644 
423,0,3.3518 
423,1,2.6972 
423,2,0.4953 
423,3,2.1062 
423,4,2.975 
423,5,2.9028 
423,6,0.8504 
423,7,2.9666 
423,8,1.4724 
423,9,3.8071 
424,0,4.1046 
424,1,5.9913 
424,2,2.2523 
424,3,2.266 
424,4,1.5607 
424,5,2.6793 
424,6,2.0863 
424,7,1.6726 
424,8,3.3207 
424,9,2.785 
425,0,1.795 
425,1,4.3455 
425,2,0.7871 
425,3,0.2035 
425,4,1.8253 
425,5,1.0369 
425,6,2.3444 
425,7,2.0889 
425,8,2.3346 
425,9,3.3464 
426,0,5.9828 
426,1,3.5551 
426,2,2.3831 
426,3,2.0428 
426,4,2.7091 
426,5,-0.0293 
426,6,2.2124 
426,7,-0.6651 
426,8,2.9103 
426,9,2.5651 
427,0,5.3669 
427,1,3.1176 
427,2,0.4307 
427,3,3.6736 
427,4,1.7608 
427,5,2.7087 
427,6,2.1439 
427,7,5.8765 
427,8,0.6977 
427,9,0.4619 
428,0,4.2551 
428,1,4.0256 
428,2,1.7891 
428,3,0.7957 
428,4,1.1239 
428,5,2.7893 
428,6,0.6093 
428,7,2.4535 
428,8,2.0927 
428,9,0.527 
429,0,3.5461 
429,1,2.6822 
429,2,2.7065 
429,3,1.5873 
429,4,3.1739 
429,5,0.6769 
429,6,1.7595 
429,7,1.5499 
429,8,2.6208 
429,9,2.2675 
430,0,5.3936 
430,1,4.3058 
430,2,1.1286 
430,3,3.1114 
430,4,1.1935 
430,5,2.9303 
430,6,2.7566 
430,7,2.4616 
430,8,4.4796 
430,9,2.3856 
431,0,4.5347 
431,1,3.4398 
431,2,1.6155 
431,3,2.5367 
431,4,1.3779 
431,5,2.3885 
431,6,0.9066 
431,7,2.0889 
431,8,3.2753 
431,9,0.6848 
432,0,4.2842 
432,1,4.3162 
432,2,1.1192 
432,3,2.6635 
432,4,2.7001 
432,5,3.8637 
432,6,0.2989 
432,7,1.0466 
432,8,2.212 
432,9,1.8774 
433,0,4.6779 
433,1,5.88 
433,2,-0.3069 
433,3,2.7613 
433,4,2.8628 
433,5,3.7749 
433,6,0.6511 
433,7,1.4997 
433,8,3.7589 
433,9,0.3436 
434,0,3.6172 
434,1,4.5634 
434,2,0.9088 
434,3,1.9453 
434,4,3.245 
434,5,2.8064 
434,6,2.658 
434,7,4.4036 
434,8,2.5135 
434,9,2.1385 
435,0,6.1319 
435,1,5.3353 
435,2,2.0322 
435,3,1.5698 
435,4,2.2336 
435,5,2.5452 
435,6,2.6935 
435,7,0.972 
435,8,4.5223 
435,9,3.3349 
436,0,3.5313 
436,1,3.0431 
436,2,3.4618 
436,3,1.5625 
436,4,2.5285 
436,5,0.6343 
436,6,2.1763 
436,7,4.1251 
436,8,2.4147 
436,9,1.6002 
437,0,5.3548 
437,1,5.4886 
437,2,2.2493 
437,3,1.7157 
437,4,2.6133 
437,5,1.1995 
437,6,2.7893 
437,7,2.6435 
437,8,1.7205 
437,9,4.3571 
438,0,5.7506 
438,1,4.3851 
438,2,2.84 
438,3,2.3483 
438,4,2.1027 
438,5,2.114 
438,6,1.5594 
438,7,1.7932 
438,8,1.8418 
438,9,-0.403 
439,0,4.7515 
439,1,3.3698 
439,2,1.1999 
439,3,0.1792 
439,4,2.3825 
439,5,1.4717 
439,6,3.7534 
439,7,3.0614 
439,8,1.9602 
439,9,2.0601 
440,0,3.9876 
440,1,3.99 
440,2,3.5419 
440,3,4.4511 
440,4,1.7907 
440,5,1.8168 
440,6,-0.2761 
440,7,0.2673 
440,8,2.5231 
440,9,2.7284 
441,0,4.8962 
441,1,3.7861 
441,2,2.1629 
441,3,1.4615 
441,4,3.5137 
441,5,0.1435 
441,6,3.2191 
441,7,3.8766 
441,8,2.9547 
441,9,0.4696 
442,0,5.0965 
442,1,2.8474 
442,2,1.2257 
442,3,2.741 
442,4,1.3372 
442,5,1.3933 
442,6,1.684 
442,7,3.6944 
442,8,1.8192 
442,9,2.9375 
443,0,4.4142 
443,1,4.0396 
443,2,2.64 
443,3,0.7436 
443,4,3.5911 
443,5,3.5334 
443,6,2.2328 
443,7,0.3116 
443,8,0.8858 
443,9,2.2105 
444,0,3.5441 
444,1,4.7971 
444,2,3.9612 
444,3,1.2345 
444,4,4.5941 
444,5,1.3586 
444,6,1.9918 
444,7,3.4467 
444,8,0.1741 
444,9,3.083 
445,0,4.3592 
445,1,3.0868 
445,2,1.0157 
445,3,2.005 
445,4,1.5448 
445,5,1.9095 
445,6,2.0796 
445,7,1.5852 
445,8,0.7341 
445,9,3.3232 
446,0,5.1406 
446,1,4.3356 
446,2,1.5702 
446,3,1.6467 
446,4,1.3368 
446,5,0.3751 
446,6,2.7699 
446,7,3.6217 
446,8,1.7287 
446,9,1.0836 
447,0,4.0018 
447,1,3.4328 
447,2,0.9177 
447,3,0.3807 
447,4,0.8843 
447,5,2.0252 
447,6,2.4562 
447,7,1.0354 
447,8,0.7291 
447,9,1.5186 
448,0,4.4979 
448,1,4.099 
448,2,2.5944 
448,3,0.9484 
448,4,1.8712 
448,5,3.543 
448,6,2.5791 
448,7,0.2124 
448,8,2.0031 
448,9,1.2938 
449,0,3.5059 
449,1,3.3649 
449,2,4.2925 
449,3,1.5522 
449,4,1.5856 
449,5,1.0887 
449,6,1.7707 
449,7,2.525 
449,8,2.6934 
449,9,2.2622 
450,0,4.5498 
450,1,2.6962 
450,2,1.4223 
450,3,2.5088 
450,4,1.9847 
450,5,1.8694 
450,6,1.5776 
450,7,0.1534 
450,8,1.3361 
450,9,3.3028 
451,0,5.2309 
451,1,2.279 
451,2,2.1246 
451,3,1.0385 
451,4,2.3355 
451,5,1.6022 
451,6,3.5118 
451,7,0.4661 
451,8,1.7733 
451,9,1.2458 
452,0,4.5829 
452,1,3.7088 
452,2,3.7845 
452,3,1.1866 
452,4,2.8891 
452,5,1.57 
452,6,1.5058 
452,7,1.6201 
452,8,1.5156 
452,9,1.468 
453,0,6.0874 
453,1,4.6299 
453,2,2.1621 
453,3,2.3079 
453,4,2.4155 
453,5,2.1298 
453,6,1.9955 
453,7,2.4459 
453,8,2.3639 
453,9,2.8657 
454,0,4.7607 
454,1,3.3598 
454,2,0.4878 
454,3,2.8638 
454,4,1.6758 
454,5,1.8707 
454,6,1.452 
454,7,3.4345 
454,8,1.9228 
454,9,0.7337 
455,0,5.2261 
455,1,1.8838 
455,2,3.909 
455,3,0.1168 
455,4,0.9155 
455,5,4.2237 
455,6,1.9305 
455,7,1.0472 
455,8,2.2223 
455,9,2.8319 
456,0,5.0678 
456,1,3.9657 
456,2,3.8972 
456,3,2.4552 
456,4,3.5582 
456,5,1.2652 
456,6,2.2277 
456,7,2.6712 
456,8,2.9808 
456,9,3.8543 
457,0,4.5188 
457,1,3.5786 
457,2,0.8885 
457,3,1.93 
457,4,4.1912 
457,5,1.1199 
457,6,2.7211 
457,7,4.2415 
457,8,3.0529 
457,9,4.4045 
458,0,5.1404 
458,1,3.9542 
458,2,1.4682 
458,3,1.6966 
458,4,2.6303 
458,5,2.3047 
458,6,1.693 
458,7,0.6649 
458,8,0.5693 
458,9,2.878 
459,0,5.1462 
459,1,5.0901 
459,2,2.4531 
459,3,2.1199 
459,4,2.4154 
459,5,3.4489 
459,6,2.3653 
459,7,1.9048 
459,8,0.8402 
459,9,2.0108 
460,0,4.6691 
460,1,4.3937 
460,2,1.0266 
460,3,2.8339 
460,4,2.9202 
460,5,2.5423 
460,6,3.6326 
460,7,0.6917 
460,8,1.746 
460,9,2.1409 
461,0,3.8016 
461,1,4.3949 
461,2,1.9908 
461,3,1.0522 
461,4,1.0266 
461,5,2.0004 
461,6,1.8441 
461,7,0.9574 
461,8,4.1791 
461,9,1.9421 
462,0,4.0224 
462,1,3.7312 
462,2,2.4195 
462,3,0.4806 
462,4,1.997 
462,5,1.6167 
462,6,0.8255 
462,7,2.6392 
462,8,1.2578 
462,9,2.2846 
463,0,5.5086 
463,1,2.6932 
463,2,2.2567 
463,3,2.1058 
463,4,2.4524 
463,5,1.8024 
463,6,1.3218 
463,7,2.1189 
463,8,0.8988 
463,9,2.6174 
464,0,4.9622 
464,1,4.1259 
464,2,0.9185 
464,3,1.914 
464,4,2.3614 
464,5,2.8305 
464,6,3.02 
464,7,0.5077 
464,8,2.6528 
464,9,0.1283 
465,0,5.1208 
465,1,5.3224 
465,2,1.7472 
465,3,0.4628 
465,4,3.78 
465,5,2.2175 
465,6,1.7202 
465,7,2.407 
465,8,2.2964 
465,9,1.1816 
466,0,2.7286 
466,1,4.9147 
466,2,-0.2033 
466,3,3.6688 
466,4,1.1923 
466,5,4.1023 
466,6,1.0914 
466,7,4.3971 
466,8,1.4668 
466,9,3.6538 
467,0,6.1071 
467,1,4.6238 
467,2,2.6725 
467,3,2.2252 
467,4,3.0685 
467,5,2.2609 
467,6,2.4422 
467,7,0.3665 
467,8,-0.3534 
467,9,2.8304 
468,0,4.7236 
468,1,4.8666 
468,2,1.626 
468,3,3.4443 
468,4,3.236 
468,5,0.7352 
468,6,2.5445 
468,7,1.9084 
468,8,0.5215 
468,9,2.0043 
469,0,4.8075 
469,1,4.0318 
469,2,2.1865 
469,3,3.1946 
469,4,2.5429 
469,5,1.5746 
469,6,1.922 
469,7,2.1469 
469,8,1.5924 
469,9,2.4834 
470,0,4.2848 
470,1,4.916 
470,2,1.5451 
470,3,1.1713 
470,4,3.1789 
470,5,3.2469 
470,6,1.5901 
470,7,2.9183 
470,8,1.5041 
470,9,2.3064 
471,0,4.8099 
471,1,3.2474 
471,2,2.5973 
471,3,2.6778 
471,4,2.726 
471,5,2.6878 
471,6,1.5437 
471,7,1.3519 
471,8,3.4211 
471,9,0.7629 
472,0,5.0542 
472,1,4.4862 
472,2,-0.4112 
472,3,3.4018 
472,4,1.1159 
472,5,1.4841 
472,6,2.9391 
472,7,-1.4562 
472,8,1.3255 
472,9,1.3293 
473,0,4.9774 
473,1,6.0484 
473,2,3.3687 
473,3,1.7147 
473,4,0.7605 
473,5,1.6474 
473,6,2.3157 
473,7,3.405 
473,8,1.5423 
473,9,2.7259 
474,0,6.081 
474,1,4.7272 
474,2,1.9413 
474,3,1.891 
474,4,2.7431 
474,5,1.667 
474,6,2.0901 
474,7,1.8091 
474,8,2.2363 
474,9,2.0613 
475,0,4.9547 
475,1,3.5753 
475,2,3.788 
475,3,3.2502 
475,4,2.2981 
475,5,1.4738 
475,6,2.1644 
475,7,1.3534 
475,8,2.4083 
475,9,2.4856 
476,0,4.6417 
476,1,5.2122 
476,2,3.1286 
476,3,2.2298 
476,4,2.418 
476,5,3.5114 
476,6,3.4812 
476,7,1.7109 
476,8,2.9984 
476,9,2.6538 
477,0,5.7907 
477,1,3.9 
477,2,1.8081 
477,3,0.7017 
477,4,1.2399 
477,5,3.1128 
477,6,2.0347 
477,7,1.0715 
477,8,1.8862 
477,9,2.0425 
478,0,4.0276 
478,1,4.7657 
478,2,2.8343 
478,3,2.6326 
478,4,1.7281 
478,5,2.9311 
478,6,1.067 
478,7,1.7345 
478,8,1.9724 
478,9,1.7397 
479,0,6.5743 
479,1,4.4542 
479,2,3.1866 
479,3,-0.3128 
479,4,1.8631 
479,5,2.1619 
479,6,1.4513 
479,7,2.4171 
479,8,2.9463 
479,9,3.5672 
480,0,2.1402 
480,1,3.93 
480,2,0.7526 
480,3,2.3928 
480,4,1.422 
480,5,1.1075 
480,6,1.531 
480,7,2.0766 
480,8,2.0309 
480,9,2.5332 
481,0,5.1701 
481,1,2.2798 
481,2,1.8906 
481,3,3.5252 
481,4,1.8754 
481,5,2.7978 
481,6,4.2128 
481,7,3.2332 
481,8,1.4882 
481,9,3.6929 
482,0,4.834 
482,1,4.4581 
482,2,3.3512 
482,3,1.6827 
482,4,3.2832 
482,5,2.5566 
482,6,1.3226 
482,7,1.5154 
482,8,3.1605 
482,9,1.3238 
483,0,4.4029 
483,1,3.7353 
483,2,0.9001 
483,3,1.4208 
483,4,1.6133 
483,5,1.8806 
483,6,2.8081 
483,7,0.6429 
483,8,0.4177 
483,9,2.6699 
484,0,5.4929 
484,1,4.9562 
484,2,1.128 
484,3,2.6325 
484,4,1.4423 
484,5,0.6601 
484,6,2.4715 
484,7,1.4291 
484,8,1.7229 
484,9,4.0913 
485,0,4.888 
485,1,3.4616 
485,2,-0.1511 
485,3,1.2152 
485,4,1.3722 
485,5,3.3191 
485,6,2.0343 
485,7,3.7562 
485,8,1.785 
485,9,2.3176 
486,0,5.9883 
486,1,4.5401 
486,2,0.7593 
486,3,1.7882 
486,4,0.9643 
486,5,3.3635 
486,6,2.9544 
486,7,-0.4483 
486,8,2.8599 
486,9,0.3589 
487,0,5.1155 
487,1,3.6271 
487,2,4.0489 
487,3,2.5497 
487,4,1.5008 
487,5,-0.5334 
487,6,2.1625 
487,7,2.2716 
487,8,2.7084 
487,9,1.6786 
488,0,3.6059 
488,1,3.1197 
488,2,1.1631 
488,3,2.1264 
488,4,1.8405 
488,5,1.0019 
488,6,-0.1639 
488,7,1.6684 
488,8,2.6981 
488,9,2.2431 
489,0,5.0808 
489,1,3.2937 
489,2,1.5173 
489,3,0.5378 
489,4,0.7829 
489,5,1.9381 
489,6,1.5928 
489,7,2.8699 
489,8,1.4999 
489,9,1.5383 
490,0,5.1905 
490,1,1.894 
490,2,2.5894 
490,3,0.9708 
490,4,1.8551 
490,5,2.5989 
490,6,3.0247 
490,7,3.481 
490,8,1.7332 
490,9,2.6093 
491,0,4.8781 
491,1,3.9993 
491,2,2.8343 
491,3,2.5505 
491,4,3.2442 
491,5,2.4135 
491,6,2.074 
491,7,0.6651 
491,8,2.9527 
491,9,2.7205 
492,0,4.8499 
492,1,5.6183 
492,2,0.6264 
492,3,2.8767 
492,4,0.9086 
492,5,2.6244 
492,6,0.6292 
492,7,1.8572 
492,8,1.6801 
492,9,2.524 
493,0,5.7606 
493,1,5.2713 
493,2,2.1978 
493,3,1.7899 
493,4,1.0261 
493,5,1.5063 
493,6,1.1482 
493,7,2.7202 
493,8,0.8551 
493,9,1.8726 
494,0,4.5599 
494,1,4.2428 
494,2,2.846 
494,3,3.1249 
494,4,1.9998 
494,5,2.0919 
494,6,2.1909 
494,7,1.4294 
494,8,0.2854 
494,9,2.2269 
495,0,5.9182 
495,1,3.9592 
495,2,1.2551 
495,3,2.6789 
495,4,1.3181 
495,5,2.512 
495,6,-0.157 
495,7,1.6545 
495,8,1.7874 
495,9,0.8523 
496,0,3.8745 
496,1,5.1435 
496,2,1.6969 
496,3,3.1572 
496,4,1.8218 
496,5,1.1517 
496,6,0.8709 
496,7,2.9583 
496,8,0.7376 
496,9,1.2668 
497,0,5.4147 
497,1,4.4932 
497,2,2.0676 
497,3,4.7377 
497,4,1.292 
497,5,1.4073 
497,6,2.8659 
497,7,1.9797 
497,8,0.6506 
497,9,-0.3396 
498,0,4.6336 
498,1,5.5964 
498,2,0.8641 
498,3,-0.1497 
498,4,1.4141 
498,5,0.4618 
498,6,2.299 
498,7,1.6916 
498,8,2.529 
498,9,2.0991 
499,0,6.0124 
499,1,4.085 
499,2,1.0218 
499,3,1.105 
499,4,1.2758 
499,5,3.4444 
499,6,0.8232 
499,7,2.8261 
499,8,1.0445 
499,9,2.6108 
