Feature1,Feature2,Feature3,Feature4,Feature5,Feature6,Feature7,Class
* 
-0.212,-0.2849,1.4261,1.5597,1.6699,3.1837,3.6154,1 
0.3671,-0.0141,2.6296,3.7096,0.673,2.4019,1.8086,1 
1.4038,-1.9688,1.2096,1.2673,2.0877,1.4997,2.5041,1 
0.6074,1.1664,2.8244,-1.0867,3.1643,3.0827,2.4858,1 
-1.2349,-1.8589,2.4882,2.3859,1.7735,2.1077,3.72,1 
1.0408,-2.4441,1.9142,1.0518,-0.4771,3.0629,2.2193,1 
0.7259,0.0194,0.6272,2.497,2.3125,2.2865,1.0644,1 
-0.9027,0.8635,2.9501,2.709,2.6285,1.9741,3.3979,1 
0.6609,1.0861,1.9695,1.309,0.5969,0.6165,2.7209,1 
0.7173,-0.6557,2.8506,1.1117,0.2207,1.4348,1.2064,1 
0.8114,-0.8902,1.9575,2.1653,1.9846,-0.2717,2.0027,1 
-0.1426,1.7663,1.2291,2.79,3.4886,1.3801,2.6294,1 
0.3352,-0.1352,2.4505,2.8383,3.2028,3.3459,0.2838,1 
0.3039,1.2357,2.931,0.5886,2.7692,2.0343,3.3212,1 
-1.1326,0.322,1.1176,1.7516,1.6402,2.8203,2.0704,1 
-1.4461,1.185,2.2289,1.4541,1.0717,1.5157,2.1477,1 
0.2876,-0.7528,3.0388,1.0054,2.6492,2.0653,2.0178,1 
0.138,0.0409,1.2851,1.0304,2.3227,2.5445,1.8141,1 
1.087,-0.3509,0.4358,2.9002,2.6072,3.5877,0.4542,1 
0.2533,-0.3585,1.2309,1.538,2.1688,2.2751,3.7677,1 
0.0012,1.0574,1.8322,0.0968,2.7526,1.1853,1.9563,1 
0.4946,0.2931,1.5233,3.2789,2.3324,2.7222,5.0156,1 
-0.0091,0.9399,2.7784,0.7878,1.9117,2.5284,3.2003,1 
0.0658,0.2159,1.1279,2.598,3.8565,2.4458,1.0506,1 
0.0464,-0.1371,2.6934,2.0215,0.1204,1.4954,2.1634,1 
0.3946,0.3378,1.4732,2.721,2.9851,1.9472,2.2939,1 
-1.0244,-1.1825,1.6513,1.4897,2.1436,-0.3469,1.3112,1 
-1.3199,-0.9095,2.172,3.7229,1.9615,1.8438,1.7085,1 
1.773,-1.5213,3.4986,4.3268,2.0201,1.6222,1.7128,1 
0.2384,1.4929,1.5753,-0.434,1.827,2.0577,0.669,1 
-2.5279,-0.5409,0.5975,1.8892,2.6385,2.2046,1.2382,1 
-0.9355,-1.6925,2.662,2.0947,1.9556,1.9623,2.0215,1 
0.3312,0.8054,1.545,2.7456,1.6546,2.8175,1.212,1 
-1.4653,1.0836,2.6869,0.9116,1.9454,4.3053,-1.0458,1 
-0.4691,0.044,1.5127,2.031,3.649,1.6837,1.6005,1 
-1.5545,-1.2215,0.9306,2.2767,1.81,1.1989,2.9637,1 
0.634,-1.1781,1.783,2.6832,0.3551,1.6481,1.2021,1 
0.6086,1.5822,2.1473,1.1925,1.7104,1.6767,0.5603,1 
0.1828,-0.1737,1.4726,2.1736,1.6228,1.6837,1.9476,1 
0.2846,-0.8831,1.8967,1.7421,2.4307,2.4864,3.5717,1 
-0.3746,-0.2545,-0.0311,2.6378,1.3992,2.543,1.6193,1 
-0.4745,-0.833,2.688,1.5285,2.0913,2.3264,1.0869,1 
0.6547,-0.7691,1.9757,3.5234,3.8166,1.7415,3.395,1 
-0.5705,0.4514,1.6631,1.6026,2.4517,4.0187,3.2573,1 
0.8844,0.4405,2.3343,2.0608,1.6821,2.4589,2.2612,1 
0.2516,0.5969,-0.2745,1.5098,2.5138,1.4232,2.8571,1 
0.1893,-0.2039,2.2288,2.043,-0.3888,2.7049,1.2032,1 
-0.5499,0.0023,1.5954,2.9043,2.6826,2.6817,1.2617,1 
-0.4371,0.9255,0.9612,2.9928,3.1951,1.8892,4.35,1 
0.4792,-0.9641,2.4502,2.9013,1.7529,2.1343,1.6555,1 
-0.0694,1.9031,1.3491,2.1486,1.7838,1.2004,1.3562,1 
1.5379,1.4588,3.0401,4.0908,2.7258,0.8994,1.5873,1 
0.2512,0.8134,2.5044,1.0574,2.0601,1.4222,0.4876,1 
1.0563,0.0024,1.7818,3.4149,2.6659,2.4648,2.834,1 
1.2242,0.2668,1.5203,0.8052,2.2686,2.9301,3.191,1 
0.363,-0.2533,2.3034,1.6234,1.8549,1.3096,2.6698,1 
-1.1597,2.0766,1.3603,2.0358,2.7627,2.2354,0.4599,1 
1.1068,-0.0556,2.2133,1.1837,-0.9177,2.5215,1.4333,1 
0.2629,-0.6786,1.5229,0.871,2.6759,1.6706,3.0034,1 
-0.7733,-0.7967,4.1007,2.1504,2.9896,3.0177,2.1758,1 
-0.9964,0.3345,-0.4854,3.3823,0.8128,2.2769,2.271,1 
-1.4117,-0.9823,2.3107,1.6599,3.3205,2.3559,3.1809,1 
-0.1267,-0.0117,2.6761,1.9065,2.2848,2.5357,3.1669,1 
-1.8933,0.1293,2.9208,2.5536,2.439,1.4412,2.4895,1 
-0.4288,-1.0384,1.2919,4.0582,1.5255,3.4815,2.1779,1 
-2.0757,0.7464,2.4729,1.8264,2.3765,2.6625,1.7007,1 
-1.7821,-0.3222,0.9134,1.3559,2.3425,3.0989,3.8652,1 
0.097,-0.7927,1.9184,1.3207,1.7487,1.0798,3.3238,1 
0.4958,-0.9659,3.4716,3.7006,1.975,2.3679,1.9342,1 
-1.676,-0.1974,2.0868,2.0641,3.1414,0.6566,2.4015,1 
-0.2372,0.8701,1.4312,1.8548,2.5848,1.8066,2.4457,1 
0.7685,-0.6925,2.3369,1.2752,2.3335,1.0065,2.4339,1 
1.3143,-0.7579,1.1009,0.62,2.9784,2.1548,3.8856,1 
0.0136,-0.5334,0.4013,1.0287,2.4344,3.029,1.0644,1 
-0.2603,-0.7351,2.1428,0.4328,1.1327,-0.0139,1.8967,1 
0.6707,-0.8222,2.2505,1.2454,-0.1872,2.8394,2.4817,1 
-0.7356,-0.0144,2.5124,2.3225,3.0615,0.7613,4.2885,1 
-2.0882,-0.7189,1.0743,1.1733,1.8656,2.0483,2.8542,1 
-0.2417,-0.3444,2.7504,1.5609,2.2406,1.535,2.5743,1 
0.5989,-0.8491,2.0547,1.622,1.4492,2.3579,2.512,1 
-1.0107,-0.6255,2.2534,3.3108,2.1956,0.7999,0.9791,1 
1.88,-0.7873,2.2032,2.5522,0.8663,1.742,1.9797,1 
-1.3137,0.6493,2.3659,1.8818,1.9756,2.6713,0.5298,1 
1.0811,-0.3006,1.4947,0.8798,2.6197,2.5249,0.1101,1 
0.891,-2.024,1.4791,4.1611,2.378,2.9991,0.5478,1 
-0.8249,-0.7117,3.2452,2.7345,1.6378,0.7476,3.1249,1 
-0.3437,1.0101,1.822,1.2352,1.3931,2.5538,1.2055,1 
1.4783,0.0619,1.2388,1.4348,1.2181,3.2484,4.4371,1 
0.3047,-0.114,-0.8296,1.9754,2.2566,1.7873,2.7869,1 
-0.9421,-1.3748,0.9195,2.8879,3.162,2.7462,0.4803,1 
0.4946,1.3648,2.2844,1.5415,1.4717,2.6289,2.0945,1 
1.0263,-0.7,2.8032,2.0069,2.0278,1.4934,1.7415,1 
1.1326,-1.7327,2.474,0.7844,3.6679,2.7859,2.4257,1 
0.3388,0.5205,0.5519,1.0399,0.3189,2.1525,2.3216,1 
0.7631,-0.8181,1.6892,2.8908,0.9244,1.3313,2.5431,1 
0.3954,1.2626,2.7822,0.7637,2.8403,1.2025,0.779,1 
1.716,-0.5024,3.4118,1.6174,2.4355,3.0859,2.8048,1 
-0.4604,1.147,2.7285,0.3912,0.8827,2.8293,2.3176,1 
-0.7345,-0.6091,1.8295,1.3684,1.4091,3.6917,2.8179,1 
-0.0148,0.8597,1.9785,4.0801,3.6334,1.6223,2.4164,1 
1.2384,-1.2663,2.3653,4.4696,2.8243,0.9463,1.8264,1 
0.1463,0.2415,2.1443,0.6685,1.5557,1.3481,2.0992,1 
0.6017,0.6309,1.7078,0.9326,-1.0073,3.0522,2.0408,1 
0.3921,0.1564,0.0627,0.4447,2.9592,0.8665,2.7214,1 
0.396,-0.2566,2.1017,3.3731,0.8156,1.2067,2.4732,1 
1.4579,-0.6538,3.9326,3.1586,3.6704,3.345,2.2205,1 
0.3587,-0.1607,2.9981,1.8232,2.562,2.1505,0.7992,1 
-0.2424,-0.6835,1.5363,2.0418,0.8893,2.5925,-0.2096,1 
-0.0976,-0.3668,1.3124,1.7101,1.9903,1.6513,1.3063,1 
-1.1165,-0.8322,2.4001,0.2418,1.6314,0.9975,1.5945,1 
-2.1178,1.1853,0.681,2.8071,0.1218,1.6874,1.8911,1 
1.5808,0.189,2.3941,2.7468,2.2703,2.6712,3.114,1 
0.5941,0.5032,1.1847,0.4489,0.672,2.2411,1.8807,1 
0.0195,0.5223,2.0073,2.0659,1.1937,2.5937,1.791,1 
0.8161,-0.5032,1.7427,4.8038,2.8153,0.7878,2.8936,1 
1.0415,-1.8685,1.7244,1.5309,1.5045,1.1817,1.5171,1 
-0.5239,-1.718,1.2381,0.0891,2.357,0.4712,2.7275,1 
0.0793,-0.0589,1.6697,1.4763,2.3615,2.8271,0.352,1 
-0.1907,0.433,0.131,2.511,2.2436,3.07,2.0546,1 
1.2831,-0.5073,2.8,0.9161,2.7204,2.1487,0.7225,1 
0.4653,-0.5157,1.0149,3.4095,2.2246,0.3188,2.1395,1 
-0.6353,0.2136,3.2261,1.5736,2.0265,2.9346,1.4693,1 
0.5484,1.1264,-0.4094,0.9752,1.8002,2.7742,0.7769,1 
-0.8762,-0.2587,0.5518,1.8819,3.469,2.0039,1.7994,1 
-0.5549,-0.2588,0.9472,2.886,0.4929,-0.0669,3.4413,1 
-1.3481,0.1581,1.5324,2.335,0.4388,0.6882,2.2112,1 
-0.7418,-0.823,1.1294,1.0643,2.5329,0.2553,0.0016,1 
0.3127,-1.398,1.1765,2.8074,2.236,1.6067,1.0699,1 
-1.1418,-0.4711,2.2813,2.1413,1.7932,0.6092,1.6885,1 
0.8151,-1.984,2.1801,1.7987,1.6232,1.3045,3.118,1 
3.2613,0.3852,1.8431,2.7758,1.318,2.3738,0.4365,1 
-1.3433,-0.3951,1.3471,1.2609,-0.1692,3.9045,1.8187,1 
0.0555,0.5092,2.0231,1.1687,1.9931,-0.8628,0.9273,1 
-0.2677,0.7568,1.7444,1.9886,1.4819,0.2601,2.2003,1 
0.4087,0.9764,1.2909,2.7614,2.1338,2.2262,0.4617,1 
1.1361,0.3131,2.5812,1.145,2.3477,1.7289,3.4624,1 
1.1257,0.238,2.6996,1.881,1.8149,2.9153,2.8739,1 
-1.3661,-0.3429,2.3479,0.5337,2.1947,1.0178,2.145,1 
1.0087,-0.3213,2.1027,2.3343,2.4257,2.2476,2.9865,1 
-1.427,-1.0438,2.2217,2.8105,0.4545,1.5597,1.5745,1 
-0.2793,0.5086,1.4937,2.2918,-0.0003,2.6407,2.5376,1 
-1.584,-0.3467,0.6638,3.5956,2.4848,3.6679,-1.0282,1 
-0.0605,-0.5094,0.6232,1.6742,2.8465,2.2084,1.5938,1 
-0.0753,0.3044,0.682,2.0671,1.3618,2.2125,1.1789,1 
0.0897,1.1478,2.1971,1.6012,2.316,1.338,2.464,1 
-0.1382,-1.3596,3.0353,2.4156,1.7876,1.123,2.5079,1 
0.4396,-0.4344,1.6836,0.7789,2.8452,1.6792,2.8234,1 
-1.2199,-0.6312,0.7707,1.5312,2.2203,1.7774,0.6237,1 
-0.4359,-0.553,2.053,1.6585,2.158,2.8343,1.5295,1 
0.6791,0.0861,0.9985,3.3605,2.8052,2.1703,1.0016,1 
-0.8602,-0.6326,1.8457,3.3845,1.9223,2.7044,2.4101,1 
0.2712,1.0228,0.9873,2.1201,1.7181,0.3862,1.8142,1 
1.3815,0.0571,1.0881,1.9659,2.2082,2.1727,3.1015,1 
0.1034,1.2915,1.622,3.0746,1.927,1.2881,-1.1286,1 
-2.2352,0.1759,1.653,0.673,3.742,4.2765,3.3374,1 
1.9439,1.5453,2.9019,1.0777,1.2609,2.7065,2.1489,1 
-0.3928,1.1344,1.4347,3.545,2.5554,2.9105,2.8725,1 
-0.6324,-1.041,1.8512,3.3836,2.7647,1.9062,0.5553,1 
-0.4223,0.6598,2.5217,1.883,4.1331,1.2556,-0.7666,1 
-0.9305,-1.1552,1.7105,0.2775,1.2154,2.7427,2.0707,1 
1.2482,-0.3802,0.4989,2.9091,1.216,2.0428,1.0524,1 
0.0131,-2.2537,2.2455,1.9217,0.736,0.8042,1.8534,1 
1.6554,-0.3,1.9046,1.4908,1.8987,3.253,0.8868,1 
1.5899,0.4201,2.2225,0.6654,1.5794,2.235,1.819,1 
-0.4391,0.4841,4.1678,2.3186,1.5882,1.521,2.5394,1 
1.48,-0.6191,3.5146,1.4662,2.0743,4.1485,2.2391,1 
1.3699,-0.6365,2.2404,0.6153,2.5824,1.102,2.4593,1 
0.1785,-0.4407,1.8955,1.1503,1.3011,2.0062,3.3481,1 
-1.1127,1.6641,0.331,3.5995,2.5318,2.176,1.2109,1 
-1.4577,-0.8825,3.63,1.3818,1.1691,1.5391,2.3192,1 
2.0256,-1.7213,1.234,1.975,1.4017,2.5725,3.4214,1 
-0.9873,0.8844,2.3501,0.762,1.7765,3.2008,2.8946,1 
-0.7409,0.7422,2.8461,1.1537,0.8826,0.7625,1.0337,1 
-2.3176,0.3187,2.4808,3.4429,1.2553,1.7223,4.4467,1 
0.1194,-0.4555,1.1174,3.0589,2.2275,3.1874,1.1804,1 
-0.2795,-1.1918,2.7661,-0.1266,1.3739,3.0086,2.9517,1 
-0.7619,-0.5006,3.4655,0.0787,2.1352,0.7831,4.4288,1 
-0.2525,0.5489,2.0714,2.7512,0.3375,1.0067,2.9338,1 
-0.1951,1.4479,2.4881,1.0593,2.2395,0.8913,1.0018,1 
-1.0166,-0.8716,1.4585,3.1691,1.8868,1.8901,2.3158,1 
1.1357,-0.462,3.0077,1.9124,1.74,1.7356,2.8479,1 
-1.9725,-1.4276,-0.2428,3.0029,2.9042,0.8581,2.2738,1 
-1.7796,-0.4007,2.7098,3.267,2.1661,2.7556,1.621,1 
-0.7019,1.0967,1.1905,1.8166,0.6713,2.5601,1.1503,1 
-0.8304,0.3068,1.5867,2.2926,2.5372,0.9865,1.0285,1 
-1.0744,0.6651,2.3618,3.1605,4.4027,2.348,1.1156,1 
-0.655,0.9211,0.5215,1.4912,0.5974,2.5942,2.2914,1 
0.1891,-0.0875,1.1311,3.9404,1.9794,2.9917,2.2704,1 
-0.0424,-0.5011,2.1053,0.6093,2.0841,3.4649,3.146,1 
0.8876,0.6893,1.4855,0.4654,0.9132,2.1678,3.7784,1 
-0.9547,-1.0149,1.2006,1.5063,2.0171,2.2683,2.1174,1 
-0.5654,-0.8407,2.5389,1.9299,2.6781,0.5084,3.215,1 
0.2134,-1.781,2.8267,1.7038,2.118,1.0404,1.7652,1 
-1.1038,1.0008,0.6353,2.7488,2.0306,1.6544,0.085,1 
0.4786,0.8076,1.8355,2.7933,-0.2128,1.1746,2.1784,1 
-0.8657,-1.4148,3.1753,0.2766,1.06,4.152,2.8897,1 
-0.017,0.996,1.3047,0.7968,0.9462,2.709,4.1244,1 
1.1266,-0.7285,1.9337,1.9236,1.5723,3.3013,2.0094,1 
0.6494,0.2933,1.9062,-0.3656,3.0047,1.0618,1.9917,1 
1.3963,-1.2917,2.1512,0.9251,2.7949,2.6546,0.9372,1 
1.0282,0.4659,4.4978,2.4878,0.8034,2.3157,1.6664,1 
1.2367,0.1448,1.9575,3.6099,1.8087,3.1777,1.6128,1 
1.6409,-0.1442,0.7446,0.9237,1.7801,1.3017,0.2545,1 
1.809,-0.8088,1.1988,2.7959,0.3815,2.9415,1.6508,1 
0.7191,-1.3089,1.4028,-0.0311,3.4387,3.4313,2.9658,1 
1.2904,0.1697,2.6513,1.8614,0.6906,0.7718,0.5246,1 
-1.7024,-1.6589,2.4279,1.0788,4.6107,1.6768,2.0378,1 
0.3512,-1.3831,2.3139,1.6769,2.7922,2.4485,2.1318,1 
0.6767,0.1287,2.9959,3.3915,0.5008,1.7732,2.9225,1 
0.9064,-0.9791,1.3204,0.6451,1.5187,3.0094,0.6246,1 
0.7966,0.6042,2.5687,2.1793,2.4555,0.4699,3.091,1 
-0.6812,0.262,2.1092,0.3085,1.1962,2.83,4.3662,1 
-0.3885,0.0297,2.4717,1.361,2.3959,1.6325,2.3598,1 
0.4714,1.2483,0.5954,4.4047,1.5036,1.0651,1.5851,1 
1.9555,-1.1155,1.1232,2.6761,2.0243,1.4797,1.6763,1 
0.5216,-0.9853,2.0969,1.2808,4.4313,2.505,1.9023,1 
0.7556,0.7527,2.7716,0.3634,1.6756,2.1291,1.2447,1 
-0.4568,-0.1543,3.1411,1.8184,3.2924,2.7944,2.7704,1 
-1.9275,0.6951,1.6946,0.9426,1.4452,2.8697,2.9346,1 
-0.595,1.1312,1.9083,2.7465,0.763,3.5217,0.7368,1 
-0.5904,-0.5257,-0.436,3.1689,2.3197,1.8956,1.4246,1 
0.0143,0.4216,1.8591,1.463,1.2332,1.5091,4.0189,1 
-0.2717,2.6736,2.2616,3.0132,1.8366,1.8147,2.7387,1 
-0.3799,1.7053,1.2421,1.5333,2.0642,3.8413,-0.1123,1 
-0.9399,1.5714,0.8496,2.5227,0.8417,0.9555,0.8789,1 
1.811,-0.6364,0.792,0.5559,1.6329,2.3749,1.1932,1 
-0.2268,1.2591,3.1516,1.504,2.3248,1.6989,1.4836,1 
-0.6888,-0.0612,1.8311,2.6603,1.4756,1.4411,1.5268,1 
-2.4373,0.6306,1.9946,0.7951,1.4649,2.2326,2.234,1 
1.3161,-1.7007,0.5558,0.7066,2.0076,1.9528,2.4764,1 
-0.4859,-0.91,3.6245,2.768,1.4098,2.6412,3.3652,1 
0.2266,1.4982,2.8424,1.0946,1.9892,3.1353,2.2783,1 
-0.2081,-0.2401,2.5074,2.6169,1.3691,-0.5509,2.7028,1 
-0.9987,-0.2647,3.4232,1.2971,1.1563,1.12,1.2546,1 
-0.1943,0.5036,1.4319,1.927,1.3896,2.01,2.666,1 
-1.1104,1.2712,1.5876,2.983,3.1759,2.8073,3.5947,1 
0.1384,1.4215,1.4367,1.1928,1.2238,0.7764,3.3369,1 
-0.0332,0.1603,2.7636,3.0346,1.5423,-1.0789,2.0803,1 
-0.0999,0.8936,2.159,1.8864,3.1433,2.5592,2.1751,1 
0.955,-0.455,2.1193,0.5342,2.456,1.618,0.5921,1 
0.86,1.5439,2.355,2.7095,1.7747,3.2354,2.5143,1 
-0.6661,-0.5374,0.5287,3.8575,2.4525,0.5479,2.4675,1 
0.7509,0.4488,2.5365,1.4851,1.5614,2.0703,2.1576,1 
1.3941,0.7709,3.1734,3.184,4.1476,2.9001,1.8203,1 
-0.7614,0.2342,0.8343,0.5774,2.4046,0.9988,2.9662,1 
-0.6125,0.4935,2.7538,1.9417,0.9219,3.2329,1.9837,1 
-0.2831,-0.7448,1.7964,0.4847,3.9419,2.2227,0.7133,1 
-0.503,0.4837,1.0574,-0.919,0.7124,3.414,2.1056,1 
1.6977,-0.1541,2.161,1.5639,2.4714,1.0706,0.1276,1 
0.6032,-0.4766,1.4497,3.1088,1.656,3.4363,4.238,1 
0.0271,2.0251,2.7059,2.5286,1.5916,3.4173,1.4611,1 
0.6051,-0.1798,2.627,0.2178,2.0548,1.0908,2.7512,1 
2.1321,-0.4783,2.717,1.2809,2.8386,1.641,1.2151,1 
-0.5584,0.5064,2.9516,1.1235,1.4908,3.3316,0.7962,1 
1.2687,-0.2422,2.2168,3.2277,1.5927,0.6385,1.8444,1 
-1.5276,-0.8696,0.9901,1.9788,3.5621,4.0157,3.0353,1 
-0.9176,0.2814,3.16,2.1951,0.7843,0.8011,1.1729,1 
-0.0663,-0.3801,2.5582,1.425,1.8376,0.8859,2.266,1 
-0.1705,0.142,2.3236,4.1037,3.1383,1.1812,1.6712,1 
0.4738,-0.0991,2.1962,1.7127,1.0459,1.6078,2.7387,1 
-0.4682,-0.9683,1.9151,3.7493,2.0515,2.358,1.6861,1 
-1.3396,-1.1333,1.17,2.8388,1.0656,2.9085,-0.6727,1 
-0.1005,0.4521,1.7553,5.1409,2.311,0.9153,1.8674,1 
-1.1315,1.7594,2.0804,3.7348,0.6402,0.728,1.8264,1 
-0.5335,-0.5303,2.248,2.4616,1.7082,3.3226,2.1117,1 
-0.4872,1.4345,2.3613,0.9473,1.1485,3.0387,2.65,1 
0.0611,-0.3327,0.827,1.432,2.5733,2.1801,1.9342,1 
-0.8642,0.6506,1.7093,2.7663,2.9019,1.4857,2.4874,1 
-1.4888,0.6331,0.3054,2.1272,1.7429,0.3252,0.9999,1 
1.7189,0.002,1.3004,-1.0134,2.8925,2.0403,0.8384,1 
-1.7284,-0.3286,3.4478,0.668,2.5887,1.1871,2.1421,1 
-1.1294,-0.8834,2.5093,2.4952,1.0707,3.3736,0.3224,1 
-0.9611,-1.8391,3.4433,3.0236,3.789,2.1233,1.8897,1 
-0.3599,0.639,1.154,3.2444,3.2786,1.3307,2.8994,1 
0.0554,0.0166,2.1479,2.5761,3.0989,1.2242,3.5281,1 
-1.5007,-0.5771,1.0141,2.5051,4.2697,1.3439,3.1811,1 
1.445,-0.7052,1.6925,1.4315,2.5215,3.3216,0.6266,1 
0.2661,0.2196,2.8418,2.0196,1.9037,1.9817,-1.3231,1 
0.641,2.2444,1.9277,-0.5057,0.4866,2.3303,2.5179,1 
-0.2525,-0.7325,1.5897,1.7238,2.7997,0.414,2.5917,1 
0.5049,-0.1545,2.8458,2.3751,2.6652,2.9203,0.9467,1 
0.4972,-0.8687,3.6217,2.1873,0.3905,3.2644,2.8743,1 
0.1401,-1.0774,2.3245,2.9319,1.0111,3.0464,1.5089,1 
0.3479,0.3374,1.7062,1.4447,2.5253,2.0229,2.2802,1 
-1.5161,0.9249,2.3444,-0.1411,2.6221,-0.0094,1.4878,1 
0.5346,2.1522,1.4969,1.9251,1.2239,2.4671,2.5169,1 
-0.0058,-1.4853,2.7576,2.2299,1.25,2.6429,2.1607,1 
-0.2786,0.1476,1.1922,1.2905,1.5618,0.8009,1.9055,1 
-0.4985,0.4292,1.2034,1.0114,3.3581,4.9645,2.261,1 
-1.7929,0.9264,1.2037,1.2143,2.7493,3.8327,2.074,1 
-0.8865,0.5882,1.3013,2.264,2.5249,2.1556,3.0218,1 
1.3134,-0.4196,2.3436,-0.1406,1.9725,4.5114,1.5016,1 
-0.1579,0.0157,0.0252,1.2338,2.8294,1.515,3.9689,1 
0.9536,-0.3013,1.3312,2.5607,2.6716,3.3307,2.3122,1 
0.0295,3.0449,2.0836,1.6842,2.6886,2.3008,2.7796,1 
-1.0355,0.6853,3.0051,0.712,3.6905,2.1536,2.7242,1 
0.1128,1.17,1.5068,2.2536,1.7847,1.0067,1.8345,1 
-0.1925,-0.0455,3.3311,0.8229,2.3909,3.0687,2.9647,1 
-0.8238,0.2544,3.3685,3.7877,1.8246,1.3679,1.3277,1 
-1.0829,0.7745,0.6811,3.1309,2.3379,1.9964,3.3335,1 
-0.5745,-1.0646,1.1151,2.5298,3.3419,2.3641,1.2098,1 
0.1718,-0.0325,3.0484,1.9275,1.5019,1.8341,1.8631,1 
0.3632,-0.163,3.1812,1.8566,0.8932,2.1918,1.3858,1 
0.4795,-2.324,3.9173,0.6659,-0.3811,2.8808,1.3594,1 
0.7326,-0.7216,0.6528,1.3982,0.5442,0.6048,3.3197,1 
-0.9508,0.2172,2.8383,1.1132,1.2543,2.6004,2.1475,1 
0.371,0.2994,3.3696,2.7465,3.7765,3.8619,2.0684,1 
0.68,0.8958,1.2526,1.8181,0.4176,1.2735,2.4652,1 
0.9805,0.0873,1.6394,2.1962,1.8398,3.0042,2.6409,1 
0.7563,-0.7321,2.125,2.8536,2.3241,2.4614,2.0432,1 
0.0198,-0.0751,2.2702,0.2135,3.2701,4.1151,1.8476,1 
-0.5907,-1.1938,1.4304,1.4257,2.1276,1.5218,1.6888,1 
0.0032,1.1223,2.6121,2.9769,0.9652,1.737,1.6223,1 
-0.3346,0.892,1.4158,2.4983,1.8709,1.882,3.5568,1 
-0.8256,1.083,1.4051,1.2784,1.9565,3.91,2.7433,1 
0.0473,0.4148,1.7805,1.5485,2.398,2.277,3.3239,1 
-0.6488,-1.7528,2.0216,1.778,3.313,1.9373,2.357,1 
-0.0764,0.2483,1.9059,0.605,0.5596,3.4844,0.3988,1 
1.563,0.7226,0.9037,2.3269,2.9674,3.8076,0.8619,1 
-1.6114,0.1414,1.4996,2.4896,1.9344,0.4921,2.9627,1 
0.3081,0.0535,2.4037,1.2735,2.8167,-0.6135,1.7749,1 
1.2906,0.5277,0.7763,2.0589,3.3543,2.3034,-0.5717,1 
-1.4004,-0.8458,0.5431,2.049,1.288,0.6807,3.0069,1 
-0.4574,-0.7641,0.9864,0.9899,2.1676,1.0252,2.5301,1 
-0.0382,-0.3078,1.6873,3.5687,2.7386,2.4694,1.0099,1 
-0.5344,0.179,2.7558,2.0023,2.178,2.9294,2.2453,1 
0.7468,-1.9735,1.9323,2.0873,2.6937,4.3298,0.9948,1 
-0.0061,0.1573,1.5924,-0.9828,3.0863,0.7707,2.6853,1 
1.0688,-0.1695,3.7045,0.7549,3.4112,1.0902,1.181,1 
1.1554,-0.7488,3.3707,0.9971,1.3532,2.2852,1.788,1 
0.3618,0.993,1.8672,3.3058,1.8103,-0.392,4.2315,1 
0.0586,-0.6804,1.2002,0.7511,1.8879,3.6656,0.6683,1 
0.6167,-0.6098,1.8022,1.025,-0.5449,2.5818,3.7249,1 
-0.5207,-2.2552,1.3689,1.3921,1.495,3.8576,2.8159,1 
0.481,1.3898,2.3508,2.7682,2.8495,1.7693,0.9354,1 
0.6292,-0.2504,2.9604,0.1934,2.9367,3.6608,1.2502,1 
-0.81,-2.0166,0.3457,3.2272,1.3666,2.6013,2.8622,1 
0.3298,-1.3218,2.0932,1.4926,0.8935,1.7433,1.7164,1 
-0.6283,1.6161,1.6273,1.7505,1.0415,1.9484,2.329,1 
0.8721,0.8476,1.3423,2.5321,1.5464,1.8328,1.5531,1 
-0.5261,1.0635,2.7904,1.1874,0.2104,1.2065,1.3332,1 
1.3567,0.0794,2.0667,1.7887,2.5684,0.9746,2.1629,1 
-0.7605,0.0474,2.829,1.1988,2.302,1.548,1.6016,1 
2.8335,2.6651,2.493,2.022,1.0262,4.0671,1.5401,1 
1.744,-0.6751,3.6123,3.0394,2.2954,2.6691,0.9328,1 
-0.4751,0.827,2.2115,1.3554,1.1395,1.8009,3.8472,1 
0.0119,-0.6605,1.5984,2.8427,2.9476,1.4214,3.5703,1 
1.4337,1.1295,4.6721,4.0046,-0.0594,0.1609,0.7307,1 
0.4764,0.5043,2.2584,1.0652,1.7656,1.2043,1.2626,1 
1.9107,-0.3481,3.8248,1.7303,1.9394,0.0067,0.9581,1 
1.1144,0.1703,2.2855,2.5364,1.7613,2.2846,1.1666,1 
0.6912,0.4225,1.7074,0.9684,1.9641,2.3616,4.1025,1 
0.0958,-0.4312,3.0623,0.9984,3.9868,0.6073,1.9825,1 
-0.6194,1.3592,1.5393,2.9327,1.9087,3.0857,0.9338,1 
0.0087,1.2095,2.3872,2.2106,2.0208,2.2293,1.3284,1 
0.5367,0.7319,2.1949,0.7671,2.8944,0.4562,2.2391,1 
0.3667,0.4879,3.7626,2.1296,2.4225,0.9841,2.0528,1 
0.1487,0.1458,1.9679,1.3362,2.6478,1.4976,1.7486,1 
-0.4903,0.2476,2.2412,2.5365,1.321,1.7943,3.2313,1 
-0.8317,0.8656,1.0807,0.6178,1.3432,1.5348,1.8784,1 
1.1481,0.5989,0.9631,1.8456,4.1323,2.6161,2.9572,1 
0.7122,-1.5774,1.919,1.2664,3.9776,2.2378,2.8095,1 
-0.0977,-0.3423,3.9286,2.1215,3.619,2.4853,4.1395,1 
-0.3321,1.0336,0.8182,0.4594,1.4096,2.5892,0.8354,1 
0.1132,0.1295,2.3455,2.2818,1.3401,3.379,1.8917,1 
-0.6387,-0.5701,1.4587,1.8265,1.0766,3.156,2.6636,1 
0.1004,0.4797,3.4747,0.5307,1.6269,2.4012,1.0867,1 
1.9155,0.7641,1.135,0.2209,2.7093,1.8537,1.4906,1 
0.3767,-0.6694,2.4613,1.8773,3.4534,2.7797,2.0997,1 
0.0163,-0.1187,3.6273,3.7313,1.3488,2.3538,2.435,1 
0.6362,-0.0358,2.4949,0.4863,2.1184,2.8554,-0.3737,1 
-0.1587,0.3141,3.4197,2.1265,1.7724,0.2543,3.3148,1 
0.6158,1.2094,2.9495,0.138,1.3049,2.13,1.4342,1 
-1.2986,0.2226,2.2947,2.0225,-0.3311,0.7665,1.0026,1 
0.269,0.9311,3.5291,1.2012,1.1814,3.8365,0.6464,1 
0.1843,-1.1097,3.5613,0.4864,2.5175,3.9816,1.1584,1 
-0.9434,0.3818,1.2057,1.7168,2.0528,3.1391,2.3713,1 
-0.2289,-0.104,2.4086,1.4209,1.8879,2.2725,1.8248,1 
1.4035,1.4009,2.4544,1.1393,1.8308,2.6718,3.275,1 
-0.1579,0.8855,2.615,1.3498,1.7311,1.376,1.2063,1 
-0.1589,1.0608,2.5218,1.2181,2.4811,1.2906,2.5657,1 
0.3146,0.4255,2.0866,1.4764,2.0625,1.5101,2.7247,1 
-1.8817,-0.4641,1.0932,1.5729,4.0185,2.5186,1.726,1 
-1.074,1.2915,2.7974,1.6881,0.5604,1.1579,1.5442,1 
-0.3094,-0.6075,2.459,1.4199,1.4353,1.8494,0.7344,1 
-1.4991,0.4223,1.6337,0.8126,3.2666,2.1841,3.5427,1 
1.7755,-0.2113,0.9598,2.4762,2.8817,1.9577,2.6617,1 
0.5296,0.7431,0.2565,0.9865,2.728,2.8319,3.0612,1 
-2.4352,0.5651,1.9526,1.8306,1.829,1.08,2.1679,1 
-0.6449,0.6084,3.9816,2.7019,2.6465,2.3639,2.1342,1 
1.0694,-0.8725,2.1429,-0.061,3.9242,0.3462,3.1835,1 
-0.3262,-0.4283,2.6388,2.9076,2.1956,2.5837,-0.4322,1 
0.7245,-1.1386,1.2473,1.4688,1.9435,2.4349,2.2468,1 
-0.3834,1.9946,1.3519,0.4256,1.8663,2.1,1.2458,1 
0.762,0.0658,2.2487,2.3726,2.7714,3.4774,3.0678,1 
1.5447,-1.5488,0.2793,1.7485,2.1361,1.7197,1.0305,1 
-1.4671,1.3481,2.1898,2.0839,3.008,2.5079,2.0243,1 
-0.5997,-1.9591,0.9138,2.6516,2.549,2.1465,2.1098,1 
0.1085,-0.7368,1.2864,2.3732,2.1605,2.1965,2.846,1 
0.8207,-0.395,2.3302,2.3862,1.2064,-0.1848,1.8542,1 
-0.4879,-0.6501,3.257,2.4151,0.1349,-0.0145,2.1682,1 
-0.2533,0.0919,1.9481,1.8309,2.8936,0.4869,2.1124,1 
1.1946,-0.6881,1.2384,2.4423,1.7092,0.0306,2.5547,1 
-1.1989,-1.4009,1.3727,1.0944,1.6143,1.1663,0.96,1 
-0.7257,-0.9742,2.5295,2.9311,1.7475,0.9826,2.82,1 
0.0137,0.702,1.4548,1.2858,2.517,1.0453,1.9779,1 
1.6098,-1.4124,1.6723,2.4336,3.28,2.9916,1.464,1 
-0.3212,1.5035,3.008,1.4972,1.7835,4.4426,3.3466,1 
0.2817,-0.1155,1.6917,2.4185,0.8229,2.9866,1.7593,1 
1.1782,-0.6889,1.9959,1.2472,1.9582,0.9222,2.3864,1 
-0.9582,0.6388,0.1779,2.6997,1.2371,0.7127,0.778,1 
1.8172,0.1033,2.2584,2.2311,3.1123,1.7432,0.4724,1 
-0.7159,0.0449,1.9785,0.8044,1.6567,1.3406,1.3279,1 
-0.1761,0.5641,2.058,1.7176,2.6697,2.4994,3.4367,1 
0.2926,2.6166,2.492,1.5176,2.3496,1.8348,0.0357,1 
1.155,0.6491,1.2863,2.8803,0.9307,3.0641,2.4445,1 
-0.891,-1.1614,1.4218,1.9195,1.5387,1.7185,1.89,1 
-1.0223,0.6016,2.612,-0.1841,4.1669,2.1367,3.8668,1 
0.1488,-0.4661,1.3815,1.8225,3.2401,1.8884,3.3259,1 
-0.582,-1.2021,1.0612,1.5957,1.3969,0.3149,0.1982,1 
0.3898,-1.025,2.3489,0.2596,1.1701,1.6189,0.8221,1 
1.5027,-0.9833,1.6171,1.3071,1.5299,1.5627,4.6019,1 
2.4892,-0.0228,1.8954,4.6162,-0.9539,2.1194,0.6277,1 
-0.0527,1.0004,1.5703,2.6147,1.9049,3.0399,1.2517,1 
-0.8157,0.8951,2.0808,1.3302,2.6137,0.7441,2.65,1 
-0.4294,-0.4803,2.7048,2.8605,2.4971,4.8309,1.4185,1 
0.3791,0.2478,2.0201,0.2774,1.7992,2.3074,1.1213,1 
-2.1377,-1.7572,1.7907,2.5862,2.0373,1.8449,2.465,1 
-1.4261,0.3981,3.0647,4.0396,4.1518,3.2871,0.2016,1 
0.0221,1.2904,2.7025,1.6977,1.445,0.3396,1.8391,1 
-0.5133,0.7632,1.6485,2.3135,2.1034,1.8718,0.2263,1 
-0.761,1.5545,1.9558,3.4138,1.3733,2.2047,2.3714,1 
-1.5164,1.4252,2.0061,2.6957,1.7807,2.1766,2.6668,1 
-1.5609,-1.2373,3.3688,3.1004,2.182,2.6729,1.9998,1 
-1.074,-1.0265,1.0428,2.3197,2.6439,0.9244,2.5498,1 
-0.0142,0.4377,0.7855,3.0401,3.828,2.4768,1.7014,1 
1.8793,0.9317,3.4555,1.186,3.0108,0.8917,3.4718,1 
-0.2683,-0.0722,2.3506,2.8349,1.104,2.1385,2.0055,1 
-0.6783,0.7494,3.8321,0.1904,1.3437,0.2957,1.7582,1 
-1.5034,-0.3881,0.4298,2.4206,2.5785,0.7135,2.4282,1 
-1.1448,0.3732,3.3258,3.2511,1.8626,1.5733,2.3266,1 
0.3373,-0.6503,1.6408,2.3045,1.6247,4.2547,2.3254,1 
-0.7003,0.3622,3.0189,2.7565,0.4874,3.8172,2.0506,1 
-0.5988,-0.0817,1.4462,2.8858,1.2331,1.2692,1.4796,1 
0.8615,1.4817,1.6061,1.9488,1.1112,1.9204,2.6475,1 
-0.9779,1.2933,0.9682,0.1794,1.4819,2.1477,0.651,1 
-0.8367,-0.2993,2.537,2.582,2.8474,2.3644,3.122,1 
-0.3622,-0.6794,1.4879,1.8767,1.6501,0.8194,-0.4081,1 
-0.5567,0.614,0.5061,3.678,1.8768,2.5642,1.9905,1 
-0.0553,-0.8474,1.4435,1.2982,1.9984,3.3494,2.0456,1 
-1.0256,0.1499,0.0024,1.4122,1.1636,1.3569,2.6028,1 
-1.2759,-0.3497,0.0387,2.9836,2.3692,1.3792,1.8836,1 
0.6581,-1.7582,0.589,1.7229,1.845,1.2079,1.1084,1 
-2.2579,-0.683,1.5779,2.7684,2.6839,2.3688,2.5089,1 
-0.6627,0.1308,2.2938,1.575,2.5071,0.9439,2.0233,1 
-1.4481,1.3224,1.5265,-1.1155,1.4185,1.5565,2.4579,1 
-0.2663,-0.5739,3.0724,1.1915,0.0812,2.7316,3.4864,1 
0.3968,0.215,1.1728,2.789,2.1262,2.7586,1.829,1 
1.127,-1.5366,1.3106,1.8744,1.0994,2.3408,1.2303,1 
-1.3573,0.4452,2.1055,1.2978,1.4844,2.3367,2.6146,1 
0.3986,0.0838,0.354,2.0607,1.1335,1.8121,2.6105,1 
0.727,0.3868,1.3203,2.3945,2.6873,2.6146,1.4794,1 
1.5466,3.4682,1.6163,2.0727,2.8315,2.6827,2.2685,1 
2.0823,-2.1833,3.4197,5.5733,3.0559,3.2191,4.019,1 
-0.3223,2.1192,1.3416,3.4778,2.7795,2.2461,1.0487,1 
0.4636,-1.5746,1.0596,2.067,2.3939,2.7518,2.9277,1 
0.48,-1.5068,2.7261,3.5581,2.3409,2.0851,0.7902,1 
0.6419,-0.1591,2.1981,3.8028,1.6992,2.1512,1.9605,1 
0.4834,0.1503,1.2667,1.4608,1.8738,1.4032,0.6771,1 
-1.246,0.0078,1.486,1.8549,0.7723,3.0558,0.7901,1 
1.0991,0.3953,2.1069,3.2434,1.1233,0.4976,1.4306,1 
-0.2287,-0.0678,3.2386,1.0492,2.5577,1.4435,0.5129,1 
-0.0881,-1.8497,1.8094,4.1424,3.1536,2.6685,2.2417,1 
0.4238,0.0511,1.9994,3.8995,2.3452,2.2439,2.4213,1 
-1.2607,0.3663,0.2296,1.5229,2.3924,1.0805,2.4504,1 
-0.137,0.7164,0.4587,2.5793,1.708,2.101,2.2568,1 
-0.4192,0.2572,3.5256,0.7561,1.5327,0.4171,1.2005,1 
-0.5906,-0.3137,3.3373,2.5922,2.6013,0.8383,3.0922,1 
0.8562,-0.8691,1.9221,1.3674,2.9217,0.8588,2.8256,1 
-0.2759,0.85,2.3466,2.1896,2.817,2.7372,3.0711,1 
-0.4705,0.5424,1.0731,1.1518,2.5328,2.8125,2.5497,1 
-1.7703,-0.1189,2.9367,3.0794,1.2097,0.9281,3.3082,1 
-0.7904,-1.6954,-1.1142,3.5025,1.0702,3.6083,1.0456,1 
-0.0021,-0.1359,-0.2054,2.7861,3.2877,3.1433,2.7566,1 
0.1375,0.7351,1.9738,2.6345,0.6219,0.7793,1.9762,1 
0.3699,-0.2499,0.9669,0.5344,0.4495,0.194,2.8283,1 
-0.1711,-0.7111,1.0279,0.0985,2.2377,0.9807,2.6696,1 
0.9878,0.2661,1.2915,2.5383,-0.2638,0.6637,2.1252,1 
0.0618,0.2368,3.1727,3.1041,1.6989,2.9464,2.0416,1 
1.1234,-0.029,0.8174,1.0319,1.1034,0.2304,2.6882,1 
0.9868,-0.2352,1.7629,3.0155,1.6881,2.5561,1.7426,1 
-0.8627,0.0986,2.7551,0.2062,2.3996,1.0412,2.9232,1 
-0.3853,-0.5329,2.0148,3.1546,2.2206,2.3713,2.8426,1 
-0.1715,-1.3237,4.0385,1.0684,0.9329,0.2387,2.9666,1 
-0.4366,-0.7134,2.8201,2.331,2.972,1.7083,3.6723,1 
-0.2031,0.5053,1.9033,0.2841,1.1467,1.1525,2.1735,1 
1.1712,0.3476,1.2856,2.3669,3.0765,1.9781,0.9882,1 
0.4929,0.1606,4.4902,3.4207,1.8689,1.4711,0.8586,1 
-0.2223,-0.3702,2.1369,1.125,3.0113,1.0872,2.247,1 
1.9816,-0.5554,3.324,2.665,0.6378,2.9749,1.4655,1 
* 
3.6832,1.029,2.0599,1.6745,0.4754,2.3057,2.0505,0 
5.1908,-0.0604,-0.1103,1.4906,-0.0358,1.2286,3.9265,0 
2.076,-1.4279,3.6022,3.6708,2.2314,1.6991,1.2794,0 
1.9702,0.5068,2.1548,1.3384,1.7476,0.8378,0.7186,0 
2.7776,-0.05,2.5918,1.2175,0.3829,1.4548,1.9655,0 
2.2107,2.09,0.4672,2.8543,3.2344,1.3482,2.1432,0 
3.8995,0.0944,1.6295,2.3005,3.833,1.4897,1.175,0 
4.1362,-0.0572,1.3203,2.62,2.1851,1.576,1.6687,0 
3.2866,-0.3613,1.4932,2.239,0.9213,2.0673,1.5764,0 
2.1645,0.1031,2.1953,1.2348,3.2275,1.1121,1.0372,0 
2.2605,0.2288,2.0889,3.2362,2.864,3.4347,0.8821,0 
3.4857,0.1425,1.8193,2.2117,2.8705,2.4988,2.1129,0 
3.7539,1.9238,1.2624,1.1409,1.9182,3.0331,1.8073,0 
1.2624,-1.4277,1.9671,2.6728,0.6277,1.6322,2.2277,0 
4.3053,-0.4854,1.0614,1.7153,1.8102,1.3628,2.058,0 
2.9624,0.416,2.1768,2.9878,1.9155,2.6232,1.2057,0 
2.314,-1.2969,3.9464,1.1306,2.5382,1.2547,2.5115,0 
4.8969,-0.347,1.0171,0.1836,0.5784,2.0116,2.2927,0 
2.8592,-0.9751,-0.203,2.5177,2.8205,0.6192,1.6441,0 
2.0174,0.206,1.5777,1.4444,1.4287,1.9206,2.8501,0 
3.5773,-0.4633,2.131,2.0412,1.7004,0.769,2.0939,0 
3.5738,0.2105,2.2117,2.2328,2.7664,1.1565,2.6222,0 
3.7995,1.1458,1.628,1.0998,2.5467,2.0942,0.919,0 
3.9908,0.0614,1.7939,1.8179,1.7068,1.7397,2.9627,0 
2.789,0.6886,4.1641,2.5164,0.464,2.1982,2.92,0 
2.7897,0.0319,2.9828,3.0682,1.8437,1.3596,2.4566,0 
1.9901,0.3106,1.678,3.0744,3.4235,2.0939,2.7564,0 
3.0322,1.0121,-0.2894,0.4463,2.9355,2.6837,1.4876,0 
2.4122,0.9295,2.6652,0.5527,0.9793,1.8444,2.8761,0 
2.2516,1.2288,3.6799,1.1286,2.9718,2.8802,-0.605,0 
2.1163,-0.2844,2.6299,3.9146,1.8645,3.8025,1.7702,0 
4.0663,-2.1543,0.4818,0.8453,3.2451,3.1327,0.7505,0 
3.2862,0.2758,1.6237,0.1213,1.7017,3.0456,0.6031,0 
3.6368,0.0982,1.6522,2.5408,2.4468,1.6045,-0.2966,0 
3.141,1.3627,2.0292,1.4323,3.4641,2.0637,3.8457,0 
2.9933,1.0491,1.816,3.725,2.7374,1.4495,3.4616,0 
2.8165,0.6786,2.8935,1.6601,1.228,2.242,2.6426,0 
1.972,-1.4278,0.3012,1.7465,1.8075,1.9433,1.2593,0 
3.0331,0.1899,2.2149,2.4135,3.1716,0.512,1.2817,0 
2.3982,-1.1081,1.3532,1.5944,4.032,1.1029,2.2544,0 
2.582,1.9775,1.1352,2.2598,3.9683,2.1721,2.5564,0 
4.6157,0.6476,2.8774,2.0567,1.3985,-0.7481,0.9864,0 
4.1665,0.4492,1.5203,1.723,0.5026,0.703,2.2326,0 
4.5324,-0.6113,2.6168,2.86,-0.283,2.225,0.5709,0 
3.6438,-0.4616,1.6412,2.1412,1.9297,0.8377,1.9562,0 
3.5502,-0.0417,1.576,1.4385,4.0464,2.089,1.7565,0 
3.6286,-2.8477,3.3595,2.9508,2.0295,2.5983,2.1579,0 
2.4213,2.2351,0.8461,1.8059,-0.0593,2.0689,2.8807,0 
2.8004,0.1199,1.3005,1.6791,0.5102,2.5097,4.6525,0 
1.4155,0.575,0.7814,2.4093,2.1991,1.1702,0.7513,0 
3.1951,-0.5846,0.2304,2.0531,2.0083,1.3741,2.4944,0 
3.9552,1.4372,0.3775,2.0165,4.0788,2.5458,3.5687,0 
2.0857,-1.1812,2.828,1.4531,0.3844,1.8573,1.3773,0 
2.7507,-1.7579,1.1591,4.0901,3.6283,1.5575,2.8562,0 
2.6024,1.6253,0.6428,1.5303,3.8832,2.3274,1.7652,0 
1.763,0.3546,0.4208,2.8101,1.7132,1.7431,1.1097,0 
4.4662,-0.0405,2.1924,0.7409,2.8267,1.43,0.6166,0 
3.5266,0.6428,2.4508,2.737,3.2112,1.5087,1.1937,0 
2.2561,0.6808,3.9813,2.3241,2.3719,2.2161,2.0223,0 
2.9381,0.1809,-0.3005,4.178,2.0382,2.4483,2.5046,0 
5.0983,-0.0096,1.6226,3.8352,-0.833,1.6944,2.8682,0 
3.5947,-0.0882,1.6852,0.6238,0.6243,0.9296,0.4988,0 
5.6285,0.288,2.6064,0.6588,3.5801,2.6236,0.8798,0 
2.8574,0.2686,2.0615,0.4007,1.0412,2.2717,1.7722,0 
3.2234,-0.6519,1.3828,2.5254,2.2952,1.5463,2.6156,0 
1.8053,0.8991,2.15,3.6801,0.6479,2.3448,2.1104,0 
3.6756,1.7071,1.8534,0.821,2.9214,3.0608,2.2242,0 
3.3196,-0.4006,5.098,1.7797,1.1948,3.1231,2.4051,0 
1.3155,0.7198,1.7065,0.0133,0.263,1.6223,1.7069,0 
4.4296,-1.6286,0.8684,2.2316,0.9642,1.7687,2.9209,0 
3.3572,-0.4546,2.4404,2.5148,1.6379,1.5818,2.1971,0 
2.6998,0.7459,1.3291,1.117,2.5708,3.4302,3.1535,0 
1.0733,-1.4917,0.935,1.4242,1.0109,0.8024,2.388,0 
2.9449,0.1035,2.7625,0.4809,1.4892,0.9016,0.1685,0 
1.428,0.4533,1.4277,2.2128,2.381,2.8359,5.0806,0 
3.9548,-1.0141,1.6589,2.0401,1.667,2.4339,1.2652,0 
1.4555,-1.0251,2.8309,1.6102,1.956,3.2526,1.8853,0 
2.931,0.9732,1.0335,2.4078,0.9745,1.7556,2.2962,0 
3.0165,0.0215,0.9107,2.5166,1.1964,1.4013,1.7437,0 
1.9958,0.3907,2.9598,1.6349,1.7413,2.3231,3.2613,0 
3.0907,1.6544,0.3664,3.9671,1.2425,1.9363,1.8379,0 
4.7056,-1.3931,3.6564,2.3959,1.9436,1.5368,1.8433,0 
2.6703,-1.0584,2.5691,1.9523,0.9654,0.2145,2.6307,0 
2.9595,-1.0386,3.6078,1.204,-0.1304,0.7495,4.0305,0 
2.7308,-0.9921,3.0428,2.0228,1.4291,1.6998,3.6659,0 
1.8818,0.6278,0.1305,0.2519,2.0841,1.8726,2.9082,0 
1.2561,0.3698,0.9917,1.4699,2.8353,1.2784,2.7469,0 
2.7062,0.0179,2.7399,2.4132,0.2913,2.1766,2.161,0 
3.1566,0.8538,0.0635,3.1477,0.7165,1.3099,0.1802,0 
5.0811,1.1082,0.9655,1.8409,3.2772,2.7509,2.6345,0 
4.5962,1.8031,0.2054,1.4997,0.6256,2.5484,2.2712,0 
4.0317,-0.2968,3.174,2.1045,3.3069,1.6467,1.7129,0 
3.2829,0.9691,2.0967,1.2515,0.8744,1.2866,-0.037,0 
2.921,1.4825,0.5375,2.2713,3.5824,1.2463,3.1996,0 
4.4632,1.1801,2.3201,2.7648,3.3961,2.8521,1.7669,0 
4.1007,-2.6894,1.3657,2.4777,2.5004,1.374,1.887,0 
2.8082,0.0495,1.2218,2.1681,1.4078,2.0355,1.3543,0 
2.3874,-1.486,2.3161,1.1628,1.1588,1.2704,1.4875,0 
2.9897,-1.2039,-0.0744,2.9666,0.9765,3.2964,1.7602,0 
2.9432,-0.9756,0.7408,0.4351,3.5323,1.964,1.7368,0 
1.504,-0.2967,3.3048,2.2132,1.7372,0.9936,1.1041,0 
3.3461,0.5444,4.3129,2.1572,2.0254,2.1647,3.2375,0 
4.862,-0.9686,1.6998,1.8825,-0.3961,3.2311,3.4796,0 
2.0244,-1.4276,1.7246,1.1005,1.0123,2.5371,1.2476,0 
4.3166,1.7833,2.5401,1.0916,1.7324,2.9491,-0.3221,0 
4.9365,-0.8502,2.215,1.3886,3.6007,0.5315,3.8567,0 
3.0598,-0.8288,0.2884,3.0503,2.2211,2.3067,3.566,0 
2.5924,0.2321,2.2216,1.9362,2.9931,0.6553,3.6315,0 
3.8757,-0.9724,1.5357,2.4628,1.8931,2.7901,1.6621,0 
3.954,0.601,0.9306,1.53,1.9395,1.142,2.2997,0 
4.3075,1.4111,3.2287,2.069,3.386,1.4239,0.2304,0 
2.5398,-0.0629,0.5353,1.0291,2.9126,0.6667,1.4625,0 
2.6212,0.2943,2.4635,1.6465,0.4701,2.4811,1.4107,0 
4.4078,-0.7974,1.5927,2.2688,0.9029,0.2467,2.1635,0 
2.3258,0.4301,1.6375,1.9508,3.2249,3.3289,1.6054,0 
4.63,0.2238,2.654,2.3319,2.2456,1.8403,1.5307,0 
3.1718,0.8324,2.3735,0.6729,2.5435,1.4078,0.9944,0 
2.315,1.132,1.8913,0.0596,0.8779,3.092,-0.6306,0 
2.429,-0.383,0.4238,-0.1162,0.2053,0.3273,2.3309,0 
2.8748,-0.0412,2.2378,2.3322,0.8179,2.1104,2.3083,0 
4.3461,-0.5165,-0.1712,2.5058,2.0853,3.3944,1.51,0 
3.2551,-0.5664,2.1614,2.4677,1.1549,1.682,2.383,0 
3.2398,0.5102,2.2832,2.482,2.5469,1.3725,1.0898,0 
1.9552,0.7988,1.8559,2.2833,1.3024,2.5744,2.4888,0 
3.793,0.0596,2.3138,1.0281,4.2356,0.002,0.7507,0 
4.3139,-1.4782,3.5579,2.0553,2.3976,2.9034,1.8869,0 
2.502,-0.363,1.6552,0.9368,1.9742,2.7776,3.7905,0 
2.0845,0.5052,1.2512,1.1573,0.6804,3.4798,1.8633,0 
4.3791,0.2776,0.8894,2.5173,2.362,2.7645,1.8495,0 
1.8645,0.4126,1.9217,1.2153,3.028,0.7175,0.1697,0 
2.0215,2.0035,2.1446,5.7572,2.1613,1.5646,3.4983,0 
4.5426,-0.5719,2.2128,3.0885,1.5821,1.9407,2.5325,0 
3.8042,-0.1867,1.7338,2.6413,2.56,2.2136,0.8487,0 
3.4496,-0.7238,1.1508,3.4481,4.1479,2.491,2.2915,0 
4.1217,0.2725,2.9348,2.65,2.8682,2.8184,2.3253,0 
2.1544,0.932,1.7106,2.2488,4.504,3.0012,2.4114,0 
2.2856,-0.0388,2.7296,2.6536,0.9693,1.9223,2.4936,0 
3.0375,0.1069,2.1704,1.6261,2.7626,2.6052,1.3848,0 
2.3355,0.9438,1.6478,1.1251,4.0361,2.3502,4.1332,0 
0.8965,-0.2418,1.8899,2.9086,1.9107,1.8254,2.3817,0 
3.3821,-0.8961,1.4745,1.8922,0.6521,2.3932,-0.6503,0 
4.5995,-0.9678,0.6759,2.6044,1.9082,2.2123,1.6575,0 
3.6836,-1.6228,2.5648,2.3792,1.8464,2.419,1.5175,0 
1.825,1.1509,1.4454,0.746,1.8228,2.1999,0.3481,0 
2.002,-2.2891,1.199,3.2466,0.7503,1.1357,1.6685,0 
3.0703,1.7626,2.7971,2.9341,1.5304,0.0468,1.3966,0 
2.2916,0.7507,2.0774,2.3724,0.4277,0.199,1.1299,0 
3.938,0.5606,2.5764,2.753,1.779,1.2378,2.2526,0 
2.725,-0.6184,0.9578,3.746,2.5671,3.8119,1.0046,0 
3.7748,0.7036,1.6774,2.1772,1.5383,2.4712,1.5071,0 
2.1897,-0.643,2.6043,0.7144,2.5222,2.1158,2.5395,0 
3.293,0.4338,2.5562,2.892,2.5899,3.2701,1.5492,0 
0.9486,0.4391,4.9413,2.7266,1.075,2.5323,2.4986,0 
4.2314,2.0532,1.0007,0.6349,3.7464,3.2722,2.4743,0 
1.0582,-1.1227,2.3552,2.4576,1.6259,1.4335,1.6035,0 
3.1007,-1.3764,0.6804,1.95,4.298,1.9523,1.3369,0 
4.0439,-0.2698,3.2293,2.3722,2.811,2.7524,2.5642,0 
2.9059,1.1588,1.2174,2.3588,1.8018,2.3474,2.6859,0 
2.1205,1.053,1.7113,3.5174,2.8957,2.4174,1.5459,0 
0.6572,1.0017,3.3001,3.0436,3.6147,2.0349,1.0859,0 
3.6853,-0.2794,1.9714,2.3017,0.7702,2.8962,2.9433,0 
2.2779,0.4656,2.7448,2.0431,0.9592,3.853,1.4347,0 
1.9696,-0.2472,1.5395,2.8815,1.2861,1.0734,1.8596,0 
3.7149,-0.3595,2.452,1.2933,3.084,0.2703,2.4724,0 
2.0454,0.1754,2.3178,1.7415,2.2855,1.9078,-0.1763,0 
2.2687,-0.2863,1.1264,1.6492,1.7025,1.4841,3.0435,0 
1.5896,0.5796,0.9802,1.9451,1.3966,0.7902,5.2407,0 
5.8881,-0.039,1.2155,3.1486,0.4087,1.568,1.469,0 
4.7355,0.3284,2.3302,1.4063,0.3114,0.761,1.3165,0 
2.926,0.1697,2.0071,0.9418,1.6564,2.1551,3.0351,0 
1.4369,-0.1174,0.1401,1.9646,1.2211,1.4268,0.5911,0 
3.018,-1.3485,4.0185,0.6478,0.3644,0.8555,1.7578,0 
0.0542,0.5264,1.2909,2.6728,1.3117,2.0143,1.3414,0 
3.1167,0.7441,1.9325,2.3067,3.0218,0.2956,0.764,0 
2.5431,-0.2418,3.3657,0.0044,1.2214,1.8536,2.8816,0 
2.442,-0.1103,1.7397,4.1814,2.3538,2.4338,2.1421,0 
3.8743,-2.2868,2.909,0.9975,1.0731,1.375,2.6829,0 
3.1232,0.2614,1.7806,1.0435,3.8546,2.7021,-0.4233,0 
5.511,-0.8605,-0.1229,3.7113,1.4849,1.3432,2.8842,0 
0.8522,-0.3523,0.8771,2.308,1.7413,1.9982,1.9306,0 
3.7188,-1.7916,2.2055,1.261,3.1938,3.3009,1.2202,0 
2.9091,0.448,-0.2729,1.7015,3.3493,2.0405,2.1868,0 
2.4512,-1.7064,2.4595,1.9123,1.2651,2.6968,3.0217,0 
4.217,0.1067,1.0995,1.4757,0.7787,4.1956,2.6091,0 
1.8974,1.0138,1.4344,2.4646,1.6726,1.4809,3.0276,0 
5.734,-0.4417,1.1802,0.0224,1.5266,2.1587,2.1073,0 
2.4504,0.0808,0.8974,2.1368,2.0899,2.6338,2.2679,0 
4.2671,-0.8403,2.0387,2.8905,1.8214,0.8082,1.2533,0 
5.0734,-1.4374,2.6404,2.7021,2.8385,1.6518,0.8745,0 
2.1247,0.2689,2.2683,2.4537,1.1055,0.4579,1.8842,0 
3.3702,-0.2788,2.5485,4.0888,2.1008,2.3909,3.8752,0 
1.6248,-0.9719,2.4891,3.8478,2.5634,2.5132,3.1971,0 
4.4102,0.8217,1.1683,0.167,3.7283,1.5596,1.5998,0 
1.9069,-0.8249,3.04,2.6806,2.3218,2.5918,3.5834,0 
2.7465,-0.3286,3.4768,1.9787,3.1326,1.0279,2.6002,0 
4.5299,0.3601,2.0382,2.3386,1.9055,2.184,2.893,0 
4.2947,0.8492,2.5637,2.8523,1.2391,1.3928,1.5268,0 
0.8179,-0.7246,2.9903,2.862,2.1372,2.2371,1.2893,0 
3.1852,-1.5139,0.0777,1.4424,0.809,2.6866,1.6291,0 
2.5381,1.2571,1.6229,2.6201,1.4917,0.781,2.5609,0 
3.0425,-0.669,3.7719,2.8792,3.4132,2.8503,2.8167,0 
2.615,1.1811,2.1358,3.5933,1.9946,0.9874,2.7405,0 
1.914,0.9096,2.1755,2.56,2.8473,1.7014,0.7063,0 
3.8199,-0.3327,2.3085,2.9271,0.6885,1.9351,3.3912,0 
3.3625,-0.5582,1.7206,1.9942,0.6037,2.3073,3.1215,0 
5.0005,0.1364,2.3302,1.9524,1.0583,1.6114,3.4181,0 
2.9696,-0.2686,3.6875,3.2469,2.3473,1.5555,1.1146,0 
2.3953,0.2476,3.0789,0.3738,0.2235,2.8163,0.9014,0 
1.875,1.1695,3.6489,3.1189,3.2194,2.3592,3.0981,0 
1.6478,-0.4222,1.5138,2.9172,3.1425,2.1158,0.9378,0 
3.1917,-0.8138,2.4033,0.6458,1.9957,2.9528,2.8656,0 
3.5269,1.0081,2.2046,3.2007,2.643,2.4489,0.2895,0 
2.5913,-0.5998,-0.0078,1.8475,3.9117,2.4499,2.3996,0 
2.0119,0.4945,1.861,1.0489,3.1991,1.0093,2.3201,0 
1.4678,0.6295,2.6267,1.7409,1.0547,2.2756,2.1106,0 
3.1467,-1.798,2.9957,3.1059,3.7219,1.6021,1.3,0 
4.7314,-0.4677,3.7444,2.8295,0.7197,2.5925,3.6253,0 
2.2336,-0.8904,1.9646,1.9115,2.1295,-0.296,1.789,0 
3.9264,-1.4446,2.3319,1.4341,1.9542,2.0014,3.3946,0 
3.2026,0.2109,1.4879,2.4758,2.4616,1.2935,3.1649,0 
3.4187,0.1015,1.6511,2.5406,2.7056,1.5804,2.6738,0 
2.4267,0.5417,2.1569,0.1727,1.4993,1.4039,1.953,0 
3.7305,-0.2218,2.2063,0.3762,0.4332,1.4801,1.2336,0 
1.771,0.326,3.0918,1.2754,1.1437,1.7646,4.8464,0 
1.1236,-1.0433,1.745,1.6089,2.3363,2.4181,0.9344,0 
3.9598,-0.2157,3.652,1.9601,2.3659,0.7556,2.0905,0 
3.1714,1.0129,3.7116,3.0574,2.5177,1.5015,1.3891,0 
3.5763,1.5324,2.7269,3.2881,3.4267,1.3135,2.0868,0 
3.394,0.9872,2.8261,1.8324,1.3276,0.6673,2.0063,0 
2.0526,1.0586,1.2675,1.6162,2.9566,1.8792,2.1915,0 
4.6678,-0.3178,1.1873,2.0621,1.3204,1.3745,2.7259,0 
2.691,0.6072,1.6751,2.0149,2.4589,2.4863,0.7077,0 
3.9378,-0.0223,3.8977,2.8527,1.6314,1.6027,2.0768,0 
3.3826,0.2488,0.7434,2.2986,2.6481,2.0631,3.673,0 
3.3523,1.8918,2.291,1.3001,0.6604,3.3417,2.973,0 
2.0004,-0.6295,2.909,2.6046,1.4376,2.6296,2.3309,0 
3.4088,-0.038,2.033,4.736,0.4894,1.0813,1.1884,0 
2.9964,0.2402,3.293,0.4863,2.5155,1.578,3.3606,0 
4.0111,-0.0491,4.8505,0.7026,1.9992,0.9754,3.0225,0 
3.3705,1.233,2.1585,3.4044,3.0572,2.4777,1.4652,0 
3.3477,0.1509,2.1636,1.8448,2.2766,0.3218,1.837,0 
3.0253,0.1923,1.661,1.1287,0.278,2.2188,1.2512,0 
3.6827,-0.7081,2.435,2.6547,1.8475,3.007,1.5262,0 
3.8656,-0.373,1.5354,2.1283,3.2997,1.321,1.1343,0 
1.2033,0.4717,1.1115,0.9024,0.8303,2.0448,2.9457,0 
3.2234,-0.0734,1.8727,4.0843,3.1495,1.8047,2.0398,0 
4.7264,0.1024,2.3721,3.1388,2.4537,3.0853,0.7723,0 
1.9084,-1.317,2.9832,1.9558,3.2218,1.5076,3.3633,0 
-0.5067,-1.9318,1.7256,3.2562,1.03,2.2864,0.4272,0 
4.6572,1.331,3.0489,1.7893,2.0462,2.7869,1.9357,0 
2.7627,1.899,0.8807,2.6601,1.2774,3.9918,1.6296,0 
2.2635,-1.1569,1.5653,3.696,-0.0181,0.1092,0.9174,0 
3.0075,0.0536,1.4757,2.9521,0.891,1.8463,-0.2934,0 
1.2933,0.9042,0.2293,0.3996,2.2475,1.652,1.4044,0 
3.5537,-0.3975,1.8176,3.3981,-0.1884,0.9568,0.8605,0 
2.9898,-2.2675,2.2848,3.2545,1.847,2.3591,-0.2198,0 
4.0674,-2.1936,2.4651,3.6098,1.8658,3.2031,1.6066,0 
3.9987,-0.7092,0.9707,0.3135,1.7511,3.9917,1.5379,0 
3.7977,-0.0127,2.5958,1.9459,1.6291,3.4787,2.8212,0 
2.8851,-0.4759,1.6882,2.9477,2.0378,1.6637,2.7879,0 
3.2704,-0.9032,0.6022,1.706,1.0968,2.4296,1.287,0 
2.8329,-0.57,1.768,0.4898,2.2079,2.6676,3.5229,0 
5.9314,-0.834,3.1728,2.7814,1.6409,1.2477,2.184,0 
2.6933,0.0873,3.8712,0.7288,2.1816,2.4218,2.0053,0 
2.6613,0.9478,0.8888,3.2549,2.6988,1.3463,3.9691,0 
3.7771,-0.8341,3.6885,2.5186,1.5725,1.3949,2.3763,0 
1.2128,-0.2772,2.1434,1.4658,2.0156,-0.3627,0.3101,0 
2.2321,0.8676,2.0277,3.0264,1.1009,2.4402,2.8944,0 
2.0531,0.4356,2.0965,3.7653,3.0769,1.4177,2.3947,0 
1.9702,-0.69,0.6749,3.1567,2.8879,2.5428,1.672,0 
2.9399,-0.7559,0.5532,-0.2442,2.4178,1.7583,3.2899,0 
3.7775,0.321,2.5125,1.3661,1.792,3.261,0.3577,0 
2.3773,-0.1276,1.0498,2.3887,2.4261,0.8691,2.3819,0 
3.7972,-0.3155,1.4923,1.5558,0.9693,2.1198,2.1742,0 
1.3645,0.7312,3.0318,2.1703,-0.1195,2.0272,0.1486,0 
2.9502,-0.6003,3.1776,3.0712,3.0087,2.0875,3.4605,0 
2.7583,-0.084,-0.0042,1.1033,-0.9438,1.8473,0.8573,0 
4.3957,-0.05,3.8337,2.4509,1.4396,2.2871,2.2522,0 
0.5459,0.7004,2.0701,1.7228,2.7414,3.3536,3.7609,0 
3.7375,-1.1449,0.2795,1.6754,1.3589,1.1063,2.7843,0 
3.7233,-0.8125,0.9429,1.4362,-0.6419,1.2157,0.3008,0 
2.6446,0.5917,3.5766,1.7512,3.0411,2.3296,2.1963,0 
2.9229,-0.6951,1.4469,0.8199,-0.0575,2.3553,2.2409,0 
2.5758,0.3503,1.6532,2.3073,2.2448,2.4835,2.4071,0 
3.9144,0.2807,-1.6397,1.8468,0.5815,1.2849,2.4936,0 
4.7074,-1.7688,1.3635,1.065,0.0002,1.5159,3.0528,0 
2.5474,-0.3134,3.2239,3.3449,1.5743,1.5158,2.2811,0 
3.7176,1.4096,0.9789,-0.5764,0.8032,2.8802,2.1883,0 
3.9895,-2.1751,2.4364,3.4892,1.3299,2.1713,2.2745,0 
2.4099,0.7655,3.209,3.1641,-0.8796,3.9696,1.0037,0 
2.2193,0.9787,2.299,3.0761,2.7814,1.7256,1.8284,0 
4.1809,0.6478,1.3828,2.7536,1.0843,1.4514,2.9312,0 
3.1804,1.196,2.1445,1.5513,2.5268,1.5252,2.5259,0 
2.9723,-1.3797,1.6334,2.3874,2.1951,3.5828,2.4283,0 
1.0789,0.5667,2.636,2.1937,4.1242,3.4271,2.3024,0 
3.7913,0.2415,0.8429,0.8074,1.4822,0.9018,2.4198,0 
3.6158,0.0669,1.5716,2.2165,3.634,0.9749,2.0603,0 
3.3653,-0.1233,2.8237,2.7183,1.1037,1.9064,1.7288,0 
2.7265,0.0561,0.1455,1.25,2.0949,2.2834,2.0502,0 
1.961,-0.3129,3.121,1.3224,1.3704,1.1812,2.3475,0 
3.2986,-1.1856,1.2618,2.5431,2.9048,1.0702,1.045,0 
2.4257,-0.3212,1.5877,1.3397,1.5301,3.6448,2.6952,0 
0.2668,-0.0024,1.5903,2.1468,3.1054,2.0804,2.7411,0 
2.267,0.3619,3.2463,0.891,2.8755,3.0161,1.1678,0 
3.5687,0.3563,3.6754,2.9018,3.6723,-1.0878,0.9895,0 
3.0396,-0.6018,3.3644,1.4413,2.4514,1.7468,1.5816,0 
2.87,1.8823,2.7427,1.3695,3.2357,2.4978,-1.4875,0 
2.623,-0.7846,2.8637,3.0242,2.7863,0.1991,-0.6993,0 
2.1929,0.9889,2.8979,2.0896,3.4433,-0.4864,1.1121,0 
1.9343,-0.2768,0.3397,3.3051,3.1404,1.731,0.7338,0 
4.5091,2.0103,3.1115,1.1457,2.0801,2.296,3.012,0 
2.893,-1.4533,2.3357,3.4272,1.7412,1.9889,1.0614,0 
2.514,1.2729,0.8001,2.1279,2.5722,0.6318,2.1374,0 
4.4989,0.3725,2.7317,3.403,1.7564,0.2127,2.0521,0 
1.992,1.044,2.2623,3.1628,0.839,2.0752,2.6638,0 
3.8189,0.9715,2.1285,0.7365,2.5736,2.0569,2.4148,0 
4.5974,0.9418,1.6738,2.4923,1.2747,0.0744,1.5111,0 
2.976,1.0398,2.2692,1.7486,2.5318,1.8504,3.1589,0 
4.3653,-0.8513,2.521,2.2105,2.3842,1.5843,1.9852,0 
2.6587,2.2817,1.8623,2.087,2.7247,1.9265,0.1646,0 
0.9584,-0.4883,4.0969,2.9777,3.2077,1.2529,3.0605,0 
3.6766,-0.8983,0.0881,1.353,2.7533,2.3164,3.4828,0 
4.8505,0.1811,1.235,1.9412,2.157,2.5272,2.4525,0 
2.9709,0.2505,2.3887,2.8173,3.1836,2.2853,2.434,0 
3.8994,0.8668,3.2017,2.9711,2.0028,-0.7606,3.2733,0 
2.2125,-0.116,2.0259,2.6516,3.2827,1.7401,2.6725,0 
4.6117,1.0193,3.1198,1.2453,2.2614,1.4723,1.5934,0 
3.2131,-1.1133,-0.6049,1.7679,3.3451,1.689,0.3622,0 
2.6093,0.4908,0.9583,2.3869,3.7553,2.7311,0.5017,0 
3.4625,-0.0491,2.5202,2.328,3.235,3.2648,3.2514,0 
3.2123,-0.1005,1.0288,1.612,1.6366,3.4841,0.413,0 
4.421,-0.3562,2.6165,3.2074,1.4414,1.1883,3.9155,0 
4.1604,-0.5451,2.9755,3.5147,1.2742,2.402,1.5486,0 
1.0057,0.4658,1.6486,1.547,3.064,2.7861,1.6378,0 
1.2741,0.3892,1.5978,1.654,2.86,0.636,2.6077,0 
2.5899,0.0273,3.5966,2.8803,1.514,1.6654,1.6834,0 
3.2496,-0.9408,4.1255,2.5811,2.829,1.4952,0.248,0 
2.6315,-0.3337,1.4999,3.3667,2.2391,1.6581,2.4585,0 
2.9471,-0.2247,0.7294,1.4797,2.9508,1.2655,1.5396,0 
2.9641,0.7107,1.4889,2.0828,3.1241,2.8434,1.7688,0 
2.1811,1.3635,0.8588,2.7049,4.7453,1.9193,2.2756,0 
3.7274,0.565,3.2651,2.2154,1.1776,2.7151,2.5766,0 
3.3267,-0.862,2.7336,1.8691,0.7639,1.4988,2.192,0 
2.1665,0.0092,1.1128,2.2242,-0.7414,3.0678,1.993,0 
3.0576,0.813,1.6313,1.4736,2.9808,2.4814,0.908,0 
3.0197,-1.4412,1.2154,2.0961,1.6201,1.1803,1.2141,0 
3.9001,0.5389,2.9455,1.1904,2.3731,1.6201,1.3648,0 
3.0655,-1.408,2.3015,2.5622,3.0212,1.5502,2.0951,0 
1.9129,-1.6923,1.4722,3.4834,1.7342,2.1088,2.6322,0 
1.7434,-0.7197,2.8555,2.5616,-0.398,3.5957,2.7816,0 
4.5944,-0.2673,2.7147,2.1906,1.5276,2.3732,1.6201,0 
4.6051,-0.8205,2.6982,1.2026,2.0192,3.7498,1.5127,0 
1.514,-0.7457,2.7545,0.3598,3.2648,2.926,0.9954,0 
1.0724,-1.6415,1.0557,1.5229,0.894,0.2637,1.5796,0 
2.6856,0.1794,-0.4559,3.0808,4.4885,1.7981,3.0108,0 
4.6856,0.5828,1.6965,0.7346,2.2653,1.4989,3.3107,0 
3.2856,-0.5292,3.5928,2.4588,2.7277,4.0645,3.0426,0 
4.537,1.5306,1.2658,1.546,-0.1575,5.2687,1.1231,0 
1.944,0.4903,2.397,2.3688,1.8075,2.6659,2.3818,0 
2.138,0.0845,1.0243,2.5589,2.4807,1.5722,2.0608,0 
2.0176,-1.6983,1.1559,1.2609,1.6911,2.6337,2.2945,0 
2.5669,1.5416,3.72,2.771,0.4162,1.7806,2.6325,0 
2.1228,-1.1914,1.7486,2.3941,1.3113,2.1381,2.0991,0 
3.5883,0.3053,3.1392,2.1648,1.3183,0.5887,2.0179,0 
2.1866,-0.7474,0.577,1.6175,0.5827,4.578,1.4368,0 
4.0209,1.7592,2.9953,2.5341,2.5371,4.5042,3.2138,0 
3.9132,-0.2719,3.8082,2.0091,-0.4361,1.9107,0.3483,0 
4.5941,0.1103,2.474,2.2068,1.1903,2.7414,2.6608,0 
3.1668,0.8812,1.3617,2.2293,1.2801,1.185,0.8205,0 
5.9823,-0.6107,0.8781,5.983,0.6922,2.3279,3.0511,0 
2.5838,0.5318,2.6203,0.2234,2.8168,2.3466,0.7572,0 
-0.0491,0.7333,1.059,3.9304,1.0823,3.0613,2.8997,0 
2.9224,1.288,2.1848,3.5715,2.8453,4.1867,0.6721,0 
1.0924,0.4861,3.7768,1.9977,2.888,0.9346,2.457,0 
3.7359,0.3131,2.3284,1.941,1.3659,2.592,3.2578,0 
4.4574,0.741,1.6593,0.765,3.1442,2.983,1.1449,0 
4.4095,-1.2646,0.5521,1.6811,0.9965,4.42,2.4924,0 
3.3631,0.0545,2.5295,2.9004,1.702,2.5973,2.4686,0 
2.5074,2.5334,1.7012,2.9943,2.927,1.3335,2.6451,0 
1.5336,0.831,3.6778,3.2563,1.0564,1.1874,3.1054,0 
4.7876,0.7206,2.2686,2.7818,2.3478,2.4241,0.8561,0 
2.3024,-0.4349,1.6741,2.8685,1.3841,3.0757,1.3697,0 
4.7818,-0.054,2.4275,1.4283,1.984,1.6268,2.6182,0 
0.8306,2.9564,1.4437,2.0803,0.7539,4.403,3.8799,0 
2.1226,-0.7136,2.2851,2.7685,2.4983,1.1883,2.8165,0 
3.8289,0.1863,4.0247,-0.662,1.406,1.6894,4.0185,0 
3.989,-1.1136,1.8614,2.4841,3.0076,2.1208,1.2635,0 
3.8009,-0.3922,1.9535,1.6732,2.4246,2.1919,1.6503,0 
3.3627,-2.9886,2.1342,0.2855,3.031,1.497,2.6922,0 
3.0845,-0.282,0.6148,1.5701,0.7903,2.3487,2.0449,0 
3.0284,-0.0765,2.7342,1.7111,3.1912,1.5285,2.3797,0 
2.6509,0.8192,3.2096,2.15,0.7444,2.611,1.4895,0 
2.9529,-0.1332,1.4028,1.057,0.9604,2.1569,2.4409,0 
2.1996,1.3255,2.579,2.9372,-0.3047,2.0235,2.5546,0 
2.9447,-0.2249,0.8633,1.572,0.7632,0.832,3.5616,0 
2.1119,0.7446,0.9452,3.1929,2.6258,2.7873,2.3952,0 
2.596,1.0333,2.2045,1.4621,2.1028,0.1424,2.3924,0 
4.0107,0.5597,3.7753,1.5662,1.914,0.7751,0.9958,0 
2.4583,-0.4708,2.3148,2.9918,3.8428,3.6274,1.1613,0 
3.2437,0.4688,4.3805,3.705,0.2923,3.2127,2.2926,0 
3.6673,-0.7895,1.408,1.7223,2.2216,1.1739,1.0718,0 
3.1135,0.8215,1.8237,1.9455,1.7183,0.8517,2.1224,0 
1.4736,0.4214,1.9534,3.5311,2.8399,1.4095,2.941,0 
4.462,-1.9399,2.5908,1.5012,2.0043,1.2099,1.9088,0 
2.4829,1.3064,2.0854,2.4054,1.6761,3.0247,2.9012,0 
1.78,-0.1797,2.9809,2.0852,2.6336,3.7358,3.5619,0 
2.8067,0.9351,2.9763,1.9484,2.3007,3.2272,3.8594,0 
4.2837,0.3851,1.9577,1.3734,1.0679,2.9656,0.6815,0 
3.0606,0.3398,-0.5953,2.5684,2.663,2.8707,2.8483,0 
3.4148,0.9425,0.9833,0.8145,3.582,1.8976,0.5814,0 
3.3723,0.1073,1.2111,4.1317,1.3162,2.0902,2.0728,0 
1.8469,1.1141,2.8481,1.4779,1.4948,1.9659,1.8018,0 
3.9079,0.3722,2.1802,3.5546,0.7485,1.9384,3.172,0 
2.6571,-0.1739,1.5828,2.1897,2.8986,2.029,2.5912,0 
2.0396,-0.1174,1.6843,1.8126,3.1303,1.8105,1.9942,0 
2.0487,1.8321,3.8129,0.7058,2.2968,3.1603,3.0201,0 
2.7252,0.9758,3.1096,1.3899,3.3672,2.4899,1.7732,0 
1.908,0.3333,0.9134,2.3358,1.6213,3.1042,1.9176,0 
2.634,-0.4077,1.7994,3.3842,2.982,1.1125,2.7524,0 
5.6484,-0.506,2.8585,2.2762,1.6411,1.5808,3.2805,0 
2.1203,0.0464,1.6683,1.2009,1.2451,1.6577,4.4045,0 
4.352,-1.0481,2.4347,0.7519,0.7278,3.2368,1.4378,0 
1.1874,-0.7872,2.9474,2.0022,2.8822,0.5197,1.6369,0 
2.932,0.7172,2.6026,4.572,1.3568,3.39,2.0494,0 
2.5332,1.2167,2.987,1.8111,2.6045,0.8088,1.9579,0 
4.5302,-0.5042,1.7121,1.7452,2.3325,1.5624,0.9599,0 
2.4213,-0.3468,2.9912,2.6818,1.7774,2.8481,1.4713,0 
3.6688,1.0161,2.1283,3.6964,2.698,1.4199,2.5133,0 
2.2136,-0.1651,1.1977,0.2997,1.2613,1.9964,1.3502,0 
3.2925,-0.2672,3.1674,3.4769,2.6274,2.2128,1.1494,0 
2.1226,0.6117,1.9642,2.879,3.4127,3.0412,1.2147,0 
1.9305,-1.0477,1.5377,2.0275,2.6535,2.3714,1.3023,0 
2.3965,0.8035,-0.0792,0.6638,0.7137,1.9795,1.9459,0 
2.5247,0.2748,2.654,2.2908,3.1828,3.0982,4.1747,0 
4.3211,1.0711,1.7761,0.8622,1.0704,1.0459,1.731,0 
4.6045,1.0982,1.8658,1.8222,1.0953,3.4948,0.3025,0 
1.9828,-0.9849,1.8386,1.9481,1.9193,2.3303,1.7006,0 
3.2627,-1.0219,1.531,2.351,2.3712,2.9886,4.8865,0 
2.0513,2.0707,1.2114,2.0831,3.2441,1.9173,2.1324,0 
3.8213,-0.0959,2.4651,1.1916,2.5725,1.2909,3.3581,0 
3.1854,-0.0857,2.0394,1.3053,1.52,2.7136,1.1346,0 
2.669,-0.5568,2.6802,1.5759,2.8394,2.9356,1.2218,0 
4.5369,-0.6218,1.3888,2.087,2.89,1.3304,2.89,0 
4.265,-0.3761,0.9688,1.9229,2.2443,1.2744,2.6767,0 
2.5236,1.184,1.789,0.105,2.2864,2.7465,3.4312,0 
2.4806,-0.6169,3.6187,1.9077,2.8297,1.7208,2.4521,0 
2.2958,0.6621,0.5887,1.6111,0.9925,1.9471,2.5403,0 
3.3809,0.154,-1.5054,2.8174,1.0429,0.8843,1.4803,0 
3.7242,0.1339,2.5372,1.9204,2.08,1.7716,0.8884,0 
4.7069,-0.5703,2.2782,3.9922,1.2842,0.9302,0.3319,0 
2.7974,-1.0262,2.7108,1.3925,0.0159,1.5019,1.4332,0 
3.9859,-1.6806,2.8324,1.5356,2.6634,0.5835,1.4881,0 
4.2433,-0.5698,0.3621,0.8337,1.6082,2.1503,2.0283,0 
2.9503,-0.7871,2.3349,3.178,1.9901,1.3799,1.7921,0 
1.8653,0.0404,0.9212,-0.1351,0.4567,1.3495,1.8282,0 
3.3319,-0.1489,1.8076,1.2422,1.8321,2.3655,1.1482,0 
2.7732,1.3215,1.5789,2.3224,3.6826,1.7219,2.3491,0 
2.9347,1.0828,2.3996,0.956,2.8009,0.9474,2.8002,0 
3.0297,0.4745,2.048,1.4464,1.5308,2.3738,-0.52,0 
3.1759,0.691,2.394,1.8583,0.741,3.5562,0.4446,0 
3.5676,1.3582,2.7606,1.2292,2.6134,3.3839,2.9826,0 
2.6534,0.6509,2.6092,3.2376,2.7375,2.4457,2.5194,0 
3.204,-0.7278,4.27,3.2582,1.8701,3.0317,1.202,0 
4.3129,0.426,1.488,2.0405,3.4135,-1.5081,2.0822,0 
4.937,0.2295,3.108,2.8533,1.4743,2.19,1.3397,0 
3.9662,-1.1926,-0.0738,2.455,2.9893,2.8238,2.3467,0 
3.8428,-1.2427,1.1964,1.3982,0.4104,1.9432,1.341,0 
2.4806,-0.492,2.1999,1.6777,3.2511,1.4098,1.6958,0 
2.7637,0.1337,2.1999,1.8163,3.2569,3.3559,1.324,0 
2.1302,1.2337,0.1909,2.6088,2.5837,1.3029,3.3164,0 
3.5984,-0.1768,1.5027,0.4782,2.6534,1.3605,1.2706,0 
3.9114,1.0681,1.516,3.2232,2.8254,1.2388,3.3815,0 
2.0455,-1.0684,1.5865,3.1216,1.0757,2.187,2.3347,0 
3.2922,0.801,3.2506,2.023,1.1366,3.2238,1.8304,0 
2.6412,-1.3967,3.6611,1.9464,0.4974,0.642,0.513,0 
3.6494,-2.124,3.2574,1.653,1.403,1.6439,1.6382,0 
3.995,1.6991,2.725,2.1768,0.8179,-0.5677,1.5031,0 
3.1777,-1.334,2.5035,1.7834,1.8705,2.6566,2.3629,0 
1.9154,0.3336,2.0342,1.2355,0.927,3.5797,0.6944,0 
2.6498,-1.1211,3.3997,2.434,3.8109,2.7396,3.6764,0 
3.2151,-0.524,0.6786,1.0877,1.0129,3.4811,1.4184,0 
1.3583,-0.9651,1.7767,2.0733,3.5334,0.7852,1.1109,0 
2.2015,-0.2863,2.8396,2.9853,2.1639,2.1512,1.3285,0 
4.1045,0.875,2.6639,2.2987,0.3134,2.1069,2.8476,0 
1.6407,-0.4401,2.4861,0.7904,2.1017,2.3595,2.1493,0 
4.3015,-0.4021,1.2055,1.0904,2.2002,2.151,2.1635,0 
5.3924,0.4226,3.3606,2.3381,1.3161,1.2463,1.2225,0 
4.4915,0.0091,3.0874,3.4086,3.418,2.5097,1.6618,0 
3.2384,1.7491,1.3066,1.0035,1.9077,2.4753,0.6117,0 
3.4397,-0.5732,2.0757,0.9378,1.9274,2.4915,1.7338,0 
2.023,-0.3638,2.9805,3.0613,2.0505,1.4313,3.4428,0 
4.4268,-0.5853,1.5248,3.1649,1.9296,1.3267,4.0099,0 
2.1234,-0.1824,3.1315,0.1621,2.546,1.9934,1.7846,0 
4.1126,1.0919,2.2781,1.4997,1.5442,0.8802,2.0789,0 
2.6713,-0.4258,1.8907,1.1404,3.6689,2.1611,2.5275,0 
0.7784,-0.459,2.0981,0.4167,2.4225,0.7656,1.2597,0 
4.0476,-0.7656,2.9815,2.3925,2.4647,0.7396,1.7047,0 
3.0651,-0.5968,2.0215,1.1649,2.2998,3.3616,2.449,0 
4.0199,-0.8304,1.7699,2.7135,3.2299,1.4646,1.9222,0 
3.7811,0.6882,1.5265,2.6991,1.9733,3.5997,0.1493,0 
