1,1,4.1668 
1,2,6.2377 
1,3,-0.4757 
1,4,0.9614 
1,5,2.9946 
1,6,2.1782 
1,7,1.5109 
1,8,1.5579 
1,9,1.7484 
1,10,1.5314 
1,11,1.3264 
1,12,2.1714 
1,13,0.1573 
1,14,2.7976 
1,15,1.5856 
1,16,1.7576 
1,17,1.3473 
1,18,2.2567 
1,19,2.4045 
1,20,0.8835 
2,1,5.4592 
2,2,4.8986 
2,3,1.7208 
2,4,2.4519 
2,5,2.3844 
2,6,2.3794 
2,7,1.951 
2,8,3.2822 
2,9,1.8218 
2,10,0.5736 
2,11,1.2538 
2,12,2.5197 
2,13,2.9457 
2,14,1.362 
2,15,2.6162 
2,16,3.1543 
2,17,1.5399 
2,18,0.591 
2,19,0.1359 
2,20,2.6219 
3,1,5.8204 
3,2,3.4404 
3,3,2.007 
3,4,0.8076 
3,5,2.0803 
3,6,2.305 
3,7,1.035 
3,8,1.5057 
3,9,1.7351 
3,10,0.8579 
3,11,0.8849 
3,12,1.0509 
3,13,3.086 
3,14,2.2775 
3,15,3.4645 
3,16,1.1401 
3,17,0.6507 
3,18,2.8043 
3,19,2.195 
3,20,0.8533 
4,1,7.013 
4,2,7.9767 
4,3,1.4343 
4,4,1.736 
4,5,4.3395 
4,6,2.4514 
4,7,2.3496 
4,8,3.5295 
4,9,1.143 
4,10,0.1859 
4,11,1.8837 
4,12,2.7073 
4,13,3.7708 
4,14,1.7386 
4,15,1.9033 
4,16,0.7069 
4,17,3.222 
4,18,2.3757 
4,19,1.6814 
4,20,1.8254 
5,1,5.7073 
5,2,4.0839 
5,3,0.9833 
5,4,1.4625 
5,5,2.1502 
5,6,0.9501 
5,7,2.8971 
5,8,2.401 
5,9,0.7608 
5,10,1.9544 
5,11,0.7743 
5,12,1.5135 
5,13,1.8507 
5,14,2.5736 
5,15,2.9174 
5,16,2.4091 
5,17,2.4668 
5,18,1.6182 
5,19,2.0069 
5,20,2.2403 
6,1,5.7604 
6,2,6.3767 
6,3,1.0734 
6,4,2.3729 
6,5,1.906 
6,6,4.5208 
6,7,0.1769 
6,8,2.3337 
6,9,4.897 
6,10,2.1088 
6,11,3.5745 
6,12,2.1517 
6,13,2.0454 
6,14,3.0714 
6,15,2.0541 
6,16,2.3709 
6,17,2.2174 
6,18,1.2363 
6,19,2.2648 
6,20,3.2784 
7,1,4.2195 
7,2,3.5772 
7,3,2.421 
7,4,1.8018 
7,5,0.2652 
7,6,1.692 
7,7,1.5338 
7,8,1.7122 
7,9,1.949 
7,10,1.2697 
7,11,2.0953 
7,12,2.9445 
7,13,0.3227 
7,14,2.5461 
7,15,2.2233 
7,16,0.1499 
7,17,0.0299 
7,18,2.7107 
7,19,1.5146 
7,20,2.2659 
8,1,5.6619 
8,2,5.6027 
8,3,1.3218 
8,4,3.2545 
8,5,1.8105 
8,6,1.9762 
8,7,1.9456 
8,8,3.1441 
8,9,2.3063 
8,10,1.0114 
8,11,2.1709 
8,12,3.2568 
8,13,1.4442 
8,14,3.0623 
8,15,2.2571 
8,16,3.41 
8,17,2.4835 
8,18,2.9269 
8,19,1.4662 
8,20,2.6724 
9,1,4.3645 
9,2,4.0248 
9,3,2.2597 
9,4,2.5226 
9,5,3.2358 
9,6,1.9604 
9,7,0.7907 
9,8,1.8391 
9,9,3.2872 
9,10,2.24 
9,11,2.7711 
9,12,3.2145 
9,13,1.8705 
9,14,2.6975 
9,15,1.1982 
9,16,1.2329 
9,17,2.0701 
9,18,0.16 
9,19,2.5925 
9,20,2.6887 
10,1,4.3854 
10,2,4.7262 
10,3,3.4039 
10,4,2.4209 
10,5,3.5584 
10,6,2.7815 
10,7,1.9791 
10,8,-0.394 
10,9,1.9601 
10,10,1.0795 
10,11,3.1413 
10,12,0.6191 
10,13,3.9011 
10,14,0.7735 
10,15,3.6819 
10,16,2.2572 
10,17,2.8339 
10,18,0.73 
10,19,3.8912 
10,20,1.4156 
11,1,5.6698 
11,2,3.622 
11,3,2.542 
11,4,0.4944 
11,5,1.6181 
11,6,1.9829 
11,7,1.8868 
11,8,2.6065 
11,9,2.4565 
11,10,4.3536 
11,11,0.6204 
11,12,1.7684 
11,13,2.9478 
11,14,2.5217 
11,15,1.5602 
11,16,1.8546 
11,17,0.9975 
11,18,0.9093 
11,19,2.8046 
11,20,2.3296 
12,1,5.7198 
12,2,3.6287 
12,3,2.6594 
12,4,0.549 
12,5,2.4438 
12,6,1.9838 
12,7,2.7636 
12,8,2.8853 
12,9,1.9072 
12,10,2.4123 
12,11,2.5122 
12,12,-0.544 
12,13,2.3987 
12,14,1.8277 
12,15,1.7312 
12,16,2.7962 
12,17,1.4646 
12,18,2.7662 
12,19,2.5183 
12,20,2.3609 
13,1,4.6705 
13,2,5.2374 
13,3,-0.2207 
13,4,1.6006 
13,5,3.7562 
13,6,2.0214 
13,7,1.5196 
13,8,2.6573 
13,9,1.5015 
13,10,-0.148 
13,11,2.2023 
13,12,1.8843 
13,13,2.563 
13,14,1.3954 
13,15,1.8203 
13,16,2.4675 
13,17,2.6058 
13,18,1.8925 
13,19,1.7868 
13,20,1.5793 
14,1,3.8446 
14,2,7.0308 
14,3,1.951 
14,4,1.5276 
14,5,2.7867 
14,6,1.6256 
14,7,2.3528 
14,8,3.8446 
14,9,2.4294 
14,10,2.0695 
14,11,2.4826 
14,12,2.4993 
14,13,1.1899 
14,14,1.1747 
14,15,2.3798 
14,16,0.6623 
14,17,3.4163 
14,18,1.7708 
14,19,0.7419 
14,20,2.009 
15,1,4.1284 
15,2,4.845 
15,3,3.7379 
15,4,3.1516 
15,5,3.8366 
15,6,1.6991 
15,7,2.1407 
15,8,2.289 
15,9,4.7367 
15,10,3.7641 
15,11,2.2415 
15,12,1.4623 
15,13,1.5222 
15,14,2.1413 
15,15,2.2211 
15,16,1.854 
15,17,3.692 
15,18,3.6476 
15,19,1.9283 
15,20,2.4508 
16,1,4.606 
16,2,4.4689 
16,3,1.7322 
16,4,1.695 
16,5,3.5273 
16,6,2.9811 
16,7,0.6867 
16,8,1.1348 
16,9,-0.2522 
16,10,0.7672 
16,11,1.9929 
16,12,1.0241 
16,13,1.2841 
16,14,3.0105 
16,15,1.0343 
16,16,3.4554 
16,17,2.9797 
16,18,3.0076 
16,19,4.2076 
16,20,2.5497 
17,1,4.8651 
17,2,4.8684 
17,3,1.0512 
17,4,3.7605 
17,5,3.1162 
17,6,1.7092 
17,7,2.7447 
17,8,2.9822 
17,9,1.431 
17,10,3.4332 
17,11,0.7401 
17,12,1.9371 
17,13,0.612 
17,14,0.6686 
17,15,1.771 
17,16,2.0925 
17,17,3.028 
17,18,1.9759 
17,19,2.477 
17,20,2.1081 
18,1,5.282 
18,2,4.3053 
18,3,2.0408 
18,4,2.2801 
18,5,2.2781 
18,6,1.8387 
18,7,2.4254 
18,8,3.1479 
18,9,1.3584 
18,10,2.0789 
18,11,1.8518 
18,12,0.2724 
18,13,3.7165 
18,14,3.2822 
18,15,2.9846 
18,16,0.6229 
18,17,1.9444 
18,18,1.6915 
18,19,2.0892 
18,20,2.6512 
19,1,5.7207 
19,2,5.3582 
19,3,2.7245 
19,4,3.8053 
19,5,1.6165 
19,6,3.4327 
19,7,1.5692 
19,8,3.0803 
19,9,2.5257 
19,10,3.5351 
19,11,1.1424 
19,12,1.8529 
19,13,1.3686 
19,14,0.97 
19,15,0.5269 
19,16,1.8619 
19,17,2.7732 
19,18,1.2153 
19,19,1.0499 
19,20,0.6602 
20,1,5.4313 
20,2,4.7566 
20,3,0.3781 
20,4,2.2768 
20,5,2.1085 
20,6,3.6186 
20,7,2.9719 
20,8,1.3924 
20,9,1.5048 
20,10,1.589 
20,11,2.8957 
20,12,1.3526 
20,13,-0.8171 
20,14,0.6422 
20,15,3.6468 
20,16,2.585 
20,17,2.4753 
20,18,1.8576 
20,19,1.3804 
20,20,2.7619 
21,1,4.0616 
21,2,4.8956 
21,3,0.9146 
21,4,2.3928 
21,5,0.5277 
21,6,1.865 
21,7,3.3661 
21,8,3.2163 
21,9,2.7755 
21,10,3.2253 
21,11,0.8813 
21,12,3.0603 
21,13,1.9267 
21,14,2.4247 
21,15,-0.933 
21,16,2.1904 
21,17,2.603 
21,18,2.1578 
21,19,0.0689 
21,20,3.4716 
22,1,4.7761 
22,2,7.1433 
22,3,-0.1355 
22,4,2.0701 
22,5,0.462 
22,6,1.0854 
22,7,1.54 
22,8,1.8009 
22,9,1.1029 
22,10,1.3302 
22,11,-0.3838 
22,12,1.534 
22,13,1.08 
22,14,1.3749 
22,15,2.6424 
22,16,2.069 
22,17,2.9753 
22,18,0.4522 
22,19,2.4163 
22,20,3.2593 
23,1,5.6144 
23,2,7.5131 
23,3,2.1853 
23,4,1.2973 
23,5,3.6631 
23,6,2.2929 
23,7,1.7525 
23,8,2.9968 
23,9,1.4781 
23,10,1.1523 
23,11,2.4253 
23,12,2.8286 
23,13,2.3811 
23,14,2.4935 
23,15,0.9357 
23,16,2.17 
23,17,2.3289 
23,18,1.414 
23,19,-0.1877 
23,20,2.4826 
24,1,4.5213 
24,2,4.531 
24,3,2.4741 
24,4,3.1956 
24,5,1.2928 
24,6,1.9389 
24,7,1.7195 
24,8,-0.1806 
24,9,1.7823 
24,10,2.56 
24,11,1.4952 
24,12,3.0323 
24,13,2.3013 
24,14,1.1814 
24,15,2.1101 
24,16,1.8732 
24,17,2.4292 
24,18,1.9774 
24,19,0.7843 
24,20,1.4138 
25,1,5.0637 
25,2,5.2586 
25,3,0.0525 
25,4,0.6123 
25,5,1.6874 
25,6,2.2079 
25,7,3.6974 
25,8,2.907 
25,9,0.5186 
25,10,1.3779 
25,11,3.7219 
25,12,2.4089 
25,13,4.1924 
25,14,1.6752 
25,15,2.1244 
25,16,1.5377 
25,17,1.6282 
25,18,2.9996 
25,19,2.1087 
25,20,2.4503 
26,1,6.0111 
26,2,3.6261 
26,3,1.5309 
26,4,2.9163 
26,5,1.9214 
26,6,0.2019 
26,7,1.8828 
26,8,0.7285 
26,9,2.42 
26,10,3.2139 
26,11,2.5065 
26,12,1.7691 
26,13,1.6293 
26,14,4.8167 
26,15,2.5268 
26,16,2.3534 
26,17,2.9247 
26,18,1.166 
26,19,3.0834 
26,20,2.7564 
27,1,4.9696 
27,2,4.934 
27,3,2.8432 
27,4,2.7641 
27,5,3.3033 
27,6,2.2113 
27,7,0.4975 
27,8,2.3905 
27,9,0.2206 
27,10,4.3166 
27,11,2.042 
27,12,1.3833 
27,13,2.5384 
27,14,2.631 
27,15,1.7038 
27,16,2.0982 
27,17,2.6555 
27,18,3.9247 
27,19,3.2481 
27,20,0.1425 
28,1,5.5979 
28,2,5.1214 
28,3,0.119 
28,4,3.9046 
28,5,0.5656 
28,6,2.6675 
28,7,2.753 
28,8,2.5248 
28,9,3.4879 
28,10,2.0012 
28,11,3.2961 
28,12,3.2401 
28,13,2.6418 
28,14,0.8361 
28,15,1.1564 
28,16,1.7614 
28,17,0.7675 
28,18,1.1748 
28,19,0.8186 
28,20,0.7621 
29,1,4.3734 
29,2,5.2175 
29,3,1.5573 
29,4,3.0279 
29,5,2.4508 
29,6,2.5777 
29,7,1.8306 
29,8,3.8116 
29,9,2.1682 
29,10,3.2212 
29,11,1.1578 
29,12,2.4302 
29,13,3.9606 
29,14,1.4269 
29,15,1.3044 
29,16,2.0019 
29,17,0.653 
29,18,1.7956 
29,19,1.2734 
29,20,0.8356 
30,1,4.4869 
30,2,6.7634 
30,3,-0.4533 
30,4,2.9866 
30,5,1.0951 
30,6,2.7484 
30,7,1.0425 
30,8,3.1175 
30,9,3.5474 
30,10,2.9805 
30,11,3.2931 
30,12,2.4315 
30,13,2.5766 
30,14,3.3536 
30,15,2.238 
30,16,2.1574 
30,17,0.708 
30,18,-0.1042 
30,19,1.0351 
30,20,1.1382 
31,1,5.603 
31,2,5.8317 
31,3,1.6883 
31,4,1.2575 
31,5,1.0585 
31,6,2.2068 
31,7,2.2657 
31,8,0.9185 
31,9,1.8851 
31,10,3.9206 
31,11,1.8326 
31,12,1.7841 
31,13,2.9646 
31,14,2.9259 
31,15,1.6778 
31,16,2.6554 
31,17,-0.2093 
31,18,1.3153 
31,19,2.5964 
31,20,1.4819 
32,1,5.0055 
32,2,3.9282 
32,3,1.44 
32,4,4.0846 
32,5,1.7884 
32,6,2.2983 
32,7,1.7387 
32,8,2.288 
32,9,1.7892 
32,10,1.7279 
32,11,1.449 
32,12,1.7773 
32,13,2.1543 
32,14,2.5988 
32,15,1.3136 
32,16,0.7658 
32,17,2.7841 
32,18,0.9266 
32,19,2.3253 
32,20,2.1622 
33,1,5.1952 
33,2,3.5394 
33,3,1.9371 
33,4,1.203 
33,5,2.9194 
33,6,1.3939 
33,7,3.1723 
33,8,3.2056 
33,9,2.4663 
33,10,2.834 
33,11,3.1902 
33,12,1.7449 
33,13,1.9126 
33,14,2.3895 
33,15,2.1258 
33,16,3.6152 
33,17,1.2564 
33,18,3.3095 
33,19,3.2283 
33,20,2.594 
34,1,5.1038 
34,2,5.2988 
34,3,2.7054 
34,4,1.3041 
34,5,1.0494 
34,6,1.8957 
34,7,2.4156 
34,8,0.4856 
34,9,1.806 
34,10,1.7158 
34,11,2.1932 
34,12,0.7861 
34,13,2.3296 
34,14,1.3089 
34,15,1.3288 
34,16,2.6264 
34,17,2.7233 
34,18,1.9128 
34,19,2.6596 
34,20,3.1653 
35,1,5.7874 
35,2,2.8475 
35,3,2.3719 
35,4,3.2322 
35,5,1.8407 
35,6,1.6495 
35,7,1.0363 
35,8,2.0091 
35,9,0.8917 
35,10,0.5314 
35,11,0.3434 
35,12,4.1376 
35,13,1.8477 
35,14,2.3553 
35,15,2.8363 
35,16,1.6514 
35,17,0.5685 
35,18,2.5209 
35,19,2.664 
35,20,1.4961 
36,1,4.0829 
36,2,5.6853 
36,3,2.3333 
36,4,1.9878 
36,5,1.4051 
36,6,3.1805 
36,7,2.5943 
36,8,1.1897 
36,9,1.5118 
36,10,1.8518 
36,11,0.042 
36,12,2.9399 
36,13,1.2517 
36,14,1.9098 
36,15,2.2643 
36,16,1.8048 
36,17,2.0857 
36,18,2.3952 
36,19,0.9448 
36,20,1.09 
37,1,4.1341 
37,2,4.4055 
37,3,1.8672 
37,4,1.57 
37,5,1.4955 
37,6,3.3726 
37,7,0.9677 
37,8,0.9683 
37,9,2.2788 
37,10,1.1564 
37,11,1.438 
37,12,2.7391 
37,13,3.0194 
37,14,0.7842 
37,15,2.9185 
37,16,-0.8772 
37,17,1.7995 
37,18,1.4455 
37,19,0.5985 
37,20,1.3028 
38,1,4.9955 
38,2,4.2724 
38,3,1.0818 
38,4,1.9139 
38,5,5.5679 
38,6,1.7247 
38,7,2.8781 
38,8,-0.3619 
38,9,0.3108 
38,10,3.2549 
38,11,1.7196 
38,12,0.8683 
38,13,1.0709 
38,14,1.9608 
38,15,2.7552 
38,16,1.6422 
38,17,3.9395 
38,18,2.8374 
38,19,3.0245 
38,20,2.881 
39,1,4.5356 
39,2,3.5077 
39,3,1.2098 
39,4,2.5194 
39,5,1.5464 
39,6,4.3521 
39,7,2.1214 
39,8,2.4401 
39,9,-0.6315 
39,10,2.1565 
39,11,1.0671 
39,12,2.3939 
39,13,2.0208 
39,14,0.4389 
39,15,1.8692 
39,16,3.3051 
39,17,0.8297 
39,18,0.1062 
39,19,3.1114 
39,20,1.6105 
40,1,4.7077 
40,2,6.682 
40,3,1.1038 
40,4,1.4169 
40,5,2.7788 
40,6,2.0611 
40,7,0.8979 
40,8,2.6104 
40,9,1.517 
40,10,3.3188 
40,11,1.4644 
40,12,1.8525 
40,13,1.8662 
40,14,2.3952 
40,15,1.3896 
40,16,2.2908 
40,17,3.372 
40,18,3.1071 
40,19,2.0133 
40,20,0.9455 
41,1,3.9408 
41,2,4.5618 
41,3,1.6031 
41,4,2.0138 
41,5,2.2576 
41,6,3.3394 
41,7,1.3859 
41,8,0.896 
41,9,2.2916 
41,10,3.6712 
41,11,3.4056 
41,12,1.7777 
41,13,2.2182 
41,14,3.6983 
41,15,-0.5778 
41,16,2.7504 
41,17,2.2007 
41,18,1.0738 
41,19,2.4939 
41,20,0.3632 
42,1,5.6826 
42,2,6.1462 
42,3,1.1904 
42,4,3.734 
42,5,2.7172 
42,6,2.296 
42,7,2.2419 
42,8,0.9586 
42,9,2.3864 
42,10,2.0921 
42,11,3.6135 
42,12,2.8213 
42,13,3.0552 
42,14,2.8358 
42,15,1.2291 
42,16,1.6044 
42,17,2.7426 
42,18,2.1739 
42,19,1.5986 
42,20,2.0641 
43,1,3.6792 
43,2,5.1189 
43,3,0.9661 
43,4,3.6025 
43,5,3.4078 
43,6,3.1069 
43,7,0.0895 
43,8,0.4383 
43,9,0.3865 
43,10,2.3634 
43,11,2.4927 
43,12,2.5925 
43,13,0.2264 
43,14,1.274 
43,15,3.0941 
43,16,2.4793 
43,17,2.5954 
43,18,1.7595 
43,19,3.2925 
43,20,1.702 
44,1,4.6496 
44,2,4.7359 
44,3,2.7498 
44,4,2.364 
44,5,2.1677 
44,6,1.0046 
44,7,3.4982 
44,8,2.6429 
44,9,1.4247 
44,10,0.999 
44,11,2.0596 
44,12,1.4717 
44,13,2.762 
44,14,-0.4814 
44,15,1.1305 
44,16,1.0324 
44,17,1.7978 
44,18,2.9911 
44,19,3.0301 
44,20,0.7589 
45,1,4.6356 
45,2,3.9916 
45,3,2.6619 
45,4,2.6889 
45,5,3.2704 
45,6,3.0096 
45,7,1.1946 
45,8,1.9845 
45,9,2.618 
45,10,3.7388 
45,11,3.1453 
45,12,0.7296 
45,13,1.9264 
45,14,1.1943 
45,15,2.859 
45,16,2.5397 
45,17,0.9103 
45,18,2.3363 
45,19,1.9669 
45,20,3.4267 
46,1,5.2651 
46,2,7.9758 
46,3,0.0662 
46,4,2.2276 
46,5,1.5729 
46,6,3.0266 
46,7,1.1055 
46,8,2.6129 
46,9,-0.1652 
46,10,1.6674 
46,11,3.2108 
46,12,1.7603 
46,13,1.9886 
46,14,4.6773 
46,15,1.881 
46,16,1.2969 
46,17,1.8618 
46,18,1.6106 
46,19,1.3579 
46,20,3.7535 
47,1,4.2324 
47,2,6.0315 
47,3,1.8511 
47,4,1.6569 
47,5,1.3911 
47,6,2.3044 
47,7,0.6 
47,8,0.7169 
47,9,0.9574 
47,10,2.4783 
47,11,1.5114 
47,12,1.7758 
47,13,3.3054 
47,14,-0.3139 
47,15,1.2199 
47,16,1.9474 
47,17,0.2224 
47,18,1.9281 
47,19,1.0178 
47,20,2.08 
48,1,4.937 
48,2,6.8491 
48,3,4.7079 
48,4,3.6548 
48,5,0.8114 
48,6,1.8663 
48,7,2.2961 
48,8,1.7301 
48,9,2.0976 
48,10,0.8553 
48,11,1.7603 
48,12,1.4793 
48,13,1.1042 
48,14,3.0863 
48,15,3.1616 
48,16,1.3621 
48,17,1.7445 
48,18,1.6477 
48,19,3.3544 
48,20,1.5506 
49,1,5.2815 
49,2,2.5068 
49,3,3.6279 
49,4,2.6466 
49,5,2.3718 
49,6,0.201 
49,7,3.3574 
49,8,1.6208 
49,9,2.3646 
49,10,1.3427 
49,11,2.5752 
49,12,1.0234 
49,13,2.2839 
49,14,1.3639 
49,15,4.3228 
49,16,2.4207 
49,17,2.8771 
49,18,1.0224 
49,19,3.3227 
49,20,0.0959 
50,1,5.4733 
50,2,4.6713 
50,3,3.4101 
50,4,2.7951 
50,5,1.7571 
50,6,2.1479 
50,7,2.0905 
50,8,0.9548 
50,9,-0.6138 
50,10,1.3039 
50,11,0.3861 
50,12,2.6453 
50,13,3.1475 
50,14,3.4295 
50,15,2.9343 
50,16,0.8747 
50,17,3.4018 
50,18,1.5567 
50,19,3.478 
50,20,1.6217 
51,1,6.0877 
51,2,5.9447 
51,3,1.5124 
51,4,3.3241 
51,5,1.8124 
51,6,4.3134 
51,7,1.7957 
51,8,2.8223 
51,9,1.7646 
51,10,0.4418 
51,11,0.5462 
51,12,1.2409 
51,13,2.5436 
51,14,1.8764 
51,15,2.343 
51,16,0.3392 
51,17,3.4406 
51,18,0.4851 
51,19,1.1548 
51,20,1.9343 
52,1,6.7015 
52,2,3.5992 
52,3,2.0121 
52,4,2.638 
52,5,3.5831 
52,6,2.6962 
52,7,2.6352 
52,8,2.6752 
52,9,1.343 
52,10,-0.1361 
52,11,1.9516 
52,12,2.2666 
52,13,1.7124 
52,14,3.8075 
52,15,1.008 
52,16,0.7564 
52,17,2.3698 
52,18,0.9589 
52,19,1.9509 
52,20,2.1203 
53,1,6.5061 
53,2,5.1935 
53,3,-0.6445 
53,4,2.4518 
53,5,2.1099 
53,6,1.7083 
53,7,4.4004 
53,8,1.668 
53,9,2.7085 
53,10,1.9183 
53,11,2.2656 
53,12,2.0297 
53,13,1.0386 
53,14,2.1377 
53,15,1.6056 
53,16,2.2499 
53,17,0.8205 
53,18,1.6813 
53,19,0.9962 
53,20,2.6184 
54,1,6.0599 
54,2,3.8288 
54,3,1.6037 
54,4,3.4289 
54,5,2.65 
54,6,3.8195 
54,7,1.9631 
54,8,2.1625 
54,9,2.3023 
54,10,1.2666 
54,11,0.6802 
54,12,2.7254 
54,13,2.2958 
54,14,1.286 
54,15,3.7129 
54,16,2.6448 
54,17,4.8097 
54,18,1.4303 
54,19,1.7378 
54,20,0.7225 
55,1,2.1323 
55,2,3.959 
55,3,4.6289 
55,4,2.7815 
55,5,1.5309 
55,6,2.9308 
55,7,1.0345 
55,8,0.2853 
55,9,2.5704 
55,10,0.9329 
55,11,2.6872 
55,12,1.2359 
55,13,1.4609 
55,14,2.226 
55,15,1.9194 
55,16,3.0751 
55,17,4.671 
55,18,2.1016 
55,19,2.7907 
55,20,0.7225 
56,1,3.5613 
56,2,4.4294 
56,3,2.0804 
56,4,1.7355 
56,5,4.3189 
56,6,0.563 
56,7,1.4149 
56,8,1.2891 
56,9,-0.3945 
56,10,1.6968 
56,11,2.549 
56,12,1.8459 
56,13,1.3529 
56,14,1.8383 
56,15,2.6273 
56,16,2.9431 
56,17,2.8904 
56,18,1.698 
56,19,3.4836 
56,20,2.2503 
57,1,5.8021 
57,2,7.5898 
57,3,2.0352 
57,4,2.0263 
57,5,2.008 
57,6,-0.9204 
57,7,2.2268 
57,8,3.629 
57,9,1.5597 
57,10,0.5537 
57,11,1.9868 
57,12,0.6303 
57,13,1.3505 
57,14,1.9434 
57,15,2.452 
57,16,3.2356 
57,17,2.4134 
57,18,2.9403 
57,19,2.1751 
57,20,1.5518 
58,1,4.9113 
58,2,5.7848 
58,3,2.9922 
58,4,3.2167 
58,5,4.0301 
58,6,1.4078 
58,7,3.4294 
58,8,1.6476 
58,9,1.0634 
58,10,3.2697 
58,11,3.2864 
58,12,3.2525 
58,13,2.8312 
58,14,3.8943 
58,15,2.9475 
58,16,2.5163 
58,17,3.4811 
58,18,4.2026 
58,19,2.1103 
58,20,2.9883 
59,1,5.5925 
59,2,5.8905 
59,3,2.1316 
59,4,1.9065 
59,5,2.1977 
59,6,2.6616 
59,7,2.492 
59,8,1.7214 
59,9,1.4287 
59,10,0.8418 
59,11,0.2533 
59,12,2.2369 
59,13,2.2153 
59,14,2.0962 
59,15,2.1323 
59,16,2.5986 
59,17,1.3167 
59,18,2.2888 
59,19,3.4326 
59,20,0.557 
60,1,5.4038 
60,2,3.479 
60,3,-0.0433 
60,4,3.0527 
60,5,1.1413 
60,6,1.595 
60,7,2.6476 
60,8,0.6422 
60,9,2.7532 
60,10,3.4454 
60,11,0.6121 
60,12,3.6275 
60,13,2.8898 
60,14,2.193 
60,15,4.0451 
60,16,1.8826 
60,17,3.5042 
60,18,1.5677 
60,19,2.188 
60,20,2.2735 
61,1,5.9635 
61,2,4.0709 
61,3,2.7989 
61,4,2.8428 
61,5,1.2004 
61,6,4.6277 
61,7,3.8816 
61,8,1.6542 
61,9,3.5869 
61,10,2.0158 
61,11,1.3902 
61,12,2.5827 
61,13,2.5566 
61,14,1.3565 
61,15,0.4302 
61,16,1.0906 
61,17,1.0412 
61,18,2.0848 
61,19,1.9978 
61,20,0.6227 
62,1,5.2021 
62,2,4.5718 
62,3,2.8653 
62,4,1.4846 
62,5,1.3742 
62,6,2.9951 
62,7,2.558 
62,8,0.9895 
62,9,2.1663 
62,10,3.012 
62,11,1.6456 
62,12,2.8841 
62,13,2.5164 
62,14,2.8967 
62,15,-0.3614 
62,16,3.7655 
62,17,2.881 
62,18,1.4181 
62,19,1.2558 
62,20,1.287 
63,1,5.1122 
63,2,5.282 
63,3,1.8611 
63,4,0.7831 
63,5,1.4584 
63,6,3.1299 
63,7,1.3644 
63,8,3.5867 
63,9,1.9122 
63,10,3.4809 
63,11,1.9916 
63,12,2.9353 
63,13,1.941 
63,14,1.1873 
63,15,0.7287 
63,16,1.3327 
63,17,0.8003 
63,18,3.0144 
63,19,0.8573 
63,20,3.8489 
64,1,6.1132 
64,2,5.9561 
64,3,0.3197 
64,4,0.1467 
64,5,2.2008 
64,6,1.8086 
64,7,-0.4085 
64,8,2.3321 
64,9,1.5843 
64,10,3.0317 
64,11,3.7671 
64,12,2.9699 
64,13,1.5611 
64,14,4.8977 
64,15,2.9879 
64,16,2.0992 
64,17,2.329 
64,18,1.4878 
64,19,2.1602 
64,20,2.1488 
65,1,5.5132 
65,2,3.8503 
65,3,3.7308 
65,4,0.1442 
65,5,2.8912 
65,6,0.664 
65,7,2.465 
65,8,3.733 
65,9,3.1127 
65,10,1.7986 
65,11,3.3693 
65,12,2.3654 
65,13,0.1203 
65,14,3.3096 
65,15,2.383 
65,16,2.9947 
65,17,3.6931 
65,18,2.5297 
65,19,1.7913 
65,20,2.9162 
66,1,4.1093 
66,2,5.4592 
66,3,2.1991 
66,4,1.3463 
66,5,2.673 
66,6,2.037 
66,7,1.191 
66,8,0.4995 
66,9,1.0304 
66,10,1.9136 
66,11,2.4321 
66,12,1.0767 
66,13,1.4585 
66,14,2.076 
66,15,-0.0842 
66,16,1.6442 
66,17,1.5078 
66,18,0.1812 
66,19,2.263 
66,20,0.7885 
67,1,5.9224 
67,2,5.237 
67,3,3.1025 
67,4,3.197 
67,5,3.8729 
67,6,2.7187 
67,7,0.765 
67,8,2.6929 
67,9,2.5758 
67,10,0.3299 
67,11,3.5202 
67,12,0.9791 
67,13,2.5139 
67,14,3.8819 
67,15,2.2574 
67,16,2.6986 
67,17,3.4689 
67,18,2.0491 
67,19,1.3992 
67,20,1.9302 
68,1,7.0659 
68,2,4.2363 
68,3,2.2424 
68,4,1.8453 
68,5,0.8413 
68,6,3.3033 
68,7,1.6376 
68,8,1.9231 
68,9,0.5908 
68,10,1.3431 
68,11,2.8747 
68,12,1.8763 
68,13,2.4166 
68,14,3.3066 
68,15,3.8716 
68,16,1.0041 
68,17,2.2007 
68,18,2.8817 
68,19,1.9385 
68,20,1.385 
69,1,4.9407 
69,2,2.9737 
69,3,1.3577 
69,4,1.1869 
69,5,1.7365 
69,6,2.2211 
69,7,3.4028 
69,8,0.8277 
69,9,1.9046 
69,10,3.3597 
69,11,3.2237 
69,12,1.0991 
69,13,2.1638 
69,14,2.3033 
69,15,3.0042 
69,16,1.5367 
69,17,1.2033 
69,18,2.3245 
69,19,1.4472 
69,20,1.4669 
70,1,7.2696 
70,2,4.9948 
70,3,1.4096 
70,4,0.9128 
70,5,2.6499 
70,6,3.657 
70,7,0.8431 
70,8,1.4657 
70,9,2.9679 
70,10,1.4552 
70,11,1.4262 
70,12,2.2966 
70,13,2.7034 
70,14,2.2501 
70,15,4.008 
70,16,3.5049 
70,17,2.8197 
70,18,1.0214 
70,19,0.6718 
70,20,3.0942 
71,1,3.9644 
71,2,6.1979 
71,3,3.2655 
71,4,1.3569 
71,5,2.0006 
71,6,1.1654 
71,7,2.9187 
71,8,1.6574 
71,9,1.3393 
71,10,0.3564 
71,11,-0.3691 
71,12,1.7328 
71,13,1.742 
71,14,1.2526 
71,15,1.6424 
71,16,1.7808 
71,17,1.9111 
71,18,2.7817 
71,19,-0.0026 
71,20,2.2093 
72,1,7.1327 
72,2,4.0 
72,3,1.1296 
72,4,2.2059 
72,5,2.4804 
72,6,2.1034 
72,7,2.018 
72,8,1.3786 
72,9,2.4411 
72,10,1.8354 
72,11,3.186 
72,12,2.1645 
72,13,1.1851 
72,14,1.1876 
72,15,0.5894 
72,16,0.9346 
72,17,2.2016 
72,18,2.9327 
72,19,2.9125 
72,20,1.532 
73,1,5.6102 
73,2,5.0684 
73,3,1.1454 
73,4,1.6916 
73,5,1.9639 
73,6,2.0459 
73,7,2.8947 
73,8,2.3581 
73,9,1.0844 
73,10,2.1554 
73,11,0.9399 
73,12,3.1897 
73,13,2.3077 
73,14,2.0073 
73,15,2.0532 
73,16,2.0034 
73,17,2.6852 
73,18,2.85 
73,19,1.0566 
73,20,2.1681 
74,1,5.4337 
74,2,4.3839 
74,3,2.1635 
74,4,1.6644 
74,5,1.1813 
74,6,3.2106 
74,7,2.0478 
74,8,4.6237 
74,9,1.1901 
74,10,1.5926 
74,11,2.3804 
74,12,1.5883 
74,13,1.9564 
74,14,2.1464 
74,15,2.8552 
74,16,1.8369 
74,17,1.0133 
74,18,0.4944 
74,19,2.7174 
74,20,4.0754 
75,1,6.0666 
75,2,5.5827 
75,3,2.056 
75,4,0.8082 
75,5,2.394 
75,6,1.1106 
75,7,1.7003 
75,8,2.1785 
75,9,3.0129 
75,10,1.3859 
75,11,3.8366 
75,12,2.6702 
75,13,1.8786 
75,14,2.502 
75,15,1.7876 
75,16,2.5199 
75,17,2.4498 
75,18,3.6572 
75,19,2.0546 
75,20,3.6167 
76,1,6.2932 
76,2,6.3717 
76,3,2.0395 
76,4,2.4403 
76,5,2.4817 
76,6,2.2516 
76,7,3.2404 
76,8,2.3786 
76,9,1.1663 
76,10,2.089 
76,11,2.1611 
76,12,1.2584 
76,13,0.6347 
76,14,3.058 
76,15,2.3526 
76,16,1.4598 
76,17,0.7014 
76,18,3.4287 
76,19,1.3285 
76,20,1.9467 
77,1,5.4754 
77,2,4.3676 
77,3,1.4637 
77,4,0.0741 
77,5,0.8922 
77,6,2.9431 
77,7,1.7646 
77,8,1.5975 
77,9,2.2386 
77,10,2.2904 
77,11,2.9899 
77,12,2.7808 
77,13,0.8954 
77,14,1.5586 
77,15,2.6507 
77,16,2.0262 
77,17,1.5461 
77,18,3.108 
77,19,2.8309 
77,20,1.1965 
78,1,4.3578 
78,2,4.4584 
78,3,1.8044 
78,4,1.4154 
78,5,2.1888 
78,6,1.2494 
78,7,1.4635 
78,8,3.0212 
78,9,2.37 
78,10,2.1109 
78,11,0.4672 
78,12,1.0137 
78,13,3.2153 
78,14,3.4227 
78,15,2.9457 
78,16,2.7864 
78,17,-0.1429 
78,18,2.362 
78,19,3.0542 
78,20,1.9746 
79,1,5.1463 
79,2,4.1444 
79,3,3.6467 
79,4,3.2056 
79,5,3.6441 
79,6,1.3054 
79,7,2.6066 
79,8,3.2125 
79,9,4.591 
79,10,1.563 
79,11,1.9665 
79,12,3.729 
79,13,1.4935 
79,14,1.0607 
79,15,2.7177 
79,16,2.0118 
79,17,1.4476 
79,18,4.2421 
79,19,0.9998 
79,20,2.4754 
80,1,2.7466 
80,2,3.5733 
80,3,2.6667 
80,4,0.9333 
80,5,1.4492 
80,6,1.4654 
80,7,0.4713 
80,8,0.8614 
80,9,2.3154 
80,10,0.9842 
80,11,-0.2078 
80,12,2.1152 
80,13,2.6798 
80,14,3.4229 
80,15,3.0712 
80,16,1.7166 
80,17,1.7845 
80,18,1.6769 
80,19,3.3085 
80,20,2.8036 
81,1,3.226 
81,2,3.3378 
81,3,1.7621 
81,4,3.6382 
81,5,1.5567 
81,6,4.0375 
81,7,0.9961 
81,8,2.7754 
81,9,2.3084 
81,10,2.4983 
81,11,0.6386 
81,12,2.2948 
81,13,2.2479 
81,14,2.4889 
81,15,1.4616 
81,16,1.8996 
81,17,0.3082 
81,18,0.8944 
81,19,2.3426 
81,20,1.054 
82,1,4.7416 
82,2,5.2257 
82,3,2.6005 
82,4,1.9562 
82,5,0.189 
82,6,0.66 
82,7,0.954 
82,8,2.3952 
82,9,0.9363 
82,10,1.6538 
82,11,0.3767 
82,12,3.3997 
82,13,2.1676 
82,14,1.9017 
82,15,2.1127 
82,16,0.9667 
82,17,1.8282 
82,18,0.0824 
82,19,3.2002 
82,20,3.5222 
83,1,6.1834 
83,2,6.0418 
83,3,2.0755 
83,4,1.7454 
83,5,2.6473 
83,6,1.5489 
83,7,3.5361 
83,8,1.9049 
83,9,1.7722 
83,10,2.4167 
83,11,2.7279 
83,12,1.1986 
83,13,-0.5537 
83,14,0.8777 
83,15,2.3064 
83,16,3.425 
83,17,3.1195 
83,18,1.4093 
83,19,2.5484 
83,20,2.591 
84,1,4.3899 
84,2,3.66 
84,3,1.5737 
84,4,2.9361 
84,5,1.9491 
84,6,2.5785 
84,7,3.8656 
84,8,1.2567 
84,9,3.132 
84,10,0.0392 
84,11,-0.1975 
84,12,2.0241 
84,13,2.749 
84,14,1.6026 
84,15,0.6413 
84,16,1.2001 
84,17,3.7844 
84,18,2.0788 
84,19,2.9142 
84,20,0.8659 
85,1,6.4198 
85,2,5.6698 
85,3,1.9025 
85,4,2.4003 
85,5,2.937 
85,6,1.0701 
85,7,2.4608 
85,8,1.3739 
85,9,3.4174 
85,10,1.885 
85,11,2.8758 
85,12,2.1639 
85,13,1.5627 
85,14,1.6271 
85,15,3.8637 
85,16,3.413 
85,17,2.3331 
85,18,2.9918 
85,19,0.4249 
85,20,2.3685 
86,1,4.3369 
86,2,6.8248 
86,3,1.516 
86,4,2.9934 
86,5,1.7706 
86,6,2.8354 
86,7,4.224 
86,8,3.9298 
86,9,1.0174 
86,10,2.2122 
86,11,2.2205 
86,12,2.4257 
86,13,1.7145 
86,14,0.8803 
86,15,2.0744 
86,16,2.1126 
86,17,1.9483 
86,18,2.1881 
86,19,1.7911 
86,20,3.6587 
87,1,3.9407 
87,2,4.9086 
87,3,0.9164 
87,4,1.0458 
87,5,2.6008 
87,6,0.9383 
87,7,3.0637 
87,8,0.9893 
87,9,2.0857 
87,10,0.9455 
87,11,3.2024 
87,12,2.1687 
87,13,1.3673 
87,14,2.6519 
87,15,1.7316 
87,16,1.1599 
87,17,2.914 
87,18,1.5774 
87,19,-0.271 
87,20,3.0716 
88,1,3.6561 
88,2,5.5667 
88,3,2.0258 
88,4,1.2196 
88,5,1.8613 
88,6,2.5577 
88,7,1.3725 
88,8,1.6036 
88,9,2.6263 
88,10,1.8032 
88,11,1.4124 
88,12,2.5393 
88,13,2.1314 
88,14,2.1317 
88,15,1.8628 
88,16,1.7892 
88,17,2.9005 
88,18,0.5733 
88,19,1.8059 
88,20,2.4871 
89,1,4.9145 
89,2,5.2307 
89,3,1.655 
89,4,1.5325 
89,5,3.5658 
89,6,0.835 
89,7,2.619 
89,8,2.6695 
89,9,1.9871 
89,10,1.9473 
89,11,0.3563 
89,12,2.5744 
89,13,2.1714 
89,14,2.7255 
89,15,2.175 
89,16,1.4983 
89,17,2.7816 
89,18,2.4851 
89,19,1.6161 
89,20,1.5106 
90,1,4.8595 
90,2,5.374 
90,3,0.8261 
90,4,2.6289 
90,5,2.9809 
90,6,2.7021 
90,7,2.099 
90,8,1.0119 
90,9,1.894 
90,10,2.651 
90,11,1.8005 
90,12,-0.8381 
90,13,2.0496 
90,14,3.4287 
90,15,0.7966 
90,16,3.0565 
90,17,2.5739 
90,18,1.1893 
90,19,2.532 
90,20,2.5384 
91,1,5.3296 
91,2,5.9836 
91,3,2.466 
91,4,1.4271 
91,5,1.6773 
91,6,1.1894 
91,7,0.7322 
91,8,1.1435 
91,9,2.106 
91,10,2.9935 
91,11,2.5535 
91,12,2.8973 
91,13,2.3173 
91,14,-0.0352 
91,15,2.9621 
91,16,0.4822 
91,17,1.2639 
91,18,1.4983 
91,19,2.8378 
91,20,1.1909 
92,1,8.2375 
92,2,4.6457 
92,3,-0.3208 
92,4,1.7043 
92,5,1.8557 
92,6,3.2428 
92,7,2.1327 
92,8,2.3147 
92,9,1.6155 
92,10,2.7055 
92,11,2.0899 
92,12,0.8635 
92,13,2.8288 
92,14,2.3225 
92,15,1.5075 
92,16,2.2384 
92,17,1.0811 
92,18,1.7479 
92,19,1.5812 
92,20,4.5248 
93,1,4.8301 
93,2,5.4892 
93,3,2.242 
93,4,1.807 
93,5,1.2903 
93,6,1.6039 
93,7,1.5285 
93,8,2.6354 
93,9,2.2289 
93,10,0.9315 
93,11,3.3334 
93,12,1.9559 
93,13,2.2268 
93,14,2.1398 
93,15,1.799 
93,16,3.0668 
93,17,1.5593 
93,18,2.1708 
93,19,1.4868 
93,20,1.76 
94,1,5.4552 
94,2,5.3744 
94,3,3.206 
94,4,1.5967 
94,5,1.0675 
94,6,0.3661 
94,7,1.7497 
94,8,2.7833 
94,9,1.3955 
94,10,0.6654 
94,11,3.4802 
94,12,0.6286 
94,13,2.9561 
94,14,2.0278 
94,15,2.6798 
94,16,1.0052 
94,17,1.171 
94,18,2.5874 
94,19,2.339 
94,20,0.9522 
95,1,3.5371 
95,2,4.7886 
95,3,1.2313 
95,4,1.8345 
95,5,3.8628 
95,6,1.2502 
95,7,-0.1345 
95,8,3.2679 
95,9,2.2911 
95,10,3.5936 
95,11,2.475 
95,12,1.7356 
95,13,1.6532 
95,14,0.3868 
95,15,1.7909 
95,16,2.2985 
95,17,0.5934 
95,18,1.4281 
95,19,3.0517 
95,20,3.2432 
96,1,5.9917 
96,2,4.0147 
96,3,1.1542 
96,4,3.0454 
96,5,3.2483 
96,6,0.8604 
96,7,-0.0033 
96,8,2.5687 
96,9,2.3466 
96,10,2.0995 
96,11,1.6112 
96,12,1.0865 
96,13,0.5163 
96,14,3.1557 
96,15,0.1023 
96,16,1.7245 
96,17,1.8256 
96,18,3.3875 
96,19,2.5146 
96,20,4.3397 
97,1,4.4642 
97,2,4.8846 
97,3,2.1013 
97,4,1.2091 
97,5,0.8399 
97,6,3.193 
97,7,2.114 
97,8,2.2082 
97,9,2.8083 
97,10,3.3962 
97,11,3.3067 
97,12,2.1278 
97,13,3.5584 
97,14,1.4736 
97,15,0.4266 
97,16,2.5936 
97,17,3.4789 
97,18,2.1723 
97,19,2.3288 
97,20,1.1176 
98,1,4.6445 
98,2,4.1483 
98,3,2.5427 
98,4,3.6179 
98,5,2.6338 
98,6,-2.0777 
98,7,2.1302 
98,8,0.7477 
98,9,1.5448 
98,10,4.1464 
98,11,2.5965 
98,12,1.5562 
98,13,1.4492 
98,14,3.4516 
98,15,1.2627 
98,16,3.3232 
98,17,2.6719 
98,18,2.4961 
98,19,2.1825 
98,20,1.4186 
99,1,5.6165 
99,2,3.2669 
99,3,1.8275 
99,4,3.767 
99,5,1.777 
99,6,3.2183 
99,7,0.1917 
99,8,2.0747 
99,9,2.8022 
99,10,0.6261 
99,11,1.9356 
99,12,1.3465 
99,13,2.2496 
99,14,1.7112 
99,15,2.3949 
99,16,1.9793 
99,17,0.3113 
99,18,2.1492 
99,19,2.3081 
99,20,1.8056 
100,1,5.0582 
100,2,5.4018 
100,3,2.7121 
100,4,1.772 
100,5,2.5507 
100,6,1.7919 
100,7,2.4796 
100,8,2.8814 
100,9,2.5893 
100,10,1.3752 
100,11,2.1445 
100,12,1.4646 
100,13,2.1904 
100,14,1.7555 
100,15,1.4534 
100,16,2.4474 
100,17,0.5908 
100,18,1.839 
100,19,0.8442 
100,20,3.8175 
