0,0,2.076 
0,1,9.6001 
0,2,2.2473 
0,3,2.4469 
0,4,2.0922 
1,0,2.759 
1,1,9.3121 
1,2,1.407 
1,3,1.9017 
1,4,0.4858 
2,0,1.0865 
2,1,10.2709 
2,2,1.7819 
2,3,0.5243 
2,4,1.7671 
3,0,1.038 
3,1,9.7652 
3,2,2.0239 
3,3,2.5682 
3,4,1.2282 
4,0,2.4118 
4,1,10.1285 
4,2,1.6735 
4,3,0.6817 
4,4,0.8681 
5,0,1.1845 
5,1,11.9876 
5,2,0.9962 
5,3,2.647 
5,4,2.8608 
6,0,2.6831 
6,1,11.58 
6,2,1.5786 
6,3,1.265 
6,4,2.8825 
7,0,2.2556 
7,1,9.0598 
7,2,1.5741 
7,3,1.7789 
7,4,2.9724 
8,0,1.2704 
8,1,10.9278 
8,2,1.3312 
8,3,1.0646 
8,4,1.8532 
9,0,0.3083 
9,1,9.5767 
9,2,3.3434 
9,3,2.8671 
9,4,1.6705 
10,0,2.3315 
10,1,8.8446 
10,2,1.6967 
10,3,1.5036 
10,4,-0.0486 
11,0,1.2741 
11,1,11.7266 
11,2,2.1272 
11,3,2.312 
11,4,1.6875 
12,0,2.4796 
12,1,9.9081 
12,2,0.8633 
12,3,0.8475 
12,4,0.3945 
13,0,1.2203 
13,1,11.0809 
13,2,1.5911 
13,3,1.2919 
13,4,2.6861 
14,0,1.8322 
14,1,9.1195 
14,2,2.2831 
14,3,2.0832 
14,4,2.3769 
15,0,2.0123 
15,1,10.4276 
15,2,3.6049 
15,3,0.4484 
15,4,3.6505 
16,0,1.6172 
16,1,10.8027 
16,2,1.0657 
16,3,3.162 
16,4,1.438 
17,0,1.518 
17,1,9.0849 
17,2,2.3878 
17,3,0.9772 
17,4,1.9246 
18,0,3.5324 
18,1,10.3494 
18,2,1.448 
18,3,2.784 
18,4,2.0661 
19,0,1.0935 
19,1,9.0199 
19,2,2.0368 
19,3,2.101 
19,4,1.648 
20,0,2.043 
20,1,11.2582 
20,2,1.3173 
20,3,1.3319 
20,4,3.9793 
21,0,2.1974 
21,1,9.3587 
21,2,3.448 
21,3,2.9936 
21,4,2.1825 
22,0,3.5778 
22,1,10.8441 
22,2,3.2999 
22,3,3.8342 
22,4,3.4054 
23,0,2.9411 
23,1,7.739 
23,2,2.8001 
23,3,1.547 
23,4,0.8353 
24,0,2.9061 
24,1,11.0929 
24,2,3.1158 
24,3,1.1345 
24,4,1.4638 
25,0,1.8315 
25,1,11.4288 
25,2,1.0947 
25,3,1.1092 
25,4,3.7652 
26,0,2.3202 
26,1,10.9821 
26,2,0.86 
26,3,2.0427 
26,4,1.7689 
27,0,2.3716 
27,1,9.459 
27,2,0.5131 
27,3,0.0289 
27,4,2.0586 
28,0,3.8311 
28,1,7.857 
28,2,2.4555 
28,3,1.9545 
28,4,1.8349 
29,0,-0.07 
29,1,11.7126 
29,2,2.7496 
29,3,0.8432 
29,4,1.1198 
30,0,3.7046 
30,1,11.5937 
30,2,3.6283 
30,3,1.7108 
30,4,1.2724 
31,0,1.779 
31,1,11.3024 
31,2,2.6741 
31,3,3.4073 
31,4,1.4425 
32,0,2.1509 
32,1,8.6892 
32,2,1.4001 
32,3,0.6867 
32,4,3.0815 
33,0,0.4309 
33,1,10.4024 
33,2,1.8887 
33,3,3.1598 
33,4,2.5987 
34,0,1.4616 
34,1,9.5796 
34,2,1.6615 
34,3,2.8836 
34,4,0.9585 
35,0,2.8949 
35,1,11.0355 
35,2,0.0158 
35,3,2.0981 
35,4,2.6192 
36,0,1.8446 
36,1,9.2711 
36,2,2.7525 
36,3,2.2549 
36,4,0.9455 
37,0,1.8458 
37,1,10.7384 
37,2,-1.1647 
37,3,1.0042 
37,4,0.5622 
38,0,1.3489 
38,1,9.9912 
38,2,0.6872 
38,3,0.6049 
38,4,1.7539 
39,0,2.3206 
39,1,11.6294 
39,2,1.7153 
39,3,1.2372 
39,4,0.7494 
40,0,3.5786 
40,1,8.5033 
40,2,1.5246 
40,3,2.8284 
40,4,1.4604 
41,0,2.8837 
41,1,10.7658 
41,2,3.4332 
41,3,2.4792 
41,4,0.9265 
42,0,2.7843 
42,1,7.9266 
42,2,2.0574 
42,3,0.4529 
42,4,2.683 
43,0,0.923 
43,1,12.1127 
43,2,1.6812 
43,3,2.8581 
43,4,2.1154 
44,0,2.0734 
44,1,9.0275 
44,2,0.0904 
44,3,1.8384 
44,4,1.7425 
45,0,0.4266 
45,1,10.1045 
45,2,-0.0856 
45,3,1.3072 
45,4,0.2502 
46,0,2.5214 
46,1,9.6356 
46,2,0.8869 
46,3,1.4133 
46,4,1.9303 
47,0,2.2409 
47,1,10.7254 
47,2,0.6384 
47,3,2.354 
47,4,1.5227 
48,0,2.4997 
48,1,9.9892 
48,2,2.1019 
48,3,2.957 
48,4,2.5225 
49,0,2.545 
49,1,9.6002 
49,2,1.7329 
49,3,2.069 
49,4,1.2009 
50,0,2.6638 
50,1,7.7772 
50,2,3.5057 
50,3,-0.3166 
50,4,0.7256 
51,0,2.6277 
51,1,10.0436 
51,2,1.0916 
51,3,1.9133 
51,4,3.3813 
52,0,2.4071 
52,1,9.3635 
52,2,2.3539 
52,3,-0.1822 
52,4,2.0144 
53,0,3.268 
53,1,9.2462 
53,2,3.1762 
53,3,2.2344 
53,4,1.1021 
54,0,3.1755 
54,1,9.8161 
54,2,2.6143 
54,3,1.6763 
54,4,0.9417 
55,0,2.4324 
55,1,11.6294 
55,2,0.3273 
55,3,2.3127 
55,4,2.9164 
56,0,4.0334 
56,1,9.7065 
56,2,1.1253 
56,3,2.3524 
56,4,4.0782 
57,0,1.9731 
57,1,10.8411 
57,2,0.7391 
57,3,3.3025 
57,4,0.9072 
58,0,2.4464 
58,1,10.5618 
58,2,3.1798 
58,3,-0.0275 
58,4,2.8956 
59,0,1.9392 
59,1,10.0557 
59,2,2.3128 
59,3,0.6927 
59,4,1.639 
60,0,1.8837 
60,1,10.6572 
60,2,1.4766 
60,3,1.3046 
60,4,2.6163 
61,0,3.0324 
61,1,10.2135 
61,2,3.2967 
61,3,1.9015 
61,4,-0.0881 
62,0,1.9931 
62,1,10.5599 
62,2,1.6352 
62,3,3.639 
62,4,1.1714 
63,0,1.9998 
63,1,10.4571 
63,2,1.805 
63,3,2.753 
63,4,2.1948 
64,0,2.4685 
64,1,8.487 
64,2,2.7329 
64,3,1.9946 
64,4,2.2211 
65,0,2.2981 
65,1,11.3985 
65,2,2.6156 
65,3,2.4251 
65,4,2.4117 
66,0,2.6892 
66,1,9.3008 
66,2,2.1091 
66,3,2.4256 
66,4,2.0952 
67,0,2.2189 
67,1,10.4734 
67,2,1.3526 
67,3,0.6682 
67,4,3.3334 
68,0,4.3366 
68,1,9.993 
68,2,2.9036 
68,3,2.9057 
68,4,1.2924 
69,0,1.029 
69,1,10.3512 
69,2,1.0957 
69,3,1.225 
69,4,2.0683 
70,0,5.0755 
70,1,11.1836 
70,2,2.5026 
70,3,1.758 
70,4,1.4162 
71,0,1.8391 
71,1,10.0477 
71,2,0.8071 
71,3,-0.1543 
71,4,2.2863 
72,0,1.2132 
72,1,9.4767 
72,2,1.0963 
72,3,1.4105 
72,4,2.1585 
73,0,1.8482 
73,1,9.6238 
73,2,0.7401 
73,3,3.1506 
73,4,0.5905 
74,0,2.1649 
74,1,9.1275 
74,2,1.4393 
74,3,1.8745 
74,4,2.463 
75,0,1.6468 
75,1,10.8996 
75,2,2.1718 
75,3,1.2508 
75,4,2.0954 
76,0,2.5918 
76,1,12.3587 
76,2,1.8829 
76,3,2.3201 
76,4,2.9635 
77,0,2.4909 
77,1,10.2425 
77,2,1.4991 
77,3,2.1096 
77,4,0.5526 
78,0,3.3989 
78,1,9.8532 
78,2,2.7662 
78,3,0.7089 
78,4,1.9784 
79,0,2.9272 
79,1,11.3312 
79,2,0.3405 
79,3,2.212 
79,4,0.2287 
80,0,2.0133 
80,1,9.3946 
80,2,2.3289 
80,3,1.6175 
80,4,1.8283 
81,0,1.7847 
81,1,8.6941 
81,2,1.7827 
81,3,1.3354 
81,4,3.3863 
82,0,1.2464 
82,1,10.9247 
82,2,1.9161 
82,3,0.9284 
82,4,0.7265 
83,0,1.931 
83,1,10.0546 
83,2,1.9522 
83,3,-0.4853 
83,4,2.2188 
84,0,2.1629 
84,1,9.6588 
84,2,2.6536 
84,3,2.9503 
84,4,1.1774 
85,0,3.2121 
85,1,10.8302 
85,2,1.6296 
85,3,2.4176 
85,4,2.4319 
86,0,2.1658 
86,1,9.2419 
86,2,2.1038 
86,3,2.9407 
86,4,0.85 
87,0,2.336 
87,1,9.3666 
87,2,1.7673 
87,3,3.4851 
87,4,1.4958 
88,0,2.9883 
88,1,8.9693 
88,2,1.0203 
88,3,2.8642 
88,4,0.8197 
89,0,0.9507 
89,1,8.7098 
89,2,-0.0866 
89,3,2.6248 
89,4,3.3973 
90,0,2.4627 
90,1,11.8117 
90,2,3.0345 
90,3,2.1881 
90,4,3.7211 
91,0,1.5405 
91,1,10.0158 
91,2,2.9 
91,3,1.337 
91,4,1.2611 
92,0,2.8741 
92,1,11.1876 
92,2,1.2999 
92,3,1.4516 
92,4,1.4214 
93,0,1.8796 
93,1,8.3321 
93,2,2.2219 
93,3,1.9468 
93,4,0.1273 
94,0,1.3406 
94,1,11.2484 
94,2,1.834 
94,3,3.1775 
94,4,1.5709 
95,0,-0.4904 
95,1,9.9889 
95,2,2.4171 
95,3,2.0308 
95,4,3.53 
96,0,2.1273 
96,1,9.2237 
96,2,0.9381 
96,3,1.9124 
96,4,4.3698 
97,0,3.2232 
97,1,9.1149 
97,2,1.0067 
97,3,1.113 
97,4,1.3208 
98,0,2.7172 
98,1,9.2932 
98,2,3.0221 
98,3,1.0924 
98,4,1.874 
99,0,2.1194 
99,1,8.8468 
99,2,0.5899 
99,3,2.9218 
99,4,-0.7864 
100,0,1.2017 
100,1,11.9919 
100,2,3.6644 
100,3,1.0607 
100,4,3.8326 
101,0,2.2255 
101,1,10.3067 
101,2,1.7047 
101,3,-0.3112 
101,4,2.1569 
102,0,1.0166 
102,1,9.4333 
102,2,1.7279 
102,3,1.7711 
102,4,1.4675 
103,0,3.0627 
103,1,10.7295 
103,2,3.1417 
103,3,1.5002 
103,4,1.6614 
104,0,0.967 
104,1,10.2651 
104,2,2.0959 
104,3,1.6153 
104,4,1.2468 
105,0,1.8778 
105,1,10.7687 
105,2,2.362 
105,3,2.8965 
105,4,2.0286 
106,0,1.7157 
106,1,8.8573 
106,2,0.8665 
106,3,2.1468 
106,4,1.8237 
107,0,3.446 
107,1,9.1294 
107,2,1.1576 
107,3,2.0806 
107,4,3.6077 
108,0,2.2069 
108,1,11.2471 
108,2,1.6618 
108,3,3.0245 
108,4,1.8757 
109,0,1.7381 
109,1,9.3314 
109,2,1.7148 
109,3,0.8268 
109,4,2.8002 
110,0,1.4339 
110,1,8.1731 
110,2,3.1376 
110,3,2.0283 
110,4,2.4106 
111,0,3.0108 
111,1,11.6889 
111,2,2.2547 
111,3,0.7198 
111,4,1.8755 
112,0,2.1469 
112,1,10.6852 
112,2,3.0269 
112,3,3.0137 
112,4,1.9321 
113,0,2.8902 
113,1,7.763 
113,2,2.8471 
113,3,1.942 
113,4,1.8095 
114,0,4.0092 
114,1,10.337 
114,2,3.6621 
114,3,1.4848 
114,4,1.7463 
115,0,1.7269 
115,1,10.3679 
115,2,0.8922 
115,3,1.2305 
115,4,1.8268 
116,0,1.2636 
116,1,11.6667 
116,2,2.1165 
116,3,0.5532 
116,4,1.4857 
117,0,3.15 
117,1,6.7626 
117,2,1.9603 
117,3,3.2578 
117,4,3.4527 
118,0,1.7434 
118,1,9.7169 
118,2,2.6377 
118,3,1.5783 
118,4,0.609 
119,0,2.2026 
119,1,10.1681 
119,2,2.4493 
119,3,2.9553 
119,4,2.3795 
120,0,1.8702 
120,1,8.7904 
120,2,1.9336 
120,3,2.7476 
120,4,2.0194 
121,0,1.0118 
121,1,10.0067 
121,2,2.2019 
121,3,1.6397 
121,4,1.6606 
122,0,1.9654 
122,1,9.8509 
122,2,1.1636 
122,3,4.7541 
122,4,1.4909 
123,0,2.7118 
123,1,10.5054 
123,2,1.4603 
123,3,3.0765 
123,4,2.0131 
124,0,2.8183 
124,1,9.9967 
124,2,1.7194 
124,3,2.4051 
124,4,1.2206 
125,0,1.064 
125,1,11.121 
125,2,1.2885 
125,3,1.5164 
125,4,1.9176 
126,0,0.3904 
126,1,11.2226 
126,2,1.6321 
126,3,1.3135 
126,4,4.693 
127,0,1.7516 
127,1,11.1691 
127,2,2.1457 
127,3,1.4863 
127,4,4.1225 
128,0,1.6322 
128,1,10.9316 
128,2,0.5562 
128,3,1.6517 
128,4,3.6891 
129,0,4.252 
129,1,9.9131 
129,2,1.9673 
129,3,1.7814 
129,4,1.387 
130,0,2.6115 
130,1,11.0168 
130,2,1.1954 
130,3,0.9556 
130,4,0.4902 
131,0,2.0637 
131,1,10.6146 
131,2,1.531 
131,3,3.6935 
131,4,2.7928 
132,0,2.8327 
132,1,10.7919 
132,2,-0.9274 
132,3,1.0615 
132,4,0.6112 
133,0,1.8754 
133,1,10.1047 
133,2,1.6846 
133,3,3.7448 
133,4,0.8083 
134,0,1.5482 
134,1,7.9038 
134,2,2.3191 
134,3,1.3601 
134,4,1.6217 
135,0,3.2943 
135,1,10.654 
135,2,2.6152 
135,3,1.8439 
135,4,2.0649 
136,0,2.657 
136,1,9.0815 
136,2,2.9322 
136,3,0.969 
136,4,1.7522 
137,0,2.2491 
137,1,9.2808 
137,2,2.2755 
137,3,3.2439 
137,4,3.8025 
138,0,0.2646 
138,1,10.3403 
138,2,3.9462 
138,3,1.7351 
138,4,2.6417 
139,0,2.3122 
139,1,10.4674 
139,2,2.0757 
139,3,1.5263 
139,4,2.7869 
140,0,3.2849 
140,1,9.7359 
140,2,2.4277 
140,3,3.032 
140,4,1.1082 
141,0,3.4049 
141,1,10.6764 
141,2,2.5893 
141,3,1.6648 
141,4,0.7143 
142,0,0.5743 
142,1,10.0649 
142,2,1.2827 
142,3,3.4295 
142,4,2.8997 
143,0,1.0444 
143,1,10.5822 
143,2,2.3327 
143,3,0.2319 
143,4,2.0623 
144,0,2.3734 
144,1,9.8045 
144,2,2.8788 
144,3,0.7279 
144,4,1.6709 
145,0,2.4579 
145,1,9.1075 
145,2,2.5824 
145,3,0.3796 
145,4,-0.2566 
146,0,0.2075 
146,1,10.5102 
146,2,4.0661 
146,3,1.1285 
146,4,1.4209 
147,0,2.0042 
147,1,10.4324 
147,2,3.0664 
147,3,3.7787 
147,4,1.8573 
148,0,1.1997 
148,1,9.3833 
148,2,1.1992 
148,3,-0.3102 
148,4,3.3002 
149,0,1.9692 
149,1,10.0347 
149,2,1.5074 
149,3,1.5032 
149,4,1.5198 
150,0,2.362 
150,1,8.2466 
150,2,2.0148 
150,3,2.8432 
150,4,2.3919 
151,0,2.5826 
151,1,9.229 
151,2,1.2784 
151,3,0.4557 
151,4,2.4314 
152,0,2.8223 
152,1,10.6821 
152,2,1.0301 
152,3,2.0018 
152,4,1.7637 
153,0,2.8077 
153,1,7.9177 
153,2,1.3867 
153,3,3.7108 
153,4,0.523 
154,0,1.1279 
154,1,10.0895 
154,2,2.8525 
154,3,1.4964 
154,4,1.6828 
155,0,1.6307 
155,1,10.5904 
155,2,1.1152 
155,3,1.7831 
155,4,2.4534 
156,0,2.0225 
156,1,12.0126 
156,2,1.7878 
156,3,2.0565 
156,4,2.432 
157,0,0.3385 
157,1,9.3425 
157,2,1.6125 
157,3,1.0328 
157,4,1.3328 
158,0,1.2885 
158,1,10.1728 
158,2,2.467 
158,3,3.9124 
158,4,-0.5417 
159,0,3.341 
159,1,10.2237 
159,2,2.7139 
159,3,0.6847 
159,4,0.9649 
160,0,2.0891 
160,1,8.4313 
160,2,3.5752 
160,3,0.9149 
160,4,1.2973 
161,0,1.6367 
161,1,10.9485 
161,2,0.6751 
161,3,2.8901 
161,4,1.0334 
162,0,1.1799 
162,1,10.1817 
162,2,1.7127 
162,3,3.0171 
162,4,2.5207 
163,0,2.1928 
163,1,10.8919 
163,2,3.3431 
163,3,1.2892 
163,4,2.4513 
164,0,-0.1242 
164,1,10.224 
164,2,0.801 
164,3,1.4716 
164,4,1.8621 
165,0,0.2774 
165,1,9.2182 
165,2,0.671 
165,3,1.2953 
165,4,1.5965 
166,0,2.743 
166,1,10.5301 
166,2,1.2073 
166,3,3.0266 
166,4,2.8484 
167,0,1.5407 
167,1,8.7029 
167,2,1.0355 
167,3,2.3853 
167,4,1.1585 
168,0,2.5321 
168,1,11.7904 
168,2,-0.87 
168,3,1.8284 
168,4,0.8922 
169,0,0.9884 
169,1,8.1065 
169,2,3.2866 
169,3,2.9627 
169,4,2.9393 
170,0,2.7431 
170,1,11.8595 
170,2,3.3802 
170,3,2.6963 
170,4,3.1291 
171,0,1.7736 
171,1,9.2926 
171,2,1.8566 
171,3,-0.281 
171,4,2.5456 
172,0,1.3714 
172,1,10.2158 
172,2,1.3212 
172,3,1.9559 
172,4,1.6018 
173,0,4.71 
173,1,8.5513 
173,2,2.6089 
173,3,3.2103 
173,4,1.7487 
174,0,3.8008 
174,1,11.196 
174,2,0.0892 
174,3,1.1195 
174,4,2.7927 
175,0,2.0678 
175,1,10.8584 
175,2,2.3179 
175,3,2.0321 
175,4,1.7833 
176,0,3.2968 
176,1,8.407 
176,2,1.2244 
176,3,4.0514 
176,4,-0.0847 
177,0,2.0447 
177,1,9.9421 
177,2,1.751 
177,3,0.5145 
177,4,1.4526 
178,0,1.1117 
178,1,10.8068 
178,2,2.0404 
178,3,2.0371 
178,4,4.069 
179,0,2.8225 
179,1,9.655 
179,2,2.1085 
179,3,1.7259 
179,4,1.6203 
180,0,2.6418 
180,1,10.8936 
180,2,2.1525 
180,3,2.9982 
180,4,2.7576 
181,0,2.294 
181,1,9.1604 
181,2,2.9479 
181,3,2.1893 
181,4,2.3879 
182,0,3.69 
182,1,10.9508 
182,2,1.686 
182,3,-0.8661 
182,4,2.2147 
183,0,0.3183 
183,1,11.7564 
183,2,3.6136 
183,3,1.9791 
183,4,3.1856 
184,0,1.7946 
184,1,8.9839 
184,2,2.351 
184,3,2.0408 
184,4,1.8413 
185,0,2.8346 
185,1,9.9772 
185,2,3.3134 
185,3,2.9281 
185,4,1.3662 
186,0,2.458 
186,1,9.3273 
186,2,3.6295 
186,3,1.2932 
186,4,2.11 
187,0,0.8266 
187,1,8.5389 
187,2,3.798 
187,3,2.9637 
187,4,3.0998 
188,0,2.0715 
188,1,8.3414 
188,2,1.0155 
188,3,3.4047 
188,4,1.8003 
189,0,1.7919 
189,1,9.5245 
189,2,0.2335 
189,3,2.9558 
189,4,4.1648 
190,0,1.1194 
190,1,9.5738 
190,2,2.9606 
190,3,1.8891 
190,4,2.1061 
191,0,0.4293 
191,1,10.1239 
191,2,0.791 
191,3,0.2848 
191,4,3.5471 
192,0,2.9767 
192,1,11.4481 
192,2,2.1111 
192,3,2.0371 
192,4,2.6415 
193,0,2.7856 
193,1,11.224 
193,2,2.7413 
193,3,0.2188 
193,4,3.0258 
194,0,2.1251 
194,1,9.3703 
194,2,2.4765 
194,3,0.8493 
194,4,0.7361 
195,0,1.9718 
195,1,11.3438 
195,2,2.461 
195,3,2.6094 
195,4,1.4521 
196,0,2.5062 
196,1,10.0273 
196,2,3.0056 
196,3,3.3227 
196,4,2.439 
197,0,1.3985 
197,1,9.6784 
197,2,0.8499 
197,3,2.7318 
197,4,1.927 
198,0,3.3005 
198,1,11.4518 
198,2,1.8617 
198,3,0.5989 
198,4,2.8056 
199,0,0.2839 
199,1,9.7873 
199,2,2.5055 
199,3,1.7504 
199,4,2.9071 
200,0,2.7245 
200,1,11.6521 
200,2,1.5736 
200,3,3.4104 
200,4,2.0632 
201,0,3.1833 
201,1,9.6762 
201,2,2.4555 
201,3,1.8461 
201,4,1.9765 
202,0,3.0364 
202,1,8.6834 
202,2,4.2305 
202,3,2.3513 
202,4,1.2543 
203,0,1.1903 
203,1,10.4275 
203,2,2.1383 
203,3,1.803 
203,4,2.3146 
204,0,1.7329 
204,1,10.5972 
204,2,1.9352 
204,3,3.4672 
204,4,2.497 
205,0,1.9272 
205,1,11.1926 
205,2,3.4066 
205,3,3.2494 
205,4,1.7364 
206,0,1.9952 
206,1,8.7185 
206,2,-0.1837 
206,3,2.4883 
206,4,1.9015 
207,0,2.5876 
207,1,11.1393 
207,2,-0.8243 
207,3,0.8028 
207,4,2.2831 
208,0,2.0191 
208,1,10.3672 
208,2,0.9872 
208,3,1.6102 
208,4,1.4775 
209,0,2.8056 
209,1,10.0527 
209,2,2.2791 
209,3,0.9466 
209,4,4.2574 
210,0,1.6674 
210,1,8.9738 
210,2,2.7365 
210,3,3.0586 
210,4,2.3889 
211,0,2.0146 
211,1,9.354 
211,2,3.0913 
211,3,1.2948 
211,4,1.2403 
212,0,2.8657 
212,1,10.3877 
212,2,1.5977 
212,3,2.1193 
212,4,2.477 
213,0,1.4295 
213,1,9.4585 
213,2,2.2841 
213,3,1.8831 
213,4,1.5991 
214,0,-0.169 
214,1,10.0912 
214,2,2.7512 
214,3,2.3586 
214,4,2.1669 
215,0,4.3201 
215,1,9.3688 
215,2,3.379 
215,3,1.8481 
215,4,2.854 
216,0,1.88 
216,1,8.8361 
216,2,2.4359 
216,3,1.8034 
216,4,2.0046 
217,0,3.3676 
217,1,9.7378 
217,2,1.9212 
217,3,1.5076 
217,4,1.5841 
218,0,3.6638 
218,1,10.0866 
218,2,3.684 
218,3,3.4206 
218,4,0.5517 
219,0,2.1945 
219,1,10.897 
219,2,2.6766 
219,3,2.3457 
219,4,2.0651 
220,0,1.2272 
220,1,9.3887 
220,2,0.4493 
220,3,2.2238 
220,4,1.4493 
221,0,3.5692 
221,1,10.3838 
221,2,1.9297 
221,3,1.8333 
221,4,2.4322 
222,0,1.3809 
222,1,10.4852 
222,2,2.6884 
222,3,0.9465 
222,4,1.1391 
223,0,2.019 
223,1,9.51 
223,2,1.1405 
223,3,1.2184 
223,4,2.1145 
224,0,3.1898 
224,1,8.555 
224,2,1.6179 
224,3,3.411 
224,4,1.2828 
225,0,2.2534 
225,1,11.8109 
225,2,1.8007 
225,3,3.2225 
225,4,2.118 
226,0,2.8954 
226,1,9.5283 
226,2,0.5134 
226,3,2.7343 
226,4,2.5564 
227,0,0.8117 
227,1,10.6029 
227,2,1.7108 
227,3,1.379 
227,4,3.864 
228,0,1.8442 
228,1,9.484 
228,2,3.4112 
228,3,2.292 
228,4,0.8281 
229,0,2.1881 
229,1,8.893 
229,2,2.3229 
229,3,3.3625 
229,4,2.0209 
230,0,2.8161 
230,1,9.9761 
230,2,1.8251 
230,3,1.7768 
230,4,3.7792 
231,0,2.3451 
231,1,11.0679 
231,2,2.1738 
231,3,3.2098 
231,4,-0.0655 
232,0,1.9422 
232,1,9.2295 
232,2,1.6111 
232,3,2.5859 
232,4,2.5633 
233,0,3.4211 
233,1,9.4088 
233,2,3.0429 
233,3,1.8374 
233,4,3.0455 
234,0,1.5538 
234,1,10.3071 
234,2,0.383 
234,3,2.4701 
234,4,2.033 
235,0,3.3058 
235,1,10.2437 
235,2,1.1718 
235,3,3.2406 
235,4,0.0825 
236,0,2.1132 
236,1,9.9528 
236,2,2.6365 
236,3,2.7918 
236,4,2.1069 
237,0,1.9358 
237,1,8.6584 
237,2,1.9518 
237,3,1.4628 
237,4,2.0767 
238,0,2.4485 
238,1,10.1454 
238,2,3.0 
238,3,1.8311 
238,4,2.8445 
239,0,3.3156 
239,1,11.7864 
239,2,1.5317 
239,3,2.1386 
239,4,0.7864 
240,0,3.2341 
240,1,9.5142 
240,2,2.174 
240,3,0.3832 
240,4,0.3916 
241,0,1.3166 
241,1,11.0208 
241,2,0.5872 
241,3,0.4165 
241,4,3.1207 
242,0,1.6703 
242,1,7.7475 
242,2,2.6494 
242,3,2.1129 
242,4,0.9153 
243,0,2.1468 
243,1,11.7039 
243,2,2.7027 
243,3,0.8934 
243,4,1.9286 
244,0,1.5863 
244,1,9.6214 
244,2,0.0147 
244,3,1.4341 
244,4,0.969 
245,0,1.2202 
245,1,9.9897 
245,2,2.1429 
245,3,3.7656 
245,4,1.5861 
246,0,2.9276 
246,1,10.9175 
246,2,0.8529 
246,3,2.4075 
246,4,0.7577 
247,0,2.1894 
247,1,9.3811 
247,2,2.2971 
247,3,1.8143 
247,4,1.9609 
248,0,2.5242 
248,1,10.6087 
248,2,2.8272 
248,3,1.9647 
248,4,2.9988 
249,0,2.9938 
249,1,10.2504 
249,2,2.9118 
249,3,1.5792 
249,4,2.3351 
250,0,1.8994 
250,1,8.8695 
250,2,1.5503 
250,3,3.2935 
250,4,3.7352 
251,0,0.658 
251,1,10.5068 
251,2,2.5861 
251,3,3.202 
251,4,1.765 
252,0,2.2299 
252,1,9.4307 
252,2,1.1755 
252,3,-0.9721 
252,4,1.2383 
253,0,2.4118 
253,1,9.885 
253,2,2.9148 
253,3,3.7866 
253,4,1.7637 
254,0,2.74 
254,1,9.5698 
254,2,4.7992 
254,3,3.8608 
254,4,2.0899 
255,0,3.4967 
255,1,9.4949 
255,2,3.4888 
255,3,1.2281 
255,4,1.5502 
256,0,2.9317 
256,1,9.7747 
256,2,1.1702 
256,3,2.7504 
256,4,1.8035 
257,0,1.3286 
257,1,10.964 
257,2,-0.6704 
257,3,3.1705 
257,4,2.78 
258,0,-0.2789 
258,1,9.9766 
258,2,2.0584 
258,3,1.4561 
258,4,1.9964 
259,0,1.989 
259,1,9.8136 
259,2,3.1689 
259,3,0.6269 
259,4,2.5737 
260,0,2.7198 
260,1,9.6338 
260,2,3.8233 
260,3,1.697 
260,4,1.531 
261,0,2.6269 
261,1,9.7936 
261,2,2.3364 
261,3,1.0205 
261,4,2.4896 
262,0,2.4453 
262,1,11.6075 
262,2,3.1262 
262,3,3.1243 
262,4,2.5956 
263,0,2.8355 
263,1,10.8239 
263,2,2.0951 
263,3,2.0119 
263,4,0.8789 
264,0,0.6374 
264,1,9.5474 
264,2,3.2252 
264,3,0.5171 
264,4,3.1899 
265,0,2.7494 
265,1,10.5716 
265,2,2.17 
265,3,3.3776 
265,4,0.7508 
266,0,2.5731 
266,1,9.8532 
266,2,1.2948 
266,3,0.9608 
266,4,2.963 
267,0,1.5222 
267,1,9.1114 
267,2,1.9699 
267,3,1.3482 
267,4,0.3312 
268,0,3.0546 
268,1,13.251 
268,2,2.1239 
268,3,3.322 
268,4,1.5753 
269,0,1.5282 
269,1,10.7673 
269,2,1.3348 
269,3,1.467 
269,4,2.4346 
270,0,0.9042 
270,1,10.4497 
270,2,2.9393 
270,3,1.0423 
270,4,3.7821 
271,0,1.6149 
271,1,9.9084 
271,2,1.8704 
271,3,1.378 
271,4,4.1058 
272,0,1.2894 
272,1,9.2422 
272,2,1.3183 
272,3,2.9842 
272,4,1.1883 
273,0,1.8422 
273,1,9.8368 
273,2,2.1657 
273,3,3.3181 
273,4,1.5633 
274,0,1.5721 
274,1,10.0074 
274,2,1.857 
274,3,1.6552 
274,4,2.4964 
275,0,0.7976 
275,1,8.5563 
275,2,1.5521 
275,3,2.3055 
275,4,1.4558 
276,0,2.5884 
276,1,9.9434 
276,2,3.8709 
276,3,2.3209 
276,4,1.4478 
277,0,1.1209 
277,1,10.5125 
277,2,1.7309 
277,3,3.393 
277,4,1.0791 
278,0,1.5512 
278,1,9.2363 
278,2,2.3789 
278,3,0.3826 
278,4,1.8427 
279,0,3.0157 
279,1,9.4612 
279,2,1.3873 
279,3,2.608 
279,4,1.4159 
280,0,2.1254 
280,1,9.0928 
280,2,1.3413 
280,3,3.4453 
280,4,1.0411 
281,0,2.6685 
281,1,9.1206 
281,2,2.5046 
281,3,3.2751 
281,4,2.5962 
282,0,2.1313 
282,1,9.3474 
282,2,1.7863 
282,3,1.2915 
282,4,2.9494 
283,0,2.4422 
283,1,9.0298 
283,2,1.9534 
283,3,1.443 
283,4,1.5626 
284,0,2.7761 
284,1,8.7174 
284,2,2.3701 
284,3,1.8429 
284,4,2.4407 
285,0,1.7942 
285,1,9.6779 
285,2,2.9429 
285,3,1.4428 
285,4,3.0016 
286,0,2.8244 
286,1,8.8685 
286,2,2.8313 
286,3,1.7539 
286,4,2.2265 
287,0,1.5338 
287,1,11.5637 
287,2,3.4263 
287,3,1.0686 
287,4,1.9267 
288,0,2.8654 
288,1,10.7516 
288,2,3.01 
288,3,2.0451 
288,4,2.4453 
289,0,3.0069 
289,1,9.2984 
289,2,2.3215 
289,3,1.3663 
289,4,2.5928 
290,0,2.9339 
290,1,10.533 
290,2,2.0942 
290,3,1.2941 
290,4,1.8617 
291,0,2.2954 
291,1,8.5848 
291,2,1.464 
291,3,3.7234 
291,4,0.0099 
292,0,0.7006 
292,1,7.7712 
292,2,2.6448 
292,3,2.5326 
292,4,2.4931 
293,0,1.3326 
293,1,9.9355 
293,2,1.5762 
293,3,0.7856 
293,4,3.3495 
294,0,1.6821 
294,1,10.077 
294,2,2.591 
294,3,0.8675 
294,4,0.5721 
295,0,1.9915 
295,1,10.0465 
295,2,3.6366 
295,3,3.0315 
295,4,2.3311 
296,0,2.6464 
296,1,10.0299 
296,2,0.6336 
296,3,2.6506 
296,4,0.6031 
297,0,1.5138 
297,1,10.6299 
297,2,3.0115 
297,3,1.6064 
297,4,3.0194 
298,0,1.0162 
298,1,10.5457 
298,2,1.6642 
298,3,1.1255 
298,4,2.7859 
299,0,3.224 
299,1,10.8317 
299,2,3.4482 
299,3,1.8562 
299,4,-0.211 
300,0,2.8937 
300,1,9.3882 
300,2,3.324 
300,3,2.631 
300,4,1.0945 
301,0,-0.1077 
301,1,10.0748 
301,2,1.0002 
301,3,2.2663 
301,4,0.9419 
302,0,2.1449 
302,1,10.9308 
302,2,2.3273 
302,3,3.2372 
302,4,1.5287 
303,0,0.8944 
303,1,12.8263 
303,2,0.4873 
303,3,1.2821 
303,4,2.7392 
304,0,0.8965 
304,1,10.868 
304,2,2.0658 
304,3,3.4257 
304,4,0.3135 
305,0,1.3763 
305,1,11.2908 
305,2,3.2311 
305,3,2.0427 
305,4,3.7336 
306,0,3.2159 
306,1,9.6725 
306,2,4.3825 
306,3,2.632 
306,4,1.5084 
307,0,0.87 
307,1,11.2234 
307,2,2.1851 
307,3,4.3868 
307,4,3.4506 
308,0,0.4533 
308,1,10.5925 
308,2,1.6446 
308,3,3.0189 
308,4,1.6356 
309,0,2.5295 
309,1,8.6304 
309,2,3.5837 
309,3,3.6856 
309,4,2.6552 
310,0,1.4507 
310,1,8.3981 
310,2,2.1514 
310,3,1.2985 
310,4,2.5424 
311,0,1.0921 
311,1,8.758 
311,2,2.3838 
311,3,2.7433 
311,4,1.3914 
312,0,1.9045 
312,1,8.9442 
312,2,1.847 
312,3,1.9437 
312,4,3.1344 
313,0,3.1174 
313,1,10.5516 
313,2,3.2089 
313,3,1.4543 
313,4,2.231 
314,0,0.8911 
314,1,9.3733 
314,2,1.1381 
314,3,1.992 
314,4,1.3616 
315,0,2.3438 
315,1,8.5413 
315,2,1.1421 
315,3,2.3376 
315,4,0.3717 
316,0,1.6351 
316,1,9.9783 
316,2,2.0781 
316,3,1.9189 
316,4,1.5624 
317,0,3.6126 
317,1,9.4488 
317,2,0.9549 
317,3,1.9123 
317,4,1.9997 
318,0,1.2146 
318,1,9.6713 
318,2,1.4251 
318,3,1.7022 
318,4,2.0775 
319,0,4.0037 
319,1,10.1942 
319,2,0.6257 
319,3,1.283 
319,4,2.8877 
320,0,0.5031 
320,1,9.4648 
320,2,2.0498 
320,3,1.4816 
320,4,3.014 
321,0,1.2485 
321,1,9.4266 
321,2,3.1016 
321,3,2.0004 
321,4,1.1171 
322,0,1.2144 
322,1,11.4399 
322,2,2.6871 
322,3,2.1538 
322,4,3.1951 
323,0,2.1773 
323,1,10.9255 
323,2,2.9964 
323,3,0.4073 
323,4,1.6216 
324,0,2.4324 
324,1,9.8289 
324,2,2.5544 
324,3,1.2633 
324,4,0.6423 
325,0,1.9937 
325,1,10.458 
325,2,2.6433 
325,3,1.89 
325,4,0.0205 
326,0,1.9204 
326,1,8.7976 
326,2,3.7877 
326,3,4.239 
326,4,2.659 
327,0,4.0564 
327,1,9.4948 
327,2,1.4028 
327,3,2.8578 
327,4,1.7705 
328,0,2.4586 
328,1,10.6732 
328,2,0.4863 
328,3,2.5447 
328,4,1.3575 
329,0,1.1042 
329,1,9.3746 
329,2,1.5675 
329,3,2.9035 
329,4,2.119 
330,0,2.8505 
330,1,10.616 
330,2,3.4559 
330,3,2.5545 
330,4,0.6666 
331,0,3.8508 
331,1,10.2213 
331,2,1.9272 
331,3,3.3374 
331,4,2.074 
332,0,3.3233 
332,1,10.1835 
332,2,1.8392 
332,3,2.3022 
332,4,2.0884 
333,0,1.7036 
333,1,10.141 
333,2,0.9341 
333,3,1.4806 
333,4,0.5885 
334,0,4.2326 
334,1,11.3197 
334,2,3.2744 
334,3,1.5093 
334,4,1.6848 
335,0,2.5048 
335,1,9.36 
335,2,1.8983 
335,3,1.6953 
335,4,1.25 
336,0,1.8493 
336,1,9.9028 
336,2,1.6954 
336,3,1.2033 
336,4,2.0682 
337,0,1.9116 
337,1,10.352 
337,2,0.872 
337,3,2.7793 
337,4,2.7464 
338,0,2.2201 
338,1,8.7127 
338,2,2.8379 
338,3,3.7336 
338,4,1.8243 
339,0,2.1185 
339,1,9.9159 
339,2,2.9739 
339,3,2.8501 
339,4,3.015 
340,0,1.1129 
340,1,10.0541 
340,2,1.2552 
340,3,3.1129 
340,4,2.2698 
341,0,2.0597 
341,1,10.7995 
341,2,3.888 
341,3,2.8458 
341,4,2.3518 
342,0,3.117 
342,1,8.8819 
342,2,1.3515 
342,3,1.6184 
342,4,0.0286 
343,0,3.0042 
343,1,9.5474 
343,2,1.5213 
343,3,3.1403 
343,4,1.7491 
344,0,2.0336 
344,1,10.7538 
344,2,1.3608 
344,3,1.8865 
344,4,1.5468 
345,0,2.3063 
345,1,11.1994 
345,2,3.3601 
345,3,3.9131 
345,4,2.7688 
346,0,0.4107 
346,1,8.0583 
346,2,-0.5416 
346,3,1.3648 
346,4,2.0052 
347,0,2.0699 
347,1,10.2023 
347,2,2.754 
347,3,2.2734 
347,4,2.5769 
348,0,1.6099 
348,1,10.229 
348,2,2.2344 
348,3,0.9276 
348,4,2.2957 
349,0,1.6338 
349,1,11.5418 
349,2,2.177 
349,3,1.7933 
349,4,2.1687 
350,0,2.0188 
350,1,11.678 
350,2,2.5715 
350,3,1.4424 
350,4,2.9405 
351,0,2.0646 
351,1,10.4496 
351,2,2.5785 
351,3,1.9402 
351,4,2.8443 
352,0,2.2835 
352,1,9.9696 
352,2,1.8465 
352,3,2.0536 
352,4,1.1338 
353,0,2.6073 
353,1,9.0951 
353,2,3.0996 
353,3,0.7923 
353,4,1.5768 
354,0,1.9281 
354,1,8.4407 
354,2,4.1824 
354,3,1.1946 
354,4,1.9231 
355,0,2.2822 
355,1,10.8828 
355,2,1.88 
355,3,1.4578 
355,4,2.0236 
356,0,3.8515 
356,1,8.5145 
356,2,0.2154 
356,3,1.5197 
356,4,1.8322 
357,0,2.4824 
357,1,11.2971 
357,2,-0.0292 
357,3,2.4251 
357,4,3.1496 
358,0,2.1961 
358,1,10.7556 
358,2,1.8404 
358,3,1.7352 
358,4,1.8848 
359,0,2.3628 
359,1,8.7159 
359,2,1.9419 
359,3,2.9894 
359,4,0.8029 
360,0,3.7633 
360,1,9.6733 
360,2,1.0042 
360,3,1.8209 
360,4,2.1961 
361,0,0.5051 
361,1,10.6064 
361,2,1.682 
361,3,1.9845 
361,4,0.9822 
362,0,0.9626 
362,1,10.5196 
362,2,1.963 
362,3,2.6324 
362,4,2.2784 
363,0,2.1547 
363,1,9.2053 
363,2,2.3167 
363,3,3.153 
363,4,2.5023 
364,0,1.4947 
364,1,9.1052 
364,2,1.8418 
364,3,1.5006 
364,4,0.5813 
365,0,2.2499 
365,1,10.1385 
365,2,2.4208 
365,3,2.7543 
365,4,3.6916 
366,0,3.1121 
366,1,10.1842 
366,2,0.9404 
366,3,1.6207 
366,4,1.5097 
367,0,3.5522 
367,1,9.8361 
367,2,1.5873 
367,3,-0.9409 
367,4,1.7214 
368,0,2.4319 
368,1,11.2897 
368,2,1.9692 
368,3,0.9827 
368,4,1.8416 
369,0,0.3098 
369,1,11.0063 
369,2,2.8835 
369,3,0.5766 
369,4,1.5044 
370,0,2.7846 
370,1,9.7531 
370,2,1.6435 
370,3,0.1999 
370,4,1.1001 
371,0,0.014 
371,1,12.7057 
371,2,0.9651 
371,3,2.3611 
371,4,2.3591 
372,0,1.4556 
372,1,9.5222 
372,2,2.4584 
372,3,1.9922 
372,4,2.9511 
373,0,2.3637 
373,1,9.1416 
373,2,2.6995 
373,3,2.4999 
373,4,1.2792 
374,0,1.791 
374,1,11.2252 
374,2,3.0119 
374,3,1.7542 
374,4,1.1227 
375,0,2.1444 
375,1,10.4155 
375,2,3.0485 
375,3,-0.7327 
375,4,1.9531 
376,0,1.8268 
376,1,9.6296 
376,2,1.2139 
376,3,3.6923 
376,4,3.7319 
377,0,1.4363 
377,1,10.8452 
377,2,1.7869 
377,3,1.6022 
377,4,2.7136 
378,0,2.0591 
378,1,10.9137 
378,2,-0.1268 
378,3,1.5663 
378,4,2.7461 
379,0,2.9937 
379,1,10.744 
379,2,4.0065 
379,3,2.786 
379,4,3.7735 
380,0,3.2227 
380,1,11.4374 
380,2,0.841 
380,3,1.7092 
380,4,0.4162 
381,0,-0.8503 
381,1,12.3236 
381,2,1.9469 
381,3,2.6552 
381,4,2.2158 
382,0,0.5294 
382,1,10.3468 
382,2,1.5272 
382,3,1.2441 
382,4,2.0894 
383,0,1.4106 
383,1,7.9218 
383,2,0.8451 
383,3,2.9175 
383,4,1.4686 
384,0,1.05 
384,1,8.8834 
384,2,0.903 
384,3,0.7514 
384,4,1.8584 
385,0,1.4573 
385,1,9.7019 
385,2,4.3588 
385,3,2.4874 
385,4,2.0616 
386,0,0.4316 
386,1,8.8091 
386,2,2.5397 
386,3,2.5189 
386,4,2.1808 
387,0,2.1314 
387,1,9.9975 
387,2,1.8019 
387,3,-0.3961 
387,4,2.9482 
388,0,2.8744 
388,1,9.3406 
388,2,2.4034 
388,3,1.4014 
388,4,1.0123 
389,0,2.1354 
389,1,9.3475 
389,2,1.043 
389,3,0.3854 
389,4,1.8893 
390,0,0.6378 
390,1,9.7849 
390,2,3.5522 
390,3,0.579 
390,4,1.9037 
391,0,1.6707 
391,1,9.8168 
391,2,1.7507 
391,3,1.0492 
391,4,4.695 
392,0,2.7341 
392,1,10.2217 
392,2,2.5875 
392,3,1.5999 
392,4,2.151 
393,0,3.7645 
393,1,9.5805 
393,2,2.0072 
393,3,-0.4959 
393,4,1.0227 
394,0,1.8382 
394,1,9.5837 
394,2,1.442 
394,3,1.2338 
394,4,2.4345 
395,0,0.0402 
395,1,10.2843 
395,2,1.6624 
395,3,0.7807 
395,4,2.8983 
396,0,2.4674 
396,1,12.0232 
396,2,1.8227 
396,3,3.7908 
396,4,1.8101 
397,0,3.2223 
397,1,11.1323 
397,2,0.8288 
397,3,1.3396 
397,4,1.6252 
398,0,1.2755 
398,1,10.1387 
398,2,1.3689 
398,3,2.8716 
398,4,1.7308 
399,0,1.2805 
399,1,9.3985 
399,2,0.4884 
399,3,1.0286 
399,4,2.5665 
400,0,2.1261 
400,1,10.8074 
400,2,1.9181 
400,3,1.7716 
400,4,2.6199 
401,0,0.4442 
401,1,9.6585 
401,2,2.479 
401,3,2.199 
401,4,2.1836 
402,0,2.9819 
402,1,10.7469 
402,2,2.3161 
402,3,0.6255 
402,4,2.8706 
403,0,1.8363 
403,1,8.1634 
403,2,1.2602 
403,3,0.3894 
403,4,-0.1643 
404,0,1.9638 
404,1,8.4393 
404,2,1.6271 
404,3,1.8094 
404,4,2.4964 
405,0,1.7893 
405,1,10.7684 
405,2,1.6359 
405,3,1.0508 
405,4,1.5267 
406,0,3.6258 
406,1,8.9189 
406,2,2.453 
406,3,-0.8666 
406,4,2.8791 
407,0,1.0982 
407,1,10.2349 
407,2,2.2589 
407,3,2.0924 
407,4,2.6847 
408,0,2.7464 
408,1,9.6487 
408,2,3.0473 
408,3,2.7274 
408,4,-0.6071 
409,0,2.7453 
409,1,11.3225 
409,2,1.796 
409,3,2.2022 
409,4,2.4137 
410,0,2.0529 
410,1,9.8792 
410,2,1.8163 
410,3,3.22 
410,4,0.6416 
411,0,0.1405 
411,1,11.3934 
411,2,0.7217 
411,3,1.5948 
411,4,0.7879 
412,0,2.724 
412,1,10.3195 
412,2,1.76 
412,3,1.4653 
412,4,3.3974 
413,0,2.0825 
413,1,9.1514 
413,2,1.1702 
413,3,1.6322 
413,4,1.0409 
414,0,3.0585 
414,1,8.6689 
414,2,2.0521 
414,3,3.2672 
414,4,2.9216 
415,0,0.5978 
415,1,12.8255 
415,2,1.6032 
415,3,3.0565 
415,4,1.3541 
416,0,2.5014 
416,1,9.363 
416,2,1.1337 
416,3,1.5824 
416,4,0.9174 
417,0,0.3389 
417,1,10.2266 
417,2,3.6703 
417,3,1.6107 
417,4,2.1913 
418,0,1.8347 
418,1,9.7952 
418,2,2.3392 
418,3,2.9313 
418,4,0.6576 
419,0,1.3943 
419,1,10.2921 
419,2,2.0286 
419,3,3.2533 
419,4,3.0717 
420,0,2.0953 
420,1,10.9482 
420,2,3.0571 
420,3,1.4125 
420,4,3.0125 
421,0,3.7473 
421,1,10.5587 
421,2,3.7862 
421,3,1.1866 
421,4,3.2441 
422,0,1.4617 
422,1,11.2411 
422,2,0.7815 
422,3,2.7356 
422,4,2.4315 
423,0,2.9285 
423,1,10.2269 
423,2,1.1113 
423,3,-0.0249 
423,4,3.0178 
424,0,4.4556 
424,1,8.9791 
424,2,0.9994 
424,3,1.0195 
424,4,0.0706 
425,0,2.8856 
425,1,8.995 
425,2,0.7483 
425,3,1.433 
425,4,2.7525 
426,0,2.1471 
426,1,9.8805 
426,2,3.094 
426,3,2.7461 
426,4,1.0415 
427,0,1.6198 
427,1,10.4039 
427,2,2.4573 
427,3,4.6105 
427,4,2.972 
428,0,2.0704 
428,1,9.5857 
428,2,1.6475 
428,3,2.7191 
428,4,2.1169 
429,0,0.6174 
429,1,9.2865 
429,2,1.9761 
429,3,2.8231 
429,4,2.7747 
430,0,0.6119 
430,1,10.7457 
430,2,2.1631 
430,3,2.3175 
430,4,0.6484 
431,0,1.2266 
431,1,10.0518 
431,2,2.8292 
431,3,2.7651 
431,4,2.0256 
432,0,1.1054 
432,1,8.1974 
432,2,0.8809 
432,3,0.7252 
432,4,1.3986 
433,0,2.5998 
433,1,8.6894 
433,2,2.3327 
433,3,0.9735 
433,4,2.8476 
434,0,2.9446 
434,1,8.7496 
434,2,2.1011 
434,3,4.1973 
434,4,2.1638 
435,0,4.6974 
435,1,10.7231 
435,2,2.0679 
435,3,1.9932 
435,4,1.9013 
436,0,0.5382 
436,1,11.2791 
436,2,1.6546 
436,3,1.7199 
436,4,2.6256 
437,0,1.3282 
437,1,9.3001 
437,2,3.6629 
437,3,1.2453 
437,4,2.6771 
438,0,3.0614 
438,1,10.657 
438,2,0.3302 
438,3,1.7684 
438,4,0.2687 
439,0,2.6735 
439,1,10.1418 
439,2,2.3428 
439,3,0.9283 
439,4,1.8382 
440,0,2.7639 
440,1,9.0971 
440,2,1.561 
440,3,0.9005 
440,4,2.9649 
441,0,0.7024 
441,1,11.233 
441,2,2.0654 
441,3,2.7974 
441,4,1.0386 
442,0,1.3247 
442,1,8.8159 
442,2,0.7195 
442,3,1.812 
442,4,2.1793 
443,0,1.1521 
443,1,9.9361 
443,2,1.476 
443,3,2.9907 
443,4,1.1878 
444,0,2.1988 
444,1,8.1727 
444,2,1.0718 
444,3,2.2816 
444,4,1.3184 
445,0,2.0013 
445,1,7.8223 
445,2,2.0402 
445,3,0.8601 
445,4,2.359 
446,0,1.2073 
446,1,10.3722 
446,2,3.4533 
446,3,1.2595 
446,4,0.419 
447,0,2.0013 
447,1,10.5797 
447,2,2.1358 
447,3,1.6733 
447,4,1.9145 
448,0,2.8281 
448,1,10.582 
448,2,1.4168 
448,3,3.9059 
448,4,1.6301 
449,0,2.7374 
449,1,9.8538 
449,2,3.2372 
449,3,2.8479 
449,4,1.7545 
450,0,2.5123 
450,1,9.6252 
450,2,2.0865 
450,3,4.0787 
450,4,2.2153 
451,0,2.2988 
451,1,11.2625 
451,2,2.7235 
451,3,2.8315 
451,4,1.3492 
452,0,2.9737 
452,1,10.807 
452,2,2.2434 
452,3,-1.2032 
452,4,1.0708 
453,0,2.2683 
453,1,10.5418 
453,2,1.5473 
453,3,3.6788 
453,4,2.0358 
454,0,1.821 
454,1,10.8352 
454,2,2.1266 
454,3,0.7349 
454,4,2.5151 
455,0,4.2283 
455,1,8.9212 
455,2,2.1467 
455,3,2.5491 
455,4,2.3575 
456,0,2.1641 
456,1,9.5444 
456,2,1.418 
456,3,1.9603 
456,4,1.8513 
457,0,1.3878 
457,1,9.667 
457,2,1.7035 
457,3,3.9262 
457,4,0.9152 
458,0,1.7133 
458,1,11.1059 
458,2,1.0523 
458,3,3.3228 
458,4,2.9418 
459,0,0.925 
459,1,10.6893 
459,2,2.2473 
459,3,1.9989 
459,4,2.4702 
460,0,1.6188 
460,1,9.5398 
460,2,1.3954 
460,3,1.9355 
460,4,3.4816 
461,0,2.2096 
461,1,12.2332 
461,2,2.2359 
461,3,2.8237 
461,4,3.068 
462,0,2.4531 
462,1,10.6199 
462,2,2.3109 
462,3,1.0131 
462,4,0.6052 
463,0,2.251 
463,1,11.6661 
463,2,1.8274 
463,3,2.8499 
463,4,0.9379 
464,0,1.6081 
464,1,10.7997 
464,2,2.3669 
464,3,1.8743 
464,4,4.0592 
465,0,1.5836 
465,1,9.9383 
465,2,1.8913 
465,3,1.7973 
465,4,2.51 
466,0,3.5544 
466,1,9.4009 
466,2,4.9045 
466,3,0.5269 
466,4,1.9437 
467,0,3.1549 
467,1,9.7088 
467,2,1.2993 
467,3,1.5722 
467,4,1.1538 
468,0,1.4571 
468,1,9.5085 
468,2,2.2279 
468,3,0.6776 
468,4,1.8092 
469,0,1.6602 
469,1,11.9526 
469,2,1.7878 
469,3,0.7612 
469,4,1.6799 
470,0,2.5605 
470,1,9.9762 
470,2,2.3454 
470,3,1.3747 
470,4,3.9332 
471,0,1.8133 
471,1,11.4821 
471,2,2.8277 
471,3,1.2078 
471,4,0.4362 
472,0,2.0466 
472,1,11.9551 
472,2,3.7873 
472,3,2.057 
472,4,2.6282 
473,0,1.7708 
473,1,10.0379 
473,2,1.892 
473,3,2.1571 
473,4,1.1389 
474,0,2.943 
474,1,10.5845 
474,2,2.338 
474,3,-0.4424 
474,4,2.1808 
475,0,1.7464 
475,1,9.8961 
475,2,1.455 
475,3,1.2612 
475,4,0.5352 
476,0,2.1231 
476,1,10.4531 
476,2,2.3623 
476,3,1.0995 
476,4,0.0378 
477,0,1.9537 
477,1,9.2065 
477,2,1.2912 
477,3,0.712 
477,4,2.9037 
478,0,1.0963 
478,1,8.0566 
478,2,1.568 
478,3,2.3897 
478,4,3.476 
479,0,1.3641 
479,1,10.9794 
479,2,2.621 
479,3,3.0595 
479,4,2.6255 
480,0,1.23 
480,1,10.6136 
480,2,2.2619 
480,3,2.8241 
480,4,3.7318 
481,0,2.8067 
481,1,10.533 
481,2,3.3857 
481,3,1.7627 
481,4,0.3997 
482,0,1.5976 
482,1,9.8922 
482,2,0.761 
482,3,1.3154 
482,4,2.5395 
483,0,2.6214 
483,1,10.2335 
483,2,2.2635 
483,3,2.244 
483,4,2.6509 
484,0,3.2993 
484,1,10.1363 
484,2,2.4921 
484,3,1.5178 
484,4,1.5792 
485,0,1.2694 
485,1,10.0469 
485,2,2.1976 
485,3,2.4102 
485,4,2.0971 
486,0,1.7658 
486,1,9.0768 
486,2,0.3161 
486,3,2.0511 
486,4,3.4337 
487,0,-0.3297 
487,1,9.4681 
487,2,3.5066 
487,3,2.3006 
487,4,2.1651 
488,0,2.0236 
488,1,9.0354 
488,2,0.9624 
488,3,1.8241 
488,4,2.2218 
489,0,1.287 
489,1,9.3345 
489,2,2.0792 
489,3,3.0652 
489,4,1.473 
490,0,2.3598 
490,1,10.1174 
490,2,4.1558 
490,3,1.5577 
490,4,3.1496 
491,0,1.321 
491,1,9.2805 
491,2,2.9488 
491,3,1.3772 
491,4,3.3809 
492,0,2.3981 
492,1,10.7687 
492,2,-0.1335 
492,3,2.0175 
492,4,1.6778 
493,0,1.6099 
493,1,10.5307 
493,2,2.0367 
493,3,3.0376 
493,4,1.9181 
494,0,3.1787 
494,1,10.3615 
494,2,2.2704 
494,3,3.0839 
494,4,1.3096 
495,0,3.0162 
495,1,7.9565 
495,2,1.8113 
495,3,2.3094 
495,4,1.8771 
496,0,2.2387 
496,1,8.4455 
496,2,1.6324 
496,3,0.6005 
496,4,1.7788 
497,0,2.2831 
497,1,11.1694 
497,2,-1.1528 
497,3,1.9921 
497,4,2.5041 
498,0,0.0114 
498,1,12.3868 
498,2,2.4203 
498,3,2.4528 
498,4,2.5585 
499,0,1.4199 
499,1,10.2038 
499,2,0.8005 
499,3,1.7204 
499,4,1.6834 
500,0,8.2203 
500,1,4.9816 
500,2,1.2995 
500,3,4.0789 
500,4,3.408 
501,0,8.8683 
501,1,6.5731 
501,2,1.5846 
501,3,1.532 
501,4,2.5524 
502,0,7.2865 
502,1,7.8984 
502,2,0.4705 
502,3,2.3685 
502,4,2.8168 
503,0,7.7095 
503,1,5.6057 
503,2,2.9464 
503,3,1.8108 
503,4,1.5738 
504,0,7.2725 
504,1,6.9371 
504,2,0.65 
504,3,1.3749 
504,4,2.8587 
505,0,7.0317 
505,1,4.4096 
505,2,2.2457 
505,3,2.3365 
505,4,0.8213 
506,0,8.5853 
506,1,7.5136 
506,2,1.4955 
506,3,1.4926 
506,4,0.6028 
507,0,7.7553 
507,1,6.5613 
507,2,0.162 
507,3,1.2381 
507,4,2.6004 
508,0,7.9954 
508,1,5.0699 
508,2,2.0746 
508,3,1.7192 
508,4,2.2652 
509,0,9.1566 
509,1,4.3534 
509,2,2.4421 
509,3,0.0565 
509,4,2.9243 
510,0,10.0809 
510,1,6.4869 
510,2,0.7015 
510,3,1.479 
510,4,3.012 
511,0,6.8891 
511,1,4.8437 
511,2,3.1727 
511,3,3.6734 
511,4,4.064 
512,0,7.8487 
512,1,6.4881 
512,2,1.1331 
512,3,2.1261 
512,4,3.4109 
513,0,7.7135 
513,1,6.2026 
513,2,3.272 
513,3,2.3493 
513,4,2.147 
514,0,8.9711 
514,1,5.1845 
514,2,2.4866 
514,3,3.3575 
514,4,3.031 
515,0,7.4078 
515,1,5.9345 
515,2,1.0999 
515,3,2.0861 
515,4,1.8958 
516,0,4.3826 
516,1,6.7751 
516,2,1.2524 
516,3,2.202 
516,4,1.5879 
517,0,6.3025 
517,1,5.9748 
517,2,1.22 
517,3,4.3239 
517,4,2.4309 
518,0,7.4888 
518,1,6.9487 
518,2,1.4061 
518,3,2.2548 
518,4,2.7428 
519,0,8.2149 
519,1,7.8866 
519,2,1.7892 
519,3,0.7859 
519,4,3.0386 
520,0,8.6777 
520,1,5.6111 
520,2,0.6384 
520,3,3.262 
520,4,2.6005 
521,0,8.3408 
521,1,7.1531 
521,2,3.2965 
521,3,3.944 
521,4,-0.0714 
522,0,6.481 
522,1,5.2636 
522,2,0.5781 
522,3,0.9033 
522,4,3.8466 
523,0,10.126 
523,1,5.2857 
523,2,0.9148 
523,3,1.3672 
523,4,0.7628 
524,0,7.5987 
524,1,6.0809 
524,2,1.9391 
524,3,1.9099 
524,4,3.4847 
525,0,8.6157 
525,1,6.7545 
525,2,1.04 
525,3,0.9028 
525,4,1.4237 
526,0,8.8736 
526,1,5.4855 
526,2,2.1911 
526,3,-0.9537 
526,4,-0.9076 
527,0,8.1966 
527,1,6.2103 
527,2,2.0995 
527,3,-0.0552 
527,4,3.6758 
528,0,7.7712 
528,1,7.4202 
528,2,2.2425 
528,3,2.5512 
528,4,1.335 
529,0,8.4199 
529,1,5.9469 
529,2,2.9388 
529,3,1.2259 
529,4,2.386 
530,0,7.593 
530,1,5.0212 
530,2,3.0129 
530,3,1.6404 
530,4,0.7736 
531,0,9.3625 
531,1,7.0795 
531,2,1.7947 
531,3,2.5064 
531,4,3.2557 
532,0,9.8215 
532,1,7.0778 
532,2,2.1875 
532,3,2.6317 
532,4,2.4557 
533,0,8.4523 
533,1,6.1613 
533,2,-0.7603 
533,3,1.7373 
533,4,3.0385 
534,0,8.2986 
534,1,7.1564 
534,2,1.5627 
534,3,3.3713 
534,4,0.8109 
535,0,9.2919 
535,1,5.8603 
535,2,3.2673 
535,3,-1.2169 
535,4,2.152 
536,0,7.7417 
536,1,5.947 
536,2,3.4251 
536,3,3.6812 
536,4,0.6155 
537,0,5.2928 
537,1,7.432 
537,2,2.7704 
537,3,1.8952 
537,4,0.684 
538,0,9.1934 
538,1,7.8064 
538,2,0.0896 
538,3,0.7323 
538,4,0.8571 
539,0,6.7441 
539,1,5.8573 
539,2,2.1742 
539,3,1.0287 
539,4,2.3889 
540,0,6.9505 
540,1,7.3922 
540,2,4.098 
540,3,2.1856 
540,4,0.5914 
541,0,6.2815 
541,1,4.5097 
541,2,2.3716 
541,3,2.0597 
541,4,2.7656 
542,0,6.8174 
542,1,8.0761 
542,2,2.1452 
542,3,2.6644 
542,4,1.8408 
543,0,7.5475 
543,1,6.5188 
543,2,2.4279 
543,3,2.8895 
543,4,1.1743 
544,0,6.9198 
544,1,7.2833 
544,2,1.4046 
544,3,0.1696 
544,4,1.7793 
545,0,5.6565 
545,1,6.0499 
545,2,1.938 
545,3,2.3107 
545,4,2.8424 
546,0,9.6072 
546,1,4.8156 
546,2,1.4007 
546,3,2.1945 
546,4,1.6579 
547,0,9.913 
547,1,5.0139 
547,2,2.3039 
547,3,1.8982 
547,4,2.6097 
548,0,9.3141 
548,1,5.958 
548,2,1.1238 
548,3,2.4731 
548,4,2.1471 
549,0,5.7408 
549,1,5.7617 
549,2,1.4747 
549,3,1.9725 
549,4,1.0385 
550,0,8.3769 
550,1,6.9372 
550,2,1.1671 
550,3,2.3359 
550,4,3.2964 
551,0,8.13 
551,1,5.2693 
551,2,3.6894 
551,3,1.8859 
551,4,3.6665 
552,0,7.7056 
552,1,6.1533 
552,2,2.0657 
552,3,1.5102 
552,4,3.9318 
553,0,6.0603 
553,1,6.3589 
553,2,1.7325 
553,3,0.6055 
553,4,2.3861 
554,0,7.6523 
554,1,7.857 
554,2,2.1194 
554,3,3.1334 
554,4,0.9751 
555,0,7.0597 
555,1,6.0815 
555,2,0.9995 
555,3,3.7389 
555,4,3.4171 
556,0,9.6256 
556,1,6.0576 
556,2,2.2022 
556,3,3.4273 
556,4,1.386 
557,0,5.563 
557,1,5.3397 
557,2,0.1976 
557,3,2.7827 
557,4,2.0142 
558,0,7.6213 
558,1,4.6432 
558,2,2.3754 
558,3,1.3308 
558,4,2.6313 
559,0,6.6305 
559,1,7.0926 
559,2,0.8353 
559,3,3.4229 
559,4,0.7399 
560,0,7.472 
560,1,6.6011 
560,2,3.5502 
560,3,2.4974 
560,4,2.3173 
561,0,6.748 
561,1,5.4129 
561,2,1.896 
561,3,1.9395 
561,4,2.8178 
562,0,7.2372 
562,1,7.9646 
562,2,2.1923 
562,3,2.7553 
562,4,1.2479 
563,0,7.5915 
563,1,7.2701 
563,2,0.3153 
563,3,0.7632 
563,4,1.7586 
564,0,9.2575 
564,1,4.2963 
564,2,0.7019 
564,3,1.9071 
564,4,-0.6514 
565,0,9.4924 
565,1,5.3269 
565,2,3.289 
565,3,1.7708 
565,4,2.2683 
566,0,7.1705 
566,1,6.1576 
566,2,2.7548 
566,3,1.1643 
566,4,1.2501 
567,0,6.2272 
567,1,4.6997 
567,2,1.9786 
567,3,1.4107 
567,4,1.8302 
568,0,9.1809 
568,1,4.8492 
568,2,2.4766 
568,3,2.3565 
568,4,1.7365 
569,0,8.0877 
569,1,5.302 
569,2,2.338 
569,3,3.6349 
569,4,1.4633 
570,0,7.0211 
570,1,4.4153 
570,2,2.2754 
570,3,2.2949 
570,4,3.6114 
571,0,6.6424 
571,1,6.7256 
571,2,2.7106 
571,3,3.289 
571,4,1.9467 
572,0,7.6718 
572,1,5.6417 
572,2,1.5953 
572,3,3.2661 
572,4,0.8681 
573,0,7.2475 
573,1,6.7564 
573,2,3.5797 
573,3,1.5809 
573,4,1.2071 
574,0,8.6146 
574,1,6.8697 
574,2,4.0 
574,3,3.1428 
574,4,1.2191 
575,0,8.7517 
575,1,7.2907 
575,2,1.9339 
575,3,3.0961 
575,4,1.3636 
576,0,7.6602 
576,1,6.4586 
576,2,1.5295 
576,3,-0.1893 
576,4,2.7506 
577,0,7.8818 
577,1,5.6579 
577,2,2.3452 
577,3,2.4596 
577,4,0.3017 
578,0,7.9686 
578,1,4.8318 
578,2,1.377 
578,3,1.1735 
578,4,1.9459 
579,0,7.1679 
579,1,5.6095 
579,2,1.9216 
579,3,2.9723 
579,4,2.3765 
580,0,9.0872 
580,1,8.3401 
580,2,0.1347 
580,3,1.954 
580,4,0.1203 
581,0,10.2199 
581,1,6.2941 
581,2,1.7447 
581,3,1.8114 
581,4,3.5977 
582,0,7.033 
582,1,5.5689 
582,2,2.3241 
582,3,2.8356 
582,4,1.3039 
583,0,8.0702 
583,1,4.5605 
583,2,2.5629 
583,3,-0.0971 
583,4,1.0115 
584,0,7.0345 
584,1,5.2803 
584,2,2.6555 
584,3,2.2758 
584,4,-0.7333 
585,0,6.6271 
585,1,6.172 
585,2,3.1626 
585,3,2.5483 
585,4,2.0843 
586,0,8.7421 
586,1,6.7932 
586,2,1.764 
586,3,2.0737 
586,4,1.5578 
587,0,7.6705 
587,1,6.2127 
587,2,1.6949 
587,3,0.6883 
587,4,2.5406 
588,0,6.9356 
588,1,6.8134 
588,2,0.1385 
588,3,3.1572 
588,4,1.222 
589,0,8.8934 
589,1,6.5658 
589,2,1.0921 
589,3,1.86 
589,4,1.034 
590,0,6.3215 
590,1,6.4314 
590,2,2.1911 
590,3,2.2591 
590,4,2.262 
591,0,7.6481 
591,1,5.7149 
591,2,0.9982 
591,3,-0.6493 
591,4,2.4954 
592,0,9.107 
592,1,6.8334 
592,2,0.9215 
592,3,0.2592 
592,4,-0.3617 
593,0,8.7748 
593,1,6.434 
593,2,4.3378 
593,3,2.4819 
593,4,1.7687 
594,0,7.7005 
594,1,5.9821 
594,2,2.6762 
594,3,0.3292 
594,4,1.7078 
595,0,6.5773 
595,1,6.1529 
595,2,2.623 
595,3,1.8497 
595,4,0.6269 
596,0,8.4722 
596,1,6.8769 
596,2,2.017 
596,3,0.8023 
596,4,1.5131 
597,0,9.1511 
597,1,5.483 
597,2,3.1437 
597,3,2.1536 
597,4,2.8729 
598,0,8.2596 
598,1,8.2577 
598,2,1.8329 
598,3,1.6127 
598,4,2.0072 
599,0,8.1582 
599,1,7.2985 
599,2,2.5903 
599,3,2.632 
599,4,2.173 
600,0,8.2267 
600,1,5.6513 
600,2,3.3095 
600,3,1.1224 
600,4,3.3315 
601,0,8.8523 
601,1,6.8664 
601,2,2.755 
601,3,2.005 
601,4,1.1616 
602,0,7.3256 
602,1,4.2959 
602,2,2.2924 
602,3,2.0899 
602,4,1.3538 
603,0,7.9903 
603,1,8.2166 
603,2,1.0858 
603,3,1.7508 
603,4,0.8176 
604,0,7.9838 
604,1,5.9434 
604,2,1.1357 
604,3,3.5748 
604,4,2.9071 
605,0,8.7161 
605,1,7.2049 
605,2,0.1478 
605,3,3.6014 
605,4,0.8499 
606,0,6.4574 
606,1,4.3682 
606,2,3.7173 
606,3,1.7165 
606,4,2.9384 
607,0,7.3768 
607,1,8.1485 
607,2,2.7794 
607,3,2.6927 
607,4,2.868 
608,0,10.6005 
608,1,5.5598 
608,2,2.7046 
608,3,1.8307 
608,4,1.0607 
609,0,7.3932 
609,1,5.4249 
609,2,1.1399 
609,3,2.0759 
609,4,2.4895 
610,0,8.7837 
610,1,6.5311 
610,2,2.1436 
610,3,2.4332 
610,4,0.5007 
611,0,8.4686 
611,1,5.7544 
611,2,1.8927 
611,3,2.8768 
611,4,2.5941 
612,0,7.487 
612,1,6.0896 
612,2,-1.0134 
612,3,3.0471 
612,4,1.7294 
613,0,7.8813 
613,1,5.8328 
613,2,0.8536 
613,3,2.3152 
613,4,3.5891 
614,0,8.458 
614,1,5.8246 
614,2,1.3314 
614,3,1.7931 
614,4,2.3893 
615,0,7.9895 
615,1,4.1667 
615,2,2.4115 
615,3,1.0811 
615,4,2.2636 
616,0,7.6872 
616,1,6.2988 
616,2,2.9866 
616,3,2.37 
616,4,2.9076 
617,0,7.9951 
617,1,5.6681 
617,2,1.03 
617,3,2.1715 
617,4,1.2098 
618,0,6.9773 
618,1,5.8602 
618,2,2.8577 
618,3,1.3059 
618,4,0.9011 
619,0,7.5361 
619,1,4.6819 
619,2,1.2828 
619,3,1.3527 
619,4,2.5198 
620,0,9.9238 
620,1,6.0657 
620,2,3.5866 
620,3,2.9552 
620,4,2.6315 
621,0,5.7843 
621,1,8.2609 
621,2,2.1091 
621,3,2.0349 
621,4,2.0628 
622,0,7.4434 
622,1,6.3777 
622,2,1.6483 
622,3,0.6496 
622,4,2.8303 
623,0,7.7596 
623,1,6.7516 
623,2,1.2457 
623,3,0.9227 
623,4,3.0325 
624,0,9.4807 
624,1,6.554 
624,2,3.3247 
624,3,1.3928 
624,4,3.9898 
625,0,7.1163 
625,1,5.9318 
625,2,2.0325 
625,3,0.7928 
625,4,1.6929 
626,0,8.3755 
626,1,5.5114 
626,2,2.1485 
626,3,2.4218 
626,4,1.6056 
627,0,7.4466 
627,1,7.699 
627,2,1.644 
627,3,2.149 
627,4,1.7989 
628,0,8.2052 
628,1,6.6495 
628,2,2.5496 
628,3,2.5947 
628,4,2.1199 
629,0,9.957 
629,1,5.519 
629,2,0.8727 
629,3,1.7102 
629,4,2.0386 
630,0,8.0251 
630,1,5.7455 
630,2,1.3859 
630,3,2.8097 
630,4,2.6312 
631,0,9.4198 
631,1,4.2563 
631,2,0.9351 
631,3,2.0154 
631,4,2.4617 
632,0,6.6607 
632,1,7.5405 
632,2,1.5693 
632,3,1.0152 
632,4,1.676 
633,0,7.6764 
633,1,5.6747 
633,2,2.1797 
633,3,1.9574 
633,4,1.2178 
634,0,9.4124 
634,1,4.1372 
634,2,2.9889 
634,3,1.4976 
634,4,3.7295 
635,0,8.3299 
635,1,6.0698 
635,2,2.9633 
635,3,2.3851 
635,4,2.0912 
636,0,6.9799 
636,1,6.0964 
636,2,3.4457 
636,3,3.0131 
636,4,0.6333 
637,0,7.7855 
637,1,6.4361 
637,2,0.5722 
637,3,2.3052 
637,4,3.6418 
638,0,7.0657 
638,1,6.1881 
638,2,3.8133 
638,3,2.015 
638,4,2.2176 
639,0,7.4433 
639,1,7.0252 
639,2,0.7471 
639,3,1.6295 
639,4,1.6196 
640,0,8.932 
640,1,6.6953 
640,2,1.8837 
640,3,1.2653 
640,4,2.4826 
641,0,8.5861 
641,1,5.5993 
641,2,2.983 
641,3,3.7424 
641,4,2.3979 
642,0,8.335 
642,1,5.8818 
642,2,2.7397 
642,3,2.582 
642,4,1.3205 
643,0,9.1151 
643,1,5.8096 
643,2,2.491 
643,3,2.5563 
643,4,2.6038 
644,0,6.6242 
644,1,4.8952 
644,2,4.4856 
644,3,0.5882 
644,4,2.5449 
645,0,7.9342 
645,1,4.4114 
645,2,1.028 
645,3,4.1303 
645,4,2.647 
646,0,7.3712 
646,1,3.0887 
646,2,2.559 
646,3,1.5401 
646,4,2.4494 
647,0,8.8857 
647,1,4.6371 
647,2,2.4526 
647,3,-0.3519 
647,4,3.5735 
648,0,9.7735 
648,1,7.2825 
648,2,1.7409 
648,3,1.8477 
648,4,3.437 
649,0,7.6647 
649,1,6.8872 
649,2,2.7684 
649,3,1.6509 
649,4,2.8642 
650,0,9.2031 
650,1,4.3467 
650,2,1.2037 
650,3,1.296 
650,4,2.6329 
651,0,8.1463 
651,1,6.2133 
651,2,0.0905 
651,3,3.5014 
651,4,2.2934 
652,0,7.0523 
652,1,7.4184 
652,2,0.986 
652,3,0.8295 
652,4,-0.386 
653,0,8.246 
653,1,4.9681 
653,2,1.1579 
653,3,2.2247 
653,4,2.3677 
654,0,7.9607 
654,1,6.6752 
654,2,1.7704 
654,3,3.1266 
654,4,0.2595 
655,0,9.7907 
655,1,6.3462 
655,2,3.4803 
655,3,1.4325 
655,4,0.9935 
656,0,9.4163 
656,1,6.2779 
656,2,1.8146 
656,3,2.5167 
656,4,2.8829 
657,0,9.2196 
657,1,6.2494 
657,2,1.5508 
657,3,1.0672 
657,4,2.3723 
658,0,8.3297 
658,1,6.7801 
658,2,1.8844 
658,3,2.9168 
658,4,3.0599 
659,0,7.8979 
659,1,5.2706 
659,2,3.1532 
659,3,2.4327 
659,4,0.7261 
660,0,8.3383 
660,1,7.3856 
660,2,1.3064 
660,3,2.6336 
660,4,3.2133 
661,0,9.2839 
661,1,5.8616 
661,2,2.2049 
661,3,1.5155 
661,4,1.4374 
662,0,7.5913 
662,1,5.6771 
662,2,1.1645 
662,3,2.5992 
662,4,3.0138 
663,0,7.1691 
663,1,5.4307 
663,2,3.5524 
663,3,2.961 
663,4,0.964 
664,0,9.2777 
664,1,4.9097 
664,2,1.8988 
664,3,1.4533 
664,4,1.3467 
665,0,7.4683 
665,1,5.7026 
665,2,2.581 
665,3,1.4895 
665,4,2.4091 
666,0,8.615 
666,1,4.6743 
666,2,2.4207 
666,3,2.5029 
666,4,3.2831 
667,0,7.203 
667,1,8.3965 
667,2,1.7323 
667,3,2.7364 
667,4,1.6643 
668,0,6.8794 
668,1,3.4495 
668,2,0.4001 
668,3,1.2179 
668,4,0.5743 
669,0,6.377 
669,1,5.7706 
669,2,1.945 
669,3,2.2315 
669,4,2.7767 
670,0,7.6781 
670,1,7.4953 
670,2,1.1626 
670,3,0.2694 
670,4,2.4059 
671,0,8.361 
671,1,6.7571 
671,2,3.134 
671,3,3.5657 
671,4,0.7803 
672,0,7.2226 
672,1,5.552 
672,2,2.7591 
672,3,2.5825 
672,4,0.5272 
673,0,8.1344 
673,1,5.3894 
673,2,4.0535 
673,3,1.0338 
673,4,2.1329 
674,0,6.5549 
674,1,4.523 
674,2,1.0765 
674,3,1.7651 
674,4,1.0027 
675,0,6.3538 
675,1,6.0852 
675,2,2.4105 
675,3,3.6894 
675,4,2.5963 
676,0,9.4512 
676,1,6.9787 
676,2,1.0978 
676,3,0.4963 
676,4,2.6396 
677,0,9.9102 
677,1,5.163 
677,2,0.1702 
677,3,2.4434 
677,4,0.604 
678,0,9.8597 
678,1,4.6756 
678,2,3.3903 
678,3,3.2464 
678,4,0.6918 
679,0,9.6359 
679,1,6.7555 
679,2,0.766 
679,3,1.7033 
679,4,1.412 
680,0,7.0947 
680,1,7.0778 
680,2,1.566 
680,3,3.0143 
680,4,2.6185 
681,0,11.0634 
681,1,5.2244 
681,2,0.3212 
681,3,1.3904 
681,4,0.7911 
682,0,5.706 
682,1,6.2663 
682,2,1.5935 
682,3,2.8649 
682,4,0.7405 
683,0,8.585 
683,1,6.871 
683,2,1.5162 
683,3,2.4062 
683,4,3.7559 
684,0,6.392 
684,1,3.1478 
684,2,2.4027 
684,3,2.7365 
684,4,3.4235 
685,0,7.3038 
685,1,6.6348 
685,2,2.6789 
685,3,1.4612 
685,4,3.337 
686,0,6.415 
686,1,6.8867 
686,2,2.2206 
686,3,-0.1558 
686,4,1.5815 
687,0,7.6731 
687,1,6.7031 
687,2,0.6547 
687,3,4.3484 
687,4,2.7147 
688,0,7.4886 
688,1,4.81 
688,2,1.4895 
688,3,2.3529 
688,4,1.8457 
689,0,7.1184 
689,1,4.9986 
689,2,0.8938 
689,3,0.9597 
689,4,1.9652 
690,0,6.9719 
690,1,5.8425 
690,2,2.1236 
690,3,2.456 
690,4,2.4404 
691,0,7.5755 
691,1,6.3478 
691,2,2.0767 
691,3,1.8825 
691,4,1.632 
692,0,8.2829 
692,1,6.0074 
692,2,0.4163 
692,3,1.9569 
692,4,2.5136 
693,0,6.992 
693,1,6.3544 
693,2,1.8157 
693,3,1.4535 
693,4,2.9919 
694,0,9.9145 
694,1,5.1346 
694,2,2.2789 
694,3,0.3273 
694,4,0.096 
695,0,7.7097 
695,1,5.0512 
695,2,2.4482 
695,3,2.1662 
695,4,0.7314 
696,0,7.5543 
696,1,5.7996 
696,2,1.0838 
696,3,1.8357 
696,4,1.647 
697,0,8.4656 
697,1,4.6244 
697,2,2.4911 
697,3,0.6701 
697,4,0.4052 
698,0,9.2621 
698,1,5.6914 
698,2,1.1739 
698,3,2.6522 
698,4,0.67 
699,0,9.2997 
699,1,8.477 
699,2,1.6971 
699,3,1.3725 
699,4,1.9439 
700,0,9.3314 
700,1,6.3957 
700,2,1.843 
700,3,1.7805 
700,4,3.2234 
701,0,9.0376 
701,1,4.7488 
701,2,1.7269 
701,3,2.778 
701,4,2.9302 
702,0,8.9649 
702,1,8.5371 
702,2,1.059 
702,3,1.5729 
702,4,3.374 
703,0,6.589 
703,1,6.0747 
703,2,3.0467 
703,3,3.2015 
703,4,2.642 
704,0,8.7238 
704,1,7.175 
704,2,1.7304 
704,3,2.0997 
704,4,2.1342 
705,0,7.2714 
705,1,5.9455 
705,2,3.2643 
705,3,3.3282 
705,4,0.7149 
706,0,7.2981 
706,1,5.0998 
706,2,1.2807 
706,3,0.6741 
706,4,1.6579 
707,0,10.6328 
707,1,6.8875 
707,2,1.9176 
707,3,2.8026 
707,4,1.8008 
708,0,7.5635 
708,1,6.3528 
708,2,2.4048 
708,3,2.2237 
708,4,2.0571 
709,0,6.9697 
709,1,6.4276 
709,2,2.7319 
709,3,1.1375 
709,4,0.8081 
710,0,9.0397 
710,1,7.2022 
710,2,1.1253 
710,3,1.6888 
710,4,4.1266 
711,0,7.5348 
711,1,6.0435 
711,2,0.7428 
711,3,3.2534 
711,4,2.6244 
712,0,6.8539 
712,1,6.4084 
712,2,2.4015 
712,3,2.4842 
712,4,0.2085 
713,0,6.64 
713,1,6.6592 
713,2,2.3873 
713,3,2.45 
713,4,-0.2559 
714,0,10.0914 
714,1,5.8273 
714,2,1.8638 
714,3,0.1432 
714,4,1.6601 
715,0,9.8972 
715,1,5.517 
715,2,1.0556 
715,3,2.4406 
715,4,1.9605 
716,0,8.8303 
716,1,5.0742 
716,2,1.7271 
716,3,1.3892 
716,4,3.0285 
717,0,8.7373 
717,1,6.5217 
717,2,2.9914 
717,3,2.2803 
717,4,0.8251 
718,0,7.6497 
718,1,6.9652 
718,2,2.6043 
718,3,1.2742 
718,4,1.9556 
719,0,6.259 
719,1,6.5876 
719,2,2.3835 
719,3,3.3927 
719,4,2.7154 
720,0,8.7166 
720,1,5.904 
720,2,1.2918 
720,3,2.1487 
720,4,2.0414 
721,0,8.4005 
721,1,4.9403 
721,2,1.9768 
721,3,2.757 
721,4,0.7855 
722,0,9.3135 
722,1,7.1612 
722,2,1.4025 
722,3,0.9241 
722,4,2.4887 
723,0,8.9627 
723,1,5.0066 
723,2,1.833 
723,3,2.0291 
723,4,2.3898 
724,0,8.0336 
724,1,6.5012 
724,2,3.6937 
724,3,2.3901 
724,4,2.4072 
725,0,9.357 
725,1,6.2367 
725,2,1.8802 
725,3,3.9258 
725,4,1.1078 
726,0,8.751 
726,1,5.4388 
726,2,2.0297 
726,3,1.6472 
726,4,2.1517 
727,0,9.0361 
727,1,7.6737 
727,2,1.7814 
727,3,2.2955 
727,4,2.5952 
728,0,10.3128 
728,1,7.0767 
728,2,0.8316 
728,3,1.5376 
728,4,0.9998 
729,0,9.0243 
729,1,5.7213 
729,2,2.7777 
729,3,0.4645 
729,4,1.439 
730,0,8.4179 
730,1,5.5897 
730,2,2.0798 
730,3,0.6767 
730,4,2.7239 
731,0,8.3898 
731,1,6.0865 
731,2,1.5517 
731,3,1.8551 
731,4,2.2677 
732,0,6.6093 
732,1,5.7489 
732,2,3.5686 
732,3,3.5057 
732,4,2.6849 
733,0,8.6939 
733,1,5.8064 
733,2,1.1998 
733,3,2.5751 
733,4,0.2989 
734,0,8.8427 
734,1,5.6086 
734,2,2.5132 
734,3,0.9737 
734,4,4.4353 
735,0,8.1267 
735,1,4.9386 
735,2,1.7799 
735,3,-0.07 
735,4,1.0935 
736,0,7.4155 
736,1,6.474 
736,2,-0.8896 
736,3,2.3992 
736,4,2.2338 
737,0,8.4246 
737,1,5.5539 
737,2,0.6787 
737,3,2.5636 
737,4,2.5134 
738,0,7.1002 
738,1,4.8959 
738,2,2.4547 
738,3,1.6033 
738,4,0.4167 
739,0,7.7677 
739,1,6.4031 
739,2,2.6215 
739,3,1.1796 
739,4,1.7023 
740,0,9.2253 
740,1,4.7642 
740,2,0.7693 
740,3,2.7544 
740,4,3.8603 
741,0,9.0451 
741,1,4.7982 
741,2,2.882 
741,3,1.6853 
741,4,1.8208 
742,0,8.6793 
742,1,5.7545 
742,2,2.0808 
742,3,1.4255 
742,4,2.0107 
743,0,7.8895 
743,1,7.4425 
743,2,1.3484 
743,3,1.5026 
743,4,3.4281 
744,0,7.9409 
744,1,7.2649 
744,2,2.5429 
744,3,2.9345 
744,4,3.7855 
745,0,9.5491 
745,1,5.1637 
745,2,0.0778 
745,3,3.7267 
745,4,2.5235 
746,0,9.021 
746,1,5.9559 
746,2,2.2616 
746,3,2.1298 
746,4,2.5974 
747,0,7.3652 
747,1,6.0491 
747,2,2.2243 
747,3,2.8965 
747,4,1.2473 
748,0,9.9955 
748,1,6.1446 
748,2,3.4875 
748,3,1.5635 
748,4,2.5121 
749,0,8.4046 
749,1,5.0454 
749,2,1.4958 
749,3,2.2712 
749,4,1.2422 
750,0,6.9259 
750,1,4.5744 
750,2,1.1953 
750,3,0.8856 
750,4,1.9609 
751,0,7.7397 
751,1,7.1374 
751,2,2.9576 
751,3,3.0102 
751,4,4.3207 
752,0,7.334 
752,1,5.0752 
752,2,1.716 
752,3,-0.0214 
752,4,2.6731 
753,0,6.0274 
753,1,6.0232 
753,2,1.2469 
753,3,2.5549 
753,4,3.3028 
754,0,7.3974 
754,1,4.8509 
754,2,2.1704 
754,3,1.3481 
754,4,1.7111 
755,0,9.7748 
755,1,6.8468 
755,2,2.4419 
755,3,3.1791 
755,4,1.7454 
756,0,9.0548 
756,1,5.8169 
756,2,2.7907 
756,3,1.4378 
756,4,1.3427 
757,0,7.8173 
757,1,6.7802 
757,2,0.2892 
757,3,1.0756 
757,4,1.0896 
758,0,8.8154 
758,1,5.9181 
758,2,0.407 
758,3,0.9872 
758,4,1.3322 
759,0,7.4199 
759,1,4.5002 
759,2,3.2115 
759,3,1.82 
759,4,1.5169 
760,0,9.1604 
760,1,6.1237 
760,2,2.3396 
760,3,2.0515 
760,4,1.5172 
761,0,7.1527 
761,1,6.2902 
761,2,1.3123 
761,3,0.8902 
761,4,1.7401 
762,0,9.7157 
762,1,5.3315 
762,2,2.9595 
762,3,1.4611 
762,4,3.8548 
763,0,6.9293 
763,1,4.4213 
763,2,1.5475 
763,3,1.0319 
763,4,0.5186 
764,0,8.4252 
764,1,7.7223 
764,2,3.511 
764,3,0.6417 
764,4,2.0491 
765,0,8.1995 
765,1,4.5922 
765,2,0.4911 
765,3,2.7226 
765,4,1.2561 
766,0,9.4032 
766,1,3.9493 
766,2,2.7934 
766,3,2.8579 
766,4,1.1376 
767,0,6.5836 
767,1,6.0464 
767,2,4.1201 
767,3,1.2779 
767,4,2.4312 
768,0,8.4679 
768,1,4.5864 
768,2,2.3711 
768,3,1.8827 
768,4,-0.3061 
769,0,6.3454 
769,1,5.6001 
769,2,2.8576 
769,3,2.1936 
769,4,2.2245 
770,0,10.0892 
770,1,5.0928 
770,2,2.876 
770,3,2.3947 
770,4,2.1042 
771,0,5.8375 
771,1,6.8585 
771,2,2.9652 
771,3,1.9729 
771,4,1.2672 
772,0,8.7378 
772,1,5.7155 
772,2,1.6942 
772,3,1.435 
772,4,0.536 
773,0,8.4567 
773,1,6.3394 
773,2,1.4594 
773,3,3.1168 
773,4,1.9179 
774,0,8.0745 
774,1,5.3223 
774,2,1.0503 
774,3,4.0593 
774,4,3.6134 
775,0,7.9039 
775,1,5.1071 
775,2,0.2899 
775,3,3.5353 
775,4,0.9712 
776,0,8.1096 
776,1,9.2142 
776,2,3.9055 
776,3,3.1601 
776,4,2.2889 
777,0,10.5004 
777,1,6.6441 
777,2,2.0981 
777,3,-0.7395 
777,4,1.5987 
778,0,7.5604 
778,1,5.4748 
778,2,2.0204 
778,3,2.548 
778,4,0.9973 
779,0,8.6954 
779,1,4.7125 
779,2,0.7972 
779,3,4.3168 
779,4,1.8043 
780,0,8.0286 
780,1,7.1963 
780,2,0.6964 
780,3,0.7098 
780,4,3.3265 
781,0,6.7904 
781,1,4.9559 
781,2,3.6823 
781,3,1.4042 
781,4,3.0134 
782,0,7.5089 
782,1,6.0316 
782,2,4.137 
782,3,3.3362 
782,4,3.7707 
783,0,8.4937 
783,1,5.8167 
783,2,1.2539 
783,3,2.4393 
783,4,1.0835 
784,0,8.7393 
784,1,5.5848 
784,2,1.7525 
784,3,1.8268 
784,4,0.6922 
785,0,8.1753 
785,1,5.3226 
785,2,4.1905 
785,3,2.1178 
785,4,0.7338 
786,0,9.0914 
786,1,6.3385 
786,2,1.217 
786,3,2.2593 
786,4,1.9292 
787,0,7.6804 
787,1,5.1122 
787,2,1.858 
787,3,0.5948 
787,4,2.3371 
788,0,9.0801 
788,1,5.3952 
788,2,1.2239 
788,3,0.848 
788,4,1.0337 
789,0,7.5513 
789,1,6.6244 
789,2,1.8682 
789,3,1.8048 
789,4,3.7444 
790,0,8.4147 
790,1,6.8155 
790,2,2.1583 
790,3,2.2266 
790,4,-0.0795 
791,0,7.1872 
791,1,4.985 
791,2,1.447 
791,3,2.2206 
791,4,2.6368 
792,0,7.4574 
792,1,5.6997 
792,2,2.249 
792,3,2.6818 
792,4,0.9365 
793,0,8.8521 
793,1,7.2865 
793,2,1.3329 
793,3,0.9576 
793,4,0.3513 
794,0,8.2975 
794,1,6.9691 
794,2,2.2742 
794,3,1.6113 
794,4,1.756 
795,0,7.4391 
795,1,4.5435 
795,2,2.3203 
795,3,2.4558 
795,4,1.3231 
796,0,9.5198 
796,1,5.6019 
796,2,3.006 
796,3,2.5077 
796,4,1.3803 
797,0,6.9715 
797,1,7.4939 
797,2,1.7448 
797,3,1.0539 
797,4,1.1008 
798,0,7.1423 
798,1,7.3139 
798,2,0.9512 
798,3,3.1353 
798,4,1.9014 
799,0,7.7709 
799,1,6.0899 
799,2,1.3733 
799,3,4.0528 
799,4,2.738 
800,0,8.4257 
800,1,5.8254 
800,2,3.6596 
800,3,3.9133 
800,4,1.553 
801,0,8.9525 
801,1,5.4931 
801,2,2.362 
801,3,0.3533 
801,4,2.2415 
802,0,6.5156 
802,1,8.5694 
802,2,2.8297 
802,3,2.0151 
802,4,-0.1947 
803,0,7.4423 
803,1,7.7515 
803,2,2.7443 
803,3,2.3136 
803,4,2.2313 
804,0,6.44 
804,1,6.8238 
804,2,3.6781 
804,3,3.4289 
804,4,1.6606 
805,0,5.3762 
805,1,5.2135 
805,2,3.2904 
805,3,0.5923 
805,4,1.9057 
806,0,7.7631 
806,1,5.8455 
806,2,3.3606 
806,3,2.3886 
806,4,1.4701 
807,0,7.3182 
807,1,4.9897 
807,2,1.2378 
807,3,2.4936 
807,4,3.3385 
808,0,7.3807 
808,1,5.3073 
808,2,1.3017 
808,3,3.2597 
808,4,0.8908 
809,0,10.0963 
809,1,6.7246 
809,2,3.0787 
809,3,3.7984 
809,4,1.0399 
810,0,5.979 
810,1,5.449 
810,2,0.9464 
810,3,0.8061 
810,4,-0.7063 
811,0,5.0988 
811,1,6.9306 
811,2,1.9549 
811,3,0.6693 
811,4,-0.0427 
812,0,8.7881 
812,1,6.6576 
812,2,1.509 
812,3,2.4948 
812,4,3.1394 
813,0,8.3957 
813,1,5.3652 
813,2,2.0662 
813,3,2.8361 
813,4,2.145 
814,0,7.8189 
814,1,4.7864 
814,2,2.1021 
814,3,3.0933 
814,4,1.7118 
815,0,8.2539 
815,1,5.9492 
815,2,2.4978 
815,3,0.554 
815,4,4.9063 
816,0,9.2056 
816,1,4.0057 
816,2,3.0393 
816,3,2.1044 
816,4,2.2556 
817,0,7.3701 
817,1,4.3101 
817,2,1.5953 
817,3,4.3743 
817,4,3.2774 
818,0,9.3406 
818,1,6.0013 
818,2,3.8282 
818,3,1.553 
818,4,2.8306 
819,0,7.5294 
819,1,6.7444 
819,2,1.9062 
819,3,0.9945 
819,4,1.6492 
820,0,9.1212 
820,1,6.0445 
820,2,1.5632 
820,3,2.4275 
820,4,3.3448 
821,0,6.9157 
821,1,5.8754 
821,2,3.6203 
821,3,1.854 
821,4,0.9834 
822,0,7.615 
822,1,6.1246 
822,2,3.1376 
822,3,0.8101 
822,4,1.1262 
823,0,9.0694 
823,1,6.0111 
823,2,3.6117 
823,3,2.7991 
823,4,3.3657 
824,0,6.6504 
824,1,5.7236 
824,2,3.2061 
824,3,2.385 
824,4,0.6292 
825,0,8.5985 
825,1,7.475 
825,2,2.5186 
825,3,2.452 
825,4,1.2961 
826,0,8.1349 
826,1,5.8169 
826,2,2.3829 
826,3,2.3358 
826,4,3.5066 
827,0,6.0931 
827,1,6.3586 
827,2,0.9304 
827,3,2.2871 
827,4,-0.2667 
828,0,7.5151 
828,1,5.1 
828,2,4.1595 
828,3,2.621 
828,4,1.6699 
829,0,6.5942 
829,1,4.7894 
829,2,1.8154 
829,3,0.2895 
829,4,2.6637 
830,0,8.0091 
830,1,6.2891 
830,2,0.3534 
830,3,2.1599 
830,4,1.5972 
831,0,8.1279 
831,1,3.1813 
831,2,2.0257 
831,3,2.3507 
831,4,3.442 
832,0,7.9831 
832,1,6.151 
832,2,2.7336 
832,3,1.865 
832,4,1.9951 
833,0,6.5722 
833,1,5.7743 
833,2,0.2556 
833,3,2.514 
833,4,2.8254 
834,0,6.9257 
834,1,5.7092 
834,2,2.3611 
834,3,2.7873 
834,4,1.078 
835,0,7.5171 
835,1,5.4778 
835,2,2.2009 
835,3,1.4019 
835,4,1.8664 
836,0,8.2429 
836,1,7.3524 
836,2,0.5079 
836,3,3.03 
836,4,2.7284 
837,0,6.6453 
837,1,7.5621 
837,2,2.4297 
837,3,2.7102 
837,4,0.2758 
838,0,8.0797 
838,1,5.0689 
838,2,2.6329 
838,3,0.2576 
838,4,1.149 
839,0,6.1969 
839,1,5.3564 
839,2,2.0789 
839,3,2.1141 
839,4,-0.2698 
840,0,8.2159 
840,1,5.9637 
840,2,-0.4242 
840,3,1.4479 
840,4,2.939 
841,0,8.4243 
841,1,5.4184 
841,2,2.3611 
841,3,2.993 
841,4,1.488 
842,0,9.0346 
842,1,6.4003 
842,2,3.4305 
842,3,1.0445 
842,4,2.4366 
843,0,10.9972 
843,1,5.6294 
843,2,2.4023 
843,3,0.7733 
843,4,1.8001 
844,0,7.7521 
844,1,7.9908 
844,2,1.8437 
844,3,0.7746 
844,4,1.9821 
845,0,8.3446 
845,1,7.3325 
845,2,1.7653 
845,3,1.9086 
845,4,2.2685 
846,0,9.1905 
846,1,5.1709 
846,2,2.0171 
846,3,1.7297 
846,4,3.3386 
847,0,7.5606 
847,1,6.7971 
847,2,0.7809 
847,3,0.8253 
847,4,2.6477 
848,0,8.6883 
848,1,5.6719 
848,2,2.1172 
848,3,2.9006 
848,4,1.4633 
849,0,7.6176 
849,1,6.1511 
849,2,2.5693 
849,3,2.2464 
849,4,-0.1106 
850,0,5.7707 
850,1,5.4074 
850,2,2.2298 
850,3,-0.1765 
850,4,1.9446 
851,0,7.193 
851,1,5.6785 
851,2,2.7843 
851,3,2.2468 
851,4,3.6774 
852,0,7.2816 
852,1,6.5994 
852,2,1.2661 
852,3,2.266 
852,4,1.8975 
853,0,7.3376 
853,1,5.777 
853,2,1.2267 
853,3,1.9443 
853,4,2.5662 
854,0,7.878 
854,1,5.7027 
854,2,1.2346 
854,3,2.1248 
854,4,1.8879 
855,0,5.6999 
855,1,5.3239 
855,2,0.6735 
855,3,1.4393 
855,4,2.1592 
856,0,8.1174 
856,1,3.6932 
856,2,1.6723 
856,3,2.8239 
856,4,1.3118 
857,0,8.3333 
857,1,6.0581 
857,2,1.0442 
857,3,1.8961 
857,4,3.4646 
858,0,8.7334 
858,1,7.7351 
858,2,2.4877 
858,3,1.641 
858,4,1.5787 
859,0,7.9528 
859,1,6.0012 
859,2,1.8114 
859,3,1.9458 
859,4,1.5472 
860,0,7.5165 
860,1,6.0253 
860,2,2.7075 
860,3,0.3473 
860,4,2.5943 
861,0,7.4148 
861,1,6.0218 
861,2,1.8637 
861,3,2.0183 
861,4,0.1505 
862,0,8.1084 
862,1,6.2063 
862,2,2.4887 
862,3,2.6402 
862,4,2.5146 
863,0,9.0447 
863,1,4.3188 
863,2,1.5302 
863,3,2.0145 
863,4,0.5935 
864,0,8.1602 
864,1,4.7471 
864,2,1.2543 
864,3,3.6276 
864,4,0.105 
865,0,8.2493 
865,1,6.755 
865,2,2.0595 
865,3,0.5803 
865,4,1.0328 
866,0,8.0583 
866,1,4.4608 
866,2,3.8876 
866,3,1.0831 
866,4,2.7419 
867,0,8.0622 
867,1,7.8876 
867,2,3.015 
867,3,2.7788 
867,4,1.9075 
868,0,7.4232 
868,1,6.2232 
868,2,2.7169 
868,3,3.3576 
868,4,1.3002 
869,0,8.9358 
869,1,5.2471 
869,2,2.7861 
869,3,2.4319 
869,4,0.9907 
870,0,7.8219 
870,1,6.18 
870,2,3.0431 
870,3,0.8158 
870,4,2.951 
871,0,6.8806 
871,1,6.1694 
871,2,3.8433 
871,3,2.0947 
871,4,3.2854 
872,0,7.5972 
872,1,3.3995 
872,2,0.0025 
872,3,3.8101 
872,4,0.2337 
873,0,9.286 
873,1,6.6227 
873,2,0.7969 
873,3,2.6606 
873,4,2.4141 
874,0,7.5969 
874,1,5.3667 
874,2,2.2883 
874,3,3.3803 
874,4,0.8464 
875,0,6.9556 
875,1,6.6493 
875,2,0.6115 
875,3,2.0152 
875,4,4.0871 
876,0,8.5381 
876,1,6.3578 
876,2,3.1376 
876,3,2.6847 
876,4,1.9491 
877,0,7.7508 
877,1,4.9568 
877,2,2.1412 
877,3,2.2778 
877,4,3.3819 
878,0,9.602 
878,1,5.7995 
878,2,1.5263 
878,3,1.1349 
878,4,5.0549 
879,0,7.1533 
879,1,7.1269 
879,2,0.35 
879,3,2.029 
879,4,1.0631 
880,0,7.3872 
880,1,6.9972 
880,2,0.8652 
880,3,2.9715 
880,4,1.7974 
881,0,7.2057 
881,1,7.5204 
881,2,2.3134 
881,3,1.3064 
881,4,3.2182 
882,0,7.6895 
882,1,6.777 
882,2,2.0217 
882,3,0.7096 
882,4,2.7524 
883,0,7.6991 
883,1,5.2132 
883,2,1.5692 
883,3,1.5687 
883,4,2.262 
884,0,8.4227 
884,1,5.4575 
884,2,1.6096 
884,3,1.8825 
884,4,2.0535 
885,0,6.441 
885,1,4.0468 
885,2,3.5523 
885,3,3.4189 
885,4,2.1067 
886,0,6.6167 
886,1,6.4743 
886,2,1.4538 
886,3,0.8154 
886,4,1.7684 
887,0,8.948 
887,1,3.7118 
887,2,1.5286 
887,3,1.2048 
887,4,-1.184 
888,0,8.5829 
888,1,7.5343 
888,2,2.8051 
888,3,2.2232 
888,4,1.9215 
889,0,8.1614 
889,1,6.3768 
889,2,2.5651 
889,3,1.8968 
889,4,1.4467 
890,0,8.0663 
890,1,5.6557 
890,2,1.3214 
890,3,0.9023 
890,4,1.3095 
891,0,7.7603 
891,1,7.1521 
891,2,1.6935 
891,3,1.3022 
891,4,2.8867 
892,0,7.6358 
892,1,6.2839 
892,2,1.3901 
892,3,2.4003 
892,4,2.1973 
893,0,9.0185 
893,1,7.2991 
893,2,2.3853 
893,3,-0.2844 
893,4,1.3442 
894,0,8.0554 
894,1,6.7005 
894,2,1.6966 
894,3,2.8974 
894,4,3.2059 
895,0,6.831 
895,1,5.712 
895,2,3.2092 
895,3,3.0935 
895,4,-0.5874 
896,0,7.3567 
896,1,5.5415 
896,2,1.0707 
896,3,2.9201 
896,4,3.1723 
897,0,8.7384 
897,1,6.6417 
897,2,1.4952 
897,3,1.1689 
897,4,3.9682 
898,0,10.0001 
898,1,5.2352 
898,2,2.0306 
898,3,2.8515 
898,4,0.8849 
899,0,6.7322 
899,1,4.8733 
899,2,0.75 
899,3,1.4188 
899,4,2.1966 
900,0,7.4096 
900,1,5.5491 
900,2,2.7194 
900,3,0.6992 
900,4,2.5809 
901,0,8.9462 
901,1,5.6005 
901,2,3.367 
901,3,1.4211 
901,4,0.9101 
902,0,7.3194 
902,1,5.1913 
902,2,1.96 
902,3,-0.8813 
902,4,3.675 
903,0,8.9216 
903,1,7.3767 
903,2,0.9254 
903,3,1.8084 
903,4,1.0555 
904,0,7.1025 
904,1,7.2176 
904,2,1.7949 
904,3,2.5836 
904,4,3.2958 
905,0,7.4157 
905,1,6.6446 
905,2,2.6688 
905,3,1.357 
905,4,3.0757 
906,0,7.1473 
906,1,6.4964 
906,2,2.3991 
906,3,2.0981 
906,4,1.7 
907,0,7.1323 
907,1,5.9308 
907,2,-0.2964 
907,3,1.954 
907,4,0.6291 
908,0,8.7637 
908,1,5.7237 
908,2,2.7345 
908,3,1.1582 
908,4,0.701 
909,0,8.1351 
909,1,6.9935 
909,2,2.6524 
909,3,1.0364 
909,4,2.6833 
910,0,9.6656 
910,1,7.4958 
910,2,3.6473 
910,3,1.1056 
910,4,2.4899 
911,0,6.4111 
911,1,5.7292 
911,2,2.3676 
911,3,2.0406 
911,4,1.9562 
912,0,6.9317 
912,1,5.0463 
912,2,2.1199 
912,3,2.1407 
912,4,3.2511 
913,0,9.9221 
913,1,6.3411 
913,2,2.4974 
913,3,2.6714 
913,4,1.9711 
914,0,8.681 
914,1,3.9895 
914,2,2.1775 
914,3,1.479 
914,4,0.1621 
915,0,9.1233 
915,1,4.5519 
915,2,1.9034 
915,3,1.5009 
915,4,1.6362 
916,0,6.9146 
916,1,5.234 
916,2,2.7073 
916,3,1.1431 
916,4,1.2546 
917,0,7.4641 
917,1,4.7736 
917,2,2.3341 
917,3,2.5254 
917,4,3.0878 
918,0,7.1214 
918,1,5.6639 
918,2,2.3802 
918,3,0.0142 
918,4,3.8845 
919,0,6.9243 
919,1,5.8884 
919,2,1.7452 
919,3,2.5347 
919,4,1.6316 
920,0,9.4339 
920,1,6.7212 
920,2,2.7037 
920,3,1.2536 
920,4,2.5535 
921,0,7.5687 
921,1,5.8585 
921,2,2.5697 
921,3,2.6521 
921,4,1.2747 
922,0,9.178 
922,1,5.1439 
922,2,3.473 
922,3,1.5817 
922,4,3.3806 
923,0,9.2271 
923,1,6.4598 
923,2,1.352 
923,3,1.2712 
923,4,1.3069 
924,0,9.528 
924,1,5.7597 
924,2,1.8495 
924,3,0.7644 
924,4,2.1913 
925,0,8.0792 
925,1,6.269 
925,2,0.5907 
925,3,2.0926 
925,4,0.3992 
926,0,8.5493 
926,1,5.0398 
926,2,3.9773 
926,3,3.6635 
926,4,2.5168 
927,0,6.3527 
927,1,5.8057 
927,2,2.007 
927,3,3.6361 
927,4,2.6874 
928,0,8.3545 
928,1,6.4138 
928,2,1.2544 
928,3,1.9667 
928,4,0.5657 
929,0,8.5146 
929,1,4.6683 
929,2,3.2165 
929,3,2.7741 
929,4,2.1481 
930,0,7.9419 
930,1,7.219 
930,2,2.0434 
930,3,2.4413 
930,4,2.1629 
931,0,8.1499 
931,1,6.0858 
931,2,1.0896 
931,3,0.9033 
931,4,2.6913 
932,0,9.4222 
932,1,6.5414 
932,2,2.9383 
932,3,1.995 
932,4,0.1597 
933,0,8.6037 
933,1,5.494 
933,2,2.0438 
933,3,3.4233 
933,4,1.3606 
934,0,8.2538 
934,1,8.1582 
934,2,1.5143 
934,3,1.8583 
934,4,0.3726 
935,0,6.9468 
935,1,6.5173 
935,2,2.4328 
935,3,2.5552 
935,4,2.7447 
936,0,6.9826 
936,1,4.8547 
936,2,2.2162 
936,3,0.507 
936,4,0.7434 
937,0,8.2551 
937,1,5.872 
937,2,2.0619 
937,3,1.5661 
937,4,2.3595 
938,0,9.2377 
938,1,6.1001 
938,2,1.368 
938,3,-0.9217 
938,4,3.0847 
939,0,7.4823 
939,1,5.8872 
939,2,3.2644 
939,3,2.3998 
939,4,2.2085 
940,0,8.3133 
940,1,6.0791 
940,2,0.3099 
940,3,2.9387 
940,4,1.9518 
941,0,8.5658 
941,1,7.9098 
941,2,2.1341 
941,3,2.8057 
941,4,3.6118 
942,0,7.4893 
942,1,5.3588 
942,2,2.9453 
942,3,2.0063 
942,4,1.2086 
943,0,9.6777 
943,1,5.3946 
943,2,2.5725 
943,3,1.1557 
943,4,0.5801 
944,0,8.2175 
944,1,6.5946 
944,2,2.0178 
944,3,2.1 
944,4,2.8512 
945,0,9.2344 
945,1,4.3942 
945,2,1.616 
945,3,2.1433 
945,4,2.4626 
946,0,8.7474 
946,1,6.3174 
946,2,2.0715 
946,3,0.6513 
946,4,2.8976 
947,0,7.5906 
947,1,6.0744 
947,2,1.1119 
947,3,2.707 
947,4,2.5743 
948,0,8.3375 
948,1,5.747 
948,2,1.8503 
948,3,3.65 
948,4,3.241 
949,0,6.7976 
949,1,7.3473 
949,2,1.3896 
949,3,2.6508 
949,4,0.3415 
950,0,8.6517 
950,1,6.5625 
950,2,1.0429 
950,3,3.7639 
950,4,2.2012 
951,0,7.3827 
951,1,7.0787 
951,2,1.0976 
951,3,2.098 
951,4,3.0601 
952,0,6.5312 
952,1,5.4546 
952,2,1.9624 
952,3,1.3029 
952,4,1.1773 
953,0,7.8726 
953,1,6.8236 
953,2,2.5437 
953,3,0.7991 
953,4,1.4518 
954,0,7.3667 
954,1,4.3844 
954,2,3.1167 
954,3,1.0789 
954,4,2.0378 
955,0,6.665 
955,1,5.5521 
955,2,1.9526 
955,3,1.2326 
955,4,1.0965 
956,0,7.8481 
956,1,7.3924 
956,2,2.5883 
956,3,3.3984 
956,4,2.6074 
957,0,7.9727 
957,1,5.6662 
957,2,2.3019 
957,3,5.0332 
957,4,0.2091 
958,0,7.9764 
958,1,5.0568 
958,2,2.4001 
958,3,1.9155 
958,4,2.5809 
959,0,8.1047 
959,1,5.4278 
959,2,0.6929 
959,3,1.1195 
959,4,3.3533 
960,0,7.1998 
960,1,6.23 
960,2,3.3813 
960,3,1.1247 
960,4,2.3074 
961,0,7.9326 
961,1,5.1919 
961,2,1.4483 
961,3,3.8725 
961,4,1.2662 
962,0,5.7372 
962,1,6.2935 
962,2,2.1794 
962,3,0.5452 
962,4,3.3437 
963,0,9.8943 
963,1,6.1394 
963,2,2.0112 
963,3,1.6829 
963,4,1.7427 
964,0,8.1051 
964,1,6.679 
964,2,0.7635 
964,3,1.3214 
964,4,2.0079 
965,0,6.7752 
965,1,7.5487 
965,2,1.7098 
965,3,1.0656 
965,4,3.8318 
966,0,7.7804 
966,1,5.7928 
966,2,3.3281 
966,3,1.1801 
966,4,0.6667 
967,0,6.4089 
967,1,5.888 
967,2,1.0999 
967,3,0.8024 
967,4,3.3628 
968,0,8.194 
968,1,6.87 
968,2,1.6169 
968,3,2.3194 
968,4,2.8383 
969,0,6.3522 
969,1,5.7054 
969,2,1.8816 
969,3,4.5025 
969,4,3.414 
970,0,7.278 
970,1,7.0125 
970,2,1.7345 
970,3,3.3484 
970,4,2.1841 
971,0,7.6639 
971,1,4.5022 
971,2,1.3182 
971,3,1.2219 
971,4,1.0876 
972,0,10.3644 
972,1,4.9228 
972,2,1.3338 
972,3,0.5159 
972,4,2.6135 
973,0,9.2878 
973,1,6.3745 
973,2,2.6283 
973,3,2.4067 
973,4,2.299 
974,0,8.3622 
974,1,6.0357 
974,2,2.3922 
974,3,2.1989 
974,4,1.0357 
975,0,7.4634 
975,1,6.7056 
975,2,1.9158 
975,3,3.1317 
975,4,0.4713 
976,0,7.5362 
976,1,4.5102 
976,2,1.0763 
976,3,2.4106 
976,4,1.747 
977,0,8.0267 
977,1,6.2061 
977,2,2.5324 
977,3,1.9057 
977,4,0.9968 
978,0,7.8124 
978,1,6.0337 
978,2,1.5062 
978,3,2.8207 
978,4,2.1888 
979,0,7.8877 
979,1,5.9323 
979,2,2.0471 
979,3,0.9873 
979,4,1.183 
980,0,7.1651 
980,1,5.554 
980,2,2.2447 
980,3,0.2726 
980,4,1.7525 
981,0,6.1155 
981,1,5.8947 
981,2,0.303 
981,3,3.672 
981,4,1.8451 
982,0,7.8389 
982,1,6.4472 
982,2,2.6816 
982,3,2.099 
982,4,2.6639 
983,0,8.1109 
983,1,5.5499 
983,2,1.868 
983,3,2.0466 
983,4,1.7056 
984,0,5.4014 
984,1,6.2243 
984,2,2.5647 
984,3,1.5664 
984,4,2.1069 
985,0,7.2773 
985,1,5.7101 
985,2,1.3772 
985,3,1.288 
985,4,3.7049 
986,0,7.3284 
986,1,6.2352 
986,2,0.4074 
986,3,1.0324 
986,4,1.4022 
987,0,9.2383 
987,1,6.6667 
987,2,2.5343 
987,3,3.3242 
987,4,1.4759 
988,0,7.3679 
988,1,6.4954 
988,2,0.8923 
988,3,5.4386 
988,4,2.2991 
989,0,8.5133 
989,1,6.4689 
989,2,1.9482 
989,3,2.7761 
989,4,0.9598 
990,0,7.7317 
990,1,6.4848 
990,2,2.69 
990,3,0.6768 
990,4,1.8547 
991,0,9.1185 
991,1,6.3655 
991,2,2.3515 
991,3,2.7585 
991,4,3.9581 
992,0,8.8836 
992,1,6.6274 
992,2,2.577 
992,3,3.6856 
992,4,4.2362 
993,0,8.1534 
993,1,6.6176 
993,2,1.0195 
993,3,2.1415 
993,4,1.8454 
994,0,7.4107 
994,1,5.6401 
994,2,1.5712 
994,3,1.3185 
994,4,1.9619 
995,0,7.8977 
995,1,4.8424 
995,2,2.5139 
995,3,1.4517 
995,4,1.7341 
996,0,7.5453 
996,1,5.1561 
996,2,-0.7367 
996,3,2.752 
996,4,2.4769 
997,0,8.0398 
997,1,6.0662 
997,2,3.5071 
997,3,2.5495 
997,4,2.3196 
998,0,7.5501 
998,1,5.8642 
998,2,1.1853 
998,3,2.3909 
998,4,1.1684 
999,0,8.7993 
999,1,5.4298 
999,2,2.9767 
999,3,1.2217 
999,4,2.5359 
